user_id,birthday,registered_date,,,,,,,,,,,,,,,,,,
9,25/07/1998,2024-05-29 14:04:07,,,,,,,,,,,,,,,,,,
10,18/06/1986,2024-05-30 06:38:26,,,,,,,,,,,,,,,,,,
11,08/03/1994,2024-05-30 07:23:38,,,,,,,,,,,,,,,,,,
12,01/01/1990,2024-05-30 07:40:32,,,,,,,,,,,,,,,,,,
15,05/06/2001,2024-05-30 08:23:24,,,,,,,,,,,,,,,,,,
17,06/07/1977,2024-05-30 08:37:59,,,,,,,,,,,,,,,,,,
18,17/04/2001,2024-05-30 08:48:30,,,,,,,,,,,,,,,,,,
19,16/07/1986,2024-05-30 09:52:05,,,,,,,,,,,,,,,,,,
20,14/08/1996,2024-05-30 09:58:27,,,,,,,,,,,,,,,,,,
22,21/10/1988,2024-05-30 10:28:31,,,,,,,,,,,,,,,,,,
23,21/10/1974,2024-05-30 10:41:56,,,,,,,,,,,,,,,,,,
24,06/06/1978,2024-05-30 10:46:26,,,,,,,,,,,,,,,,,,
25,14/10/1997,2024-05-30 10:52:28,,,,,,,,,,,,,,,,,,
26,22/05/1986,2024-05-30 11:13:11,,,,,,,,,,,,,,,,,,
27,08/04/1997,2024-05-30 11:13:20,,,,,,,,,,,,,,,,,,
28,24/08/2000,2024-05-30 11:15:39,,,,,,,,,,,,,,,,,,
29,16/04/1991,2024-05-30 11:37:12,,,,,,,,,,,,,,,,,,
30,24/04/1965,2024-05-30 11:38:07,,,,,,,,,,,,,,,,,,
31,17/01/2024,2024-05-30 11:39:21,,,,,,,,,,,,,,,,,,
33,23/07/1998,2024-05-30 11:46:25,,,,,,,,,,,,,,,,,,
34,21/03/1989,2024-05-30 11:54:35,,,,,,,,,,,,,,,,,,
35,25/01/1997,2024-05-30 11:54:51,,,,,,,,,,,,,,,,,,
36,15/09/1990,2024-05-30 11:54:51,,,,,,,,,,,,,,,,,,
37,17/09/2001,2024-05-30 11:55:12,,,,,,,,,,,,,,,,,,
38,26/08/2001,2024-05-30 11:57:01,,,,,,,,,,,,,,,,,,
39,15/02/1988,2024-05-30 11:58:18,,,,,,,,,,,,,,,,,,
40,22/11/2002,2024-05-30 11:58:57,,,,,,,,,,,,,,,,,,
41,16/06/1996,2024-05-30 12:07:56,,,,,,,,,,,,,,,,,,
43,26/01/2000,2024-05-30 12:08:20,,,,,,,,,,,,,,,,,,
44,18/02/2004,2024-05-30 12:08:28,,,,,,,,,,,,,,,,,,
45,15/08/1993,2024-05-30 12:09:29,,,,,,,,,,,,,,,,,,
46,13/06/2003,2024-05-30 12:12:35,,,,,,,,,,,,,,,,,,
49,30/06/1987,2024-05-30 12:21:30,,,,,,,,,,,,,,,,,,
50,08/11/2003,2024-05-30 12:21:43,,,,,,,,,,,,,,,,,,
51,03/05/2005,2024-05-30 12:23:11,,,,,,,,,,,,,,,,,,
52,09/09/1971,2024-05-30 12:23:47,,,,,,,,,,,,,,,,,,
53,10/05/2005,2024-05-30 12:29:51,,,,,,,,,,,,,,,,,,
54,30/01/1992,2024-05-30 12:33:11,,,,,,,,,,,,,,,,,,
55,10/12/2004,2024-05-30 12:35:49,,,,,,,,,,,,,,,,,,
56,09/08/1992,2024-05-30 12:39:00,,,,,,,,,,,,,,,,,,
57,19/10/2005,2024-05-30 12:39:00,,,,,,,,,,,,,,,,,,
58,14/08/2005,2024-05-30 12:39:42,,,,,,,,,,,,,,,,,,
59,15/05/1995,2024-05-30 12:43:12,,,,,,,,,,,,,,,,,,
60,14/08/2005,2024-05-30 12:45:14,,,,,,,,,,,,,,,,,,
61,07/04/1986,2024-05-30 12:45:59,,,,,,,,,,,,,,,,,,
62,29/10/1984,2024-05-30 12:46:06,,,,,,,,,,,,,,,,,,
63,27/12/2005,2024-05-30 12:51:11,,,,,,,,,,,,,,,,,,
67,28/08/2004,2024-05-30 12:53:26,,,,,,,,,,,,,,,,,,
68,09/02/1976,2024-05-30 12:54:38,,,,,,,,,,,,,,,,,,
69,13/03/1984,2024-05-30 12:54:50,,,,,,,,,,,,,,,,,,
70,06/11/1994,2024-05-30 12:58:21,,,,,,,,,,,,,,,,,,
71,07/10/1999,2024-05-30 12:58:48,,,,,,,,,,,,,,,,,,
72,09/02/1999,2024-05-30 13:02:05,,,,,,,,,,,,,,,,,,
73,25/01/1999,2024-05-30 13:02:07,,,,,,,,,,,,,,,,,,
75,23/05/1999,2024-05-30 13:08:42,,,,,,,,,,,,,,,,,,
76,23/01/1998,2024-05-30 13:09:48,,,,,,,,,,,,,,,,,,
77,16/03/1995,2024-05-30 13:18:39,,,,,,,,,,,,,,,,,,
78,15/03/1991,2024-05-30 13:18:39,,,,,,,,,,,,,,,,,,
79,13/01/2000,2024-05-30 13:19:40,,,,,,,,,,,,,,,,,,
80,06/11/1993,2024-05-30 13:19:49,,,,,,,,,,,,,,,,,,
81,17/10/1975,2024-05-30 13:20:17,,,,,,,,,,,,,,,,,,
82,02/12/1992,2024-05-30 13:20:34,,,,,,,,,,,,,,,,,,
83,01/10/1997,2024-05-30 13:26:24,,,,,,,,,,,,,,,,,,
84,13/04/1985,2024-05-30 13:29:12,,,,,,,,,,,,,,,,,,
85,10/07/1989,2024-05-30 13:32:16,,,,,,,,,,,,,,,,,,
86,21/03/1993,2024-05-30 13:33:21,,,,,,,,,,,,,,,,,,
87,28/04/1999,2024-05-30 13:33:35,,,,,,,,,,,,,,,,,,
88,13/09/1995,2024-05-30 13:34:16,,,,,,,,,,,,,,,,,,
89,27/07/1982,2024-05-30 13:38:44,,,,,,,,,,,,,,,,,,
90,01/02/1990,2024-05-30 13:39:35,,,,,,,,,,,,,,,,,,
91,18/01/2000,2024-05-30 13:40:06,,,,,,,,,,,,,,,,,,
92,21/05/1995,2024-05-30 13:40:30,,,,,,,,,,,,,,,,,,
93,01/06/1998,2024-05-30 13:41:29,,,,,,,,,,,,,,,,,,
94,25/04/2001,2024-05-30 13:43:34,,,,,,,,,,,,,,,,,,
95,26/07/1998,2024-05-30 13:44:06,,,,,,,,,,,,,,,,,,
96,05/07/1990,2024-05-30 13:44:16,,,,,,,,,,,,,,,,,,
97,13/02/1996,2024-05-30 13:45:20,,,,,,,,,,,,,,,,,,
98,21/03/1993,2024-05-30 13:47:25,,,,,,,,,,,,,,,,,,
99,02/10/1992,2024-05-30 13:47:35,,,,,,,,,,,,,,,,,,
100,22/10/1998,2024-05-30 13:48:31,,,,,,,,,,,,,,,,,,
102,23/01/1998,2024-05-30 13:48:53,,,,,,,,,,,,,,,,,,
104,19/04/1974,2024-05-30 13:50:47,,,,,,,,,,,,,,,,,,
105,04/01/1997,2024-05-30 13:50:57,,,,,,,,,,,,,,,,,,
106,26/07/1990,2024-05-30 13:52:39,,,,,,,,,,,,,,,,,,
107,22/10/1984,2024-05-30 13:53:25,,,,,,,,,,,,,,,,,,
108,30/09/1990,2024-05-30 13:56:18,,,,,,,,,,,,,,,,,,
110,24/05/1982,2024-05-30 13:56:55,,,,,,,,,,,,,,,,,,
111,29/09/1995,2024-05-30 13:58:32,,,,,,,,,,,,,,,,,,
112,15/12/1995,2024-05-30 13:59:08,,,,,,,,,,,,,,,,,,
115,24/12/1991,2024-05-30 14:01:24,,,,,,,,,,,,,,,,,,
116,21/05/1995,2024-05-30 14:01:55,,,,,,,,,,,,,,,,,,
117,15/11/1993,2024-05-30 14:01:56,,,,,,,,,,,,,,,,,,
118,26/06/2002,2024-05-30 14:02:37,,,,,,,,,,,,,,,,,,
119,09/01/1996,2024-05-30 14:05:12,,,,,,,,,,,,,,,,,,
120,01/09/1987,2024-05-30 14:11:00,,,,,,,,,,,,,,,,,,
122,21/05/1995,2024-05-30 14:15:03,,,,,,,,,,,,,,,,,,
123,24/01/2000,2024-05-30 14:23:24,,,,,,,,,,,,,,,,,,
124,16/06/2019,2024-05-30 14:23:36,,,,,,,,,,,,,,,,,,
126,30/07/1993,2024-05-30 14:24:45,,,,,,,,,,,,,,,,,,
135,16/08/2001,2024-05-30 16:15:22,,,,,,,,,,,,,,,,,,
136,14/04/1995,2024-05-30 16:26:05,,,,,,,,,,,,,,,,,,
138,06/06/1966,2024-05-30 16:35:17,,,,,,,,,,,,,,,,,,
139,24/10/1988,2024-05-30 16:35:46,,,,,,,,,,,,,,,,,,
141,02/11/1989,2024-05-30 17:02:55,,,,,,,,,,,,,,,,,,
142,03/10/1996,2024-05-30 17:17:21,,,,,,,,,,,,,,,,,,
143,06/08/2000,2024-05-30 17:18:02,,,,,,,,,,,,,,,,,,
145,11/09/2001,2024-05-30 17:24:16,,,,,,,,,,,,,,,,,,
146,01/06/1998,2024-05-30 17:24:16,,,,,,,,,,,,,,,,,,
148,15/07/1987,2024-05-30 17:24:19,,,,,,,,,,,,,,,,,,
149,30/11/1994,2024-05-30 17:24:26,,,,,,,,,,,,,,,,,,
150,28/03/2000,2024-05-30 17:24:52,,,,,,,,,,,,,,,,,,
151,02/12/1999,2024-05-30 17:26:43,,,,,,,,,,,,,,,,,,
152,13/02/1996,2024-05-30 17:27:26,,,,,,,,,,,,,,,,,,
153,02/07/1977,2024-05-30 17:29:02,,,,,,,,,,,,,,,,,,
154,18/01/2000,2024-05-30 17:31:09,,,,,,,,,,,,,,,,,,
155,20/10/1967,2024-05-30 17:31:43,,,,,,,,,,,,,,,,,,
156,03/10/2000,2024-05-30 17:33:06,,,,,,,,,,,,,,,,,,
157,11/07/1986,2024-05-30 17:33:42,,,,,,,,,,,,,,,,,,
158,01/05/1995,2024-05-30 17:36:19,,,,,,,,,,,,,,,,,,
159,30/11/1988,2024-05-30 17:39:14,,,,,,,,,,,,,,,,,,
160,08/07/1983,2024-05-30 17:40:34,,,,,,,,,,,,,,,,,,
161,27/05/1994,2024-05-30 17:41:01,,,,,,,,,,,,,,,,,,
162,10/06/1008,2024-05-30 17:41:49,,,,,,,,,,,,,,,,,,
163,24/08/1996,2024-05-30 17:50:51,,,,,,,,,,,,,,,,,,
164,04/04/1992,2024-05-30 17:52:13,,,,,,,,,,,,,,,,,,
165,07/07/1996,2024-05-30 17:53:37,,,,,,,,,,,,,,,,,,
166,09/12/1986,2024-05-30 17:55:02,,,,,,,,,,,,,,,,,,
167,23/12/1992,2024-05-30 17:57:20,,,,,,,,,,,,,,,,,,
168,25/05/1977,2024-05-30 17:59:16,,,,,,,,,,,,,,,,,,
169,01/10/1992,2024-05-30 18:00:04,,,,,,,,,,,,,,,,,,
170,30/01/1997,2024-05-30 18:01:14,,,,,,,,,,,,,,,,,,
171,24/01/1997,2024-05-30 18:03:21,,,,,,,,,,,,,,,,,,
173,03/12/2000,2024-05-30 18:05:13,,,,,,,,,,,,,,,,,,
174,31/12/1995,2024-05-30 18:18:42,,,,,,,,,,,,,,,,,,
175,12/09/2001,2024-05-30 18:19:54,,,,,,,,,,,,,,,,,,
176,08/02/2001,2024-05-30 18:20:19,,,,,,,,,,,,,,,,,,
177,06/01/2000,2024-05-30 18:20:33,,,,,,,,,,,,,,,,,,
179,25/12/1997,2024-05-30 18:23:06,,,,,,,,,,,,,,,,,,
180,11/11/1995,2024-05-30 18:25:55,,,,,,,,,,,,,,,,,,
182,20/05/1987,2024-05-30 18:27:06,,,,,,,,,,,,,,,,,,
183,05/06/1986,2024-05-30 18:27:13,,,,,,,,,,,,,,,,,,
184,05/04/1967,2024-05-30 18:27:24,,,,,,,,,,,,,,,,,,
185,22/05/1993,2024-05-30 18:27:54,,,,,,,,,,,,,,,,,,
187,07/12/2003,2024-05-30 18:30:02,,,,,,,,,,,,,,,,,,
188,17/03/2009,2024-05-30 18:30:44,,,,,,,,,,,,,,,,,,
189,13/05/2004,2024-05-30 18:31:01,,,,,,,,,,,,,,,,,,
190,29/11/2001,2024-05-30 18:31:03,,,,,,,,,,,,,,,,,,
191,06/05/1986,2024-05-30 18:31:43,,,,,,,,,,,,,,,,,,
192,27/09/1988,2024-05-30 18:32:22,,,,,,,,,,,,,,,,,,
193,22/07/2004,2024-05-30 18:32:27,,,,,,,,,,,,,,,,,,
194,06/09/2004,2024-05-30 18:32:35,,,,,,,,,,,,,,,,,,
196,19/03/2000,2024-05-30 18:33:49,,,,,,,,,,,,,,,,,,
199,10/04/1981,2024-05-30 18:37:05,,,,,,,,,,,,,,,,,,
200,14/12/1993,2024-05-30 18:37:12,,,,,,,,,,,,,,,,,,
201,06/09/2004,2024-05-30 18:38:40,,,,,,,,,,,,,,,,,,
202,05/09/1994,2024-05-30 18:39:45,,,,,,,,,,,,,,,,,,
203,25/10/1993,2024-05-30 18:40:13,,,,,,,,,,,,,,,,,,
204,03/10/1990,2024-05-30 18:40:22,,,,,,,,,,,,,,,,,,
205,28/11/2004,2024-05-30 18:41:57,,,,,,,,,,,,,,,,,,
206,04/09/1996,2024-05-30 18:42:39,,,,,,,,,,,,,,,,,,
208,06/09/2004,2024-05-30 18:43:22,,,,,,,,,,,,,,,,,,
209,01/12/2001,2024-05-30 18:43:35,,,,,,,,,,,,,,,,,,
210,26/05/2004,2024-05-30 18:43:58,,,,,,,,,,,,,,,,,,
212,05/08/2004,2024-05-30 18:44:58,,,,,,,,,,,,,,,,,,
213,18/11/1984,2024-05-30 18:45:15,,,,,,,,,,,,,,,,,,
215,11/06/2002,2024-05-30 18:46:02,,,,,,,,,,,,,,,,,,
216,04/09/1996,2024-05-30 18:46:53,,,,,,,,,,,,,,,,,,
217,20/11/1999,2024-05-30 18:47:03,,,,,,,,,,,,,,,,,,
218,22/01/1997,2024-05-30 18:47:12,,,,,,,,,,,,,,,,,,
220,05/12/2002,2024-05-30 18:47:39,,,,,,,,,,,,,,,,,,
221,23/07/2005,2024-05-30 18:47:48,,,,,,,,,,,,,,,,,,
222,27/08/2005,2024-05-30 18:48:18,,,,,,,,,,,,,,,,,,
223,10/09/2001,2024-05-30 18:48:18,,,,,,,,,,,,,,,,,,
225,20/12/2000,2024-05-30 18:49:21,,,,,,,,,,,,,,,,,,
226,06/04/2003,2024-05-30 18:50:39,,,,,,,,,,,,,,,,,,
227,07/07/1998,2024-05-30 18:51:00,,,,,,,,,,,,,,,,,,
228,01/10/1998,2024-05-30 18:51:01,,,,,,,,,,,,,,,,,,
229,29/04/1996,2024-05-30 18:51:07,,,,,,,,,,,,,,,,,,
230,22/05/2005,2024-05-30 18:51:08,,,,,,,,,,,,,,,,,,
232,05/09/1994,2024-05-30 18:51:28,,,,,,,,,,,,,,,,,,
233,08/04/2002,2024-05-30 18:51:37,,,,,,,,,,,,,,,,,,
234,10/09/2001,2024-05-30 18:51:47,,,,,,,,,,,,,,,,,,
235,04/02/1999,2024-05-30 18:52:14,,,,,,,,,,,,,,,,,,
237,29/01/2005,2024-05-30 18:52:19,,,,,,,,,,,,,,,,,,
238,01/01/2000,2024-05-30 18:52:30,,,,,,,,,,,,,,,,,,
239,07/08/1993,2024-05-30 18:53:01,,,,,,,,,,,,,,,,,,
240,11/09/1981,2024-05-30 18:53:13,,,,,,,,,,,,,,,,,,
241,01/12/1981,2024-05-30 18:53:21,,,,,,,,,,,,,,,,,,
242,14/05/1995,2024-05-30 18:53:43,,,,,,,,,,,,,,,,,,
245,14/06/1990,2024-05-30 18:54:24,,,,,,,,,,,,,,,,,,
246,24/03/2007,2024-05-30 18:54:37,,,,,,,,,,,,,,,,,,
247,06/12/1993,2024-05-30 18:54:56,,,,,,,,,,,,,,,,,,
248,03/05/2005,2024-05-30 18:55:18,,,,,,,,,,,,,,,,,,
249,19/04/2000,2024-05-30 18:55:25,,,,,,,,,,,,,,,,,,
250,08/04/2002,2024-05-30 18:55:32,,,,,,,,,,,,,,,,,,
251,28/12/1995,2024-05-30 18:55:54,,,,,,,,,,,,,,,,,,
252,09/07/2003,2024-05-30 18:56:23,,,,,,,,,,,,,,,,,,
254,19/01/1985,2024-05-30 18:57:16,,,,,,,,,,,,,,,,,,
255,26/11/1984,2024-05-30 18:57:20,,,,,,,,,,,,,,,,,,
257,02/02/1997,2024-05-30 18:57:25,,,,,,,,,,,,,,,,,,
259,29/06/1996,2024-05-30 18:58:22,,,,,,,,,,,,,,,,,,
279,01/01/1978,2024-11-04 23:02:12,,,,,,,,,,,,,,,,,,
283,13/01/1992,2024-06-18 19:23:20,,,,,,,,,,,,,,,,,,
285,20/01/1977,2024-06-19 11:14:52,,,,,,,,,,,,,,,,,,
288,14/09/1981,2024-06-19 12:23:06,,,,,,,,,,,,,,,,,,
291,22/03/1998,2024-06-19 12:23:17,,,,,,,,,,,,,,,,,,
292,03/03/1987,2024-06-19 12:31:34,,,,,,,,,,,,,,,,,,
295,27/10/1984,2024-06-19 16:46:15,,,,,,,,,,,,,,,,,,
299,07/05/1988,2024-06-19 22:30:04,,,,,,,,,,,,,,,,,,
302,07/03/2000,2024-06-20 11:08:51,,,,,,,,,,,,,,,,,,
305,18/10/1992,2024-06-21 06:00:39,,,,,,,,,,,,,,,,,,
307,03/04/1994,2024-06-21 23:34:00,,,,,,,,,,,,,,,,,,
310,28/12/1983,2024-06-22 11:34:57,,,,,,,,,,,,,,,,,,
311,17/07/1989,2024-06-22 13:36:22,,,,,,,,,,,,,,,,,,
314,14/04/1998,2024-06-23 09:29:54,,,,,,,,,,,,,,,,,,
319,14/02/1987,2024-06-23 16:25:46,,,,,,,,,,,,,,,,,,
321,04/09/1988,2024-06-24 10:13:24,,,,,,,,,,,,,,,,,,
323,06/11/1995,2024-06-24 17:32:36,,,,,,,,,,,,,,,,,,
331,09/02/1995,2024-06-25 19:36:25,,,,,,,,,,,,,,,,,,
333,10/04/1992,2024-06-25 22:21:34,,,,,,,,,,,,,,,,,,
336,31/10/1997,2024-06-26 20:38:45,,,,,,,,,,,,,,,,,,
339,18/08/2001,2024-06-27 09:59:53,,,,,,,,,,,,,,,,,,
343,29/01/1992,2024-06-27 17:10:22,,,,,,,,,,,,,,,,,,
345,23/12/1989,2024-06-28 09:16:08,,,,,,,,,,,,,,,,,,
346,24/03/1988,2024-06-28 12:01:00,,,,,,,,,,,,,,,,,,
347,01/12/1989,2024-11-23 01:43:14,,,,,,,,,,,,,,,,,,
348,01/04/1987,2024-06-28 15:23:04,,,,,,,,,,,,,,,,,,
349,08/08/1990,2024-06-29 11:23:42,,,,,,,,,,,,,,,,,,
354,24/02/1995,2024-06-30 12:23:52,,,,,,,,,,,,,,,,,,
356,27/05/1980,2024-07-01 03:35:25,,,,,,,,,,,,,,,,,,
365,14/09/1998,2024-07-02 12:09:29,,,,,,,,,,,,,,,,,,
369,10/05/1974,2024-07-02 14:19:40,,,,,,,,,,,,,,,,,,
374,26/03/1997,2024-11-14 10:34:05,,,,,,,,,,,,,,,,,,
376,01/06/2000,2024-07-03 10:33:38,,,,,,,,,,,,,,,,,,
378,19/11/1999,2024-07-03 15:05:09,,,,,,,,,,,,,,,,,,
384,04/06/2004,2024-07-04 11:34:50,,,,,,,,,,,,,,,,,,
387,06/10/1995,2024-07-05 01:31:52,,,,,,,,,,,,,,,,,,
389,28/06/1970,2024-07-05 12:21:13,,,,,,,,,,,,,,,,,,
395,05/01/1995,2024-07-05 12:57:35,,,,,,,,,,,,,,,,,,
400,02/06/1987,2024-07-05 15:31:13,,,,,,,,,,,,,,,,,,
406,30/05/1984,2024-07-06 10:14:39,,,,,,,,,,,,,,,,,,
407,27/08/1996,2024-07-06 12:52:41,,,,,,,,,,,,,,,,,,
408,07/10/1994,2024-07-06 13:13:37,,,,,,,,,,,,,,,,,,
410,29/04/1990,2024-07-07 04:50:41,,,,,,,,,,,,,,,,,,
413,06/06/1978,2024-07-07 19:01:03,,,,,,,,,,,,,,,,,,
415,22/09/1986,2024-07-08 08:58:51,,,,,,,,,,,,,,,,,,
418,13/05/1977,2024-07-08 10:30:33,,,,,,,,,,,,,,,,,,
419,17/04/1996,2024-07-08 10:31:33,,,,,,,,,,,,,,,,,,
421,15/03/1996,2024-07-08 13:22:35,,,,,,,,,,,,,,,,,,
422,07/04/1981,2024-07-08 14:20:38,,,,,,,,,,,,,,,,,,
424,10/09/2001,2024-07-08 15:19:23,,,,,,,,,,,,,,,,,,
428,16/04/1994,2024-07-08 21:56:52,,,,,,,,,,,,,,,,,,
438,29/12/1984,2024-07-09 21:05:16,,,,,,,,,,,,,,,,,,
442,29/05/1994,2024-07-10 07:21:09,,,,,,,,,,,,,,,,,,
452,16/12/1982,2024-07-11 13:32:28,,,,,,,,,,,,,,,,,,
455,30/03/1996,2024-12-16 22:52:35,,,,,,,,,,,,,,,,,,
457,29/01/1991,2024-07-12 10:14:30,,,,,,,,,,,,,,,,,,
458,15/09/1981,2024-07-12 12:11:33,,,,,,,,,,,,,,,,,,
460,30/09/1992,2024-07-12 13:38:07,,,,,,,,,,,,,,,,,,
464,18/06/1986,2024-11-23 00:13:08,,,,,,,,,,,,,,,,,,
465,16/06/1994,2024-07-12 18:37:59,,,,,,,,,,,,,,,,,,
467,16/01/1996,2024-07-12 18:47:14,,,,,,,,,,,,,,,,,,
468,05/06/1984,2024-07-12 19:06:18,,,,,,,,,,,,,,,,,,
470,21/12/1973,2024-11-10 19:24:34,,,,,,,,,,,,,,,,,,
473,20/05/1998,2024-07-12 20:13:39,,,,,,,,,,,,,,,,,,
475,10/10/1987,2024-07-12 20:39:14,,,,,,,,,,,,,,,,,,
479,06/02/1990,2024-07-12 21:01:57,,,,,,,,,,,,,,,,,,
485,25/11/1993,2024-07-12 21:07:37,,,,,,,,,,,,,,,,,,
488,23/03/1964,2024-12-06 09:24:41,,,,,,,,,,,,,,,,,,
489,16/11/1997,2024-07-12 21:28:21,,,,,,,,,,,,,,,,,,
491,27/01/1983,2024-07-12 21:38:13,,,,,,,,,,,,,,,,,,
492,11/04/1975,2024-07-12 21:49:38,,,,,,,,,,,,,,,,,,
493,13/06/1964,2024-07-12 21:56:14,,,,,,,,,,,,,,,,,,
495,05/02/1984,2024-07-12 21:56:26,,,,,,,,,,,,,,,,,,
503,21/02/1981,2024-07-12 22:50:17,,,,,,,,,,,,,,,,,,
505,25/07/1968,2024-12-01 17:59:27,,,,,,,,,,,,,,,,,,
506,26/11/1980,2024-07-12 23:18:27,,,,,,,,,,,,,,,,,,
509,12/05/1987,2024-07-12 23:40:54,,,,,,,,,,,,,,,,,,
513,27/01/1994,2024-07-13 00:19:02,,,,,,,,,,,,,,,,,,
516,06/03/1989,2024-12-01 20:43:42,,,,,,,,,,,,,,,,,,
517,07/05/1974,2024-11-04 13:46:44,,,,,,,,,,,,,,,,,,
519,05/09/1980,2024-07-13 01:55:58,,,,,,,,,,,,,,,,,,
520,06/08/1975,2024-10-27 09:53:32,,,,,,,,,,,,,,,,,,
521,15/04/1986,2024-07-13 03:06:06,,,,,,,,,,,,,,,,,,
523,04/12/1991,2024-07-13 04:20:19,,,,,,,,,,,,,,,,,,
524,14/03/1988,2024-07-13 04:47:57,,,,,,,,,,,,,,,,,,
526,20/12/1976,2024-10-23 20:55:47,,,,,,,,,,,,,,,,,,
527,25/06/2005,2024-10-23 22:18:04,,,,,,,,,,,,,,,,,,
528,20/12/1968,2024-10-24 01:41:42,,,,,,,,,,,,,,,,,,
529,07/02/2003,2024-07-13 06:48:26,,,,,,,,,,,,,,,,,,
531,18/12/1989,2024-07-13 06:57:44,,,,,,,,,,,,,,,,,,
534,09/12/1988,2024-07-13 10:35:41,,,,,,,,,,,,,,,,,,
536,22/07/1970,2024-07-13 10:59:35,,,,,,,,,,,,,,,,,,
537,06/02/1984,2024-07-13 11:58:19,,,,,,,,,,,,,,,,,,
538,21/01/1989,2024-07-13 12:07:29,,,,,,,,,,,,,,,,,,
544,29/05/1998,2024-07-13 13:20:40,,,,,,,,,,,,,,,,,,
545,04/05/1983,2024-07-13 14:44:32,,,,,,,,,,,,,,,,,,
548,03/04/1986,2024-07-13 15:14:48,,,,,,,,,,,,,,,,,,
551,24/03/1978,2024-12-05 15:12:30,,,,,,,,,,,,,,,,,,
555,28/03/1990,2024-10-23 11:05:35,,,,,,,,,,,,,,,,,,
557,04/03/1980,2024-07-13 16:51:03,,,,,,,,,,,,,,,,,,
560,17/09/1977,2024-07-13 17:10:04,,,,,,,,,,,,,,,,,,
563,28/10/1984,2024-07-13 17:28:15,,,,,,,,,,,,,,,,,,
565,01/11/1992,2024-11-20 14:50:41,,,,,,,,,,,,,,,,,,
567,08/05/1990,2024-07-13 18:33:46,,,,,,,,,,,,,,,,,,
571,10/12/1992,2024-07-13 19:10:57,,,,,,,,,,,,,,,,,,
576,16/02/1991,2024-12-19 08:20:58,,,,,,,,,,,,,,,,,,
578,14/02/1979,2024-07-13 20:35:58,,,,,,,,,,,,,,,,,,
580,14/01/1987,2024-07-13 21:24:23,,,,,,,,,,,,,,,,,,
584,11/05/1998,2024-07-13 22:10:35,,,,,,,,,,,,,,,,,,
585,12/03/1994,2024-12-14 10:28:36,,,,,,,,,,,,,,,,,,
586,06/02/1991,2024-07-13 22:32:18,,,,,,,,,,,,,,,,,,
591,10/12/1988,2024-07-13 23:00:51,,,,,,,,,,,,,,,,,,
598,03/02/1984,2024-07-14 01:01:56,,,,,,,,,,,,,,,,,,
600,10/05/1968,2024-07-14 03:07:04,,,,,,,,,,,,,,,,,,
601,18/08/1996,2024-07-14 04:00:14,,,,,,,,,,,,,,,,,,
605,07/07/1977,2024-07-14 09:05:27,,,,,,,,,,,,,,,,,,
606,30/07/1993,2024-07-14 09:11:18,,,,,,,,,,,,,,,,,,
609,25/05/1995,2024-07-14 10:35:08,,,,,,,,,,,,,,,,,,
611,24/05/1977,2024-07-14 10:47:47,,,,,,,,,,,,,,,,,,
612,23/01/1985,2024-07-14 10:58:08,,,,,,,,,,,,,,,,,,
618,01/03/1985,2024-07-14 12:20:59,,,,,,,,,,,,,,,,,,
623,01/01/1999,2024-07-14 13:55:55,,,,,,,,,,,,,,,,,,
625,22/03/1981,2024-07-14 14:14:06,,,,,,,,,,,,,,,,,,
626,18/12/1976,2024-11-23 14:59:36,,,,,,,,,,,,,,,,,,
627,08/12/1970,2024-11-11 12:56:24,,,,,,,,,,,,,,,,,,
629,27/07/1979,2024-07-14 15:52:58,,,,,,,,,,,,,,,,,,
631,25/10/1977,2024-07-14 17:00:13,,,,,,,,,,,,,,,,,,
635,09/03/1980,2024-12-14 12:26:56,,,,,,,,,,,,,,,,,,
636,06/11/1993,2024-07-14 17:51:36,,,,,,,,,,,,,,,,,,
638,25/02/1986,2024-11-23 11:09:02,,,,,,,,,,,,,,,,,,
640,15/09/1977,2024-07-14 20:00:58,,,,,,,,,,,,,,,,,,
645,22/07/1970,2024-12-24 17:18:47,,,,,,,,,,,,,,,,,,
646,18/02/1982,2024-07-14 20:23:53,,,,,,,,,,,,,,,,,,
647,28/08/1977,2024-07-14 20:48:46,,,,,,,,,,,,,,,,,,
649,20/07/1978,2024-07-14 20:53:46,,,,,,,,,,,,,,,,,,
657,21/01/1977,2024-11-23 12:37:00,,,,,,,,,,,,,,,,,,
658,11/04/1978,2024-07-14 21:59:48,,,,,,,,,,,,,,,,,,
662,08/01/1986,2024-07-14 22:13:45,,,,,,,,,,,,,,,,,,
664,07/06/1992,2024-07-14 22:26:25,,,,,,,,,,,,,,,,,,
667,09/06/1986,2024-10-23 16:11:44,,,,,,,,,,,,,,,,,,
671,18/08/1990,2024-07-15 06:40:02,,,,,,,,,,,,,,,,,,
672,01/10/1974,2024-11-23 06:54:30,,,,,,,,,,,,,,,,,,
674,02/01/1991,2024-12-21 10:01:14,,,,,,,,,,,,,,,,,,
675,05/11/1985,2024-07-15 07:28:22,,,,,,,,,,,,,,,,,,
677,26/02/1989,2024-07-15 09:34:20,,,,,,,,,,,,,,,,,,
679,25/10/1989,2024-07-15 09:54:29,,,,,,,,,,,,,,,,,,
682,14/11/2000,2024-07-15 11:11:15,,,,,,,,,,,,,,,,,,
685,16/12/1981,2024-07-15 12:55:43,,,,,,,,,,,,,,,,,,
687,31/07/1972,2024-07-15 13:03:53,,,,,,,,,,,,,,,,,,
689,30/12/1972,2024-07-15 14:09:22,,,,,,,,,,,,,,,,,,
691,24/05/1991,2024-07-15 14:25:58,,,,,,,,,,,,,,,,,,
693,03/03/1979,2024-07-15 14:39:45,,,,,,,,,,,,,,,,,,
694,08/07/1993,2024-12-20 21:19:14,,,,,,,,,,,,,,,,,,
696,12/02/2001,2024-07-15 16:19:50,,,,,,,,,,,,,,,,,,
697,25/08/1967,2024-07-15 16:37:39,,,,,,,,,,,,,,,,,,
699,08/10/1985,2024-07-15 17:25:31,,,,,,,,,,,,,,,,,,
701,23/02/1983,2024-07-15 18:10:57,,,,,,,,,,,,,,,,,,
702,18/07/1985,2024-07-15 18:11:30,,,,,,,,,,,,,,,,,,
705,13/12/1990,2024-07-15 18:33:16,,,,,,,,,,,,,,,,,,
708,01/08/1995,2024-07-15 19:18:14,,,,,,,,,,,,,,,,,,
710,30/04/1978,2024-07-15 19:45:48,,,,,,,,,,,,,,,,,,
712,13/03/1989,2024-07-15 20:36:05,,,,,,,,,,,,,,,,,,
713,11/01/1994,2024-07-15 21:18:01,,,,,,,,,,,,,,,,,,
714,30/04/1981,2024-07-15 21:21:40,,,,,,,,,,,,,,,,,,
716,17/03/1971,2024-07-15 21:31:03,,,,,,,,,,,,,,,,,,
717,22/10/1977,2024-12-19 22:29:26,,,,,,,,,,,,,,,,,,
720,20/09/1977,2024-07-15 22:32:49,,,,,,,,,,,,,,,,,,
723,29/07/1978,2024-07-15 23:34:39,,,,,,,,,,,,,,,,,,
726,17/12/1968,2024-07-16 02:01:55,,,,,,,,,,,,,,,,,,
727,18/09/1975,2024-07-16 04:16:58,,,,,,,,,,,,,,,,,,
728,12/02/1988,2024-07-16 06:22:42,,,,,,,,,,,,,,,,,,
729,26/10/1988,2024-07-16 06:37:26,,,,,,,,,,,,,,,,,,
732,19/08/1971,2024-07-16 07:17:16,,,,,,,,,,,,,,,,,,
733,15/08/1992,2024-10-28 11:06:21,,,,,,,,,,,,,,,,,,
734,28/11/1987,2024-07-16 08:39:44,,,,,,,,,,,,,,,,,,
735,19/06/1968,2024-07-16 09:55:17,,,,,,,,,,,,,,,,,,
737,19/06/1993,2024-10-30 20:36:49,,,,,,,,,,,,,,,,,,
738,07/08/1985,2024-07-16 10:47:05,,,,,,,,,,,,,,,,,,
739,20/05/1982,2024-07-16 11:06:49,,,,,,,,,,,,,,,,,,
743,06/02/1966,2024-07-16 12:41:00,,,,,,,,,,,,,,,,,,
747,09/11/1979,2024-07-16 14:53:51,,,,,,,,,,,,,,,,,,
751,01/08/1981,2024-07-16 17:18:36,,,,,,,,,,,,,,,,,,
752,08/12/1989,2024-11-05 17:41:38,,,,,,,,,,,,,,,,,,
753,17/11/1979,2024-07-16 17:42:43,,,,,,,,,,,,,,,,,,
759,24/05/1990,2024-07-16 19:36:24,,,,,,,,,,,,,,,,,,
762,11/11/1995,2024-07-16 19:59:36,,,,,,,,,,,,,,,,,,
764,23/05/1985,2024-11-21 15:32:42,,,,,,,,,,,,,,,,,,
766,11/03/1984,2024-07-16 21:24:24,,,,,,,,,,,,,,,,,,
768,20/12/1987,2024-07-16 21:44:49,,,,,,,,,,,,,,,,,,
770,08/12/1992,2024-07-16 22:16:18,,,,,,,,,,,,,,,,,,
772,08/07/1993,2024-07-16 23:11:11,,,,,,,,,,,,,,,,,,
773,09/01/1989,2024-07-16 23:21:35,,,,,,,,,,,,,,,,,,
778,24/06/1984,2024-07-17 08:34:46,,,,,,,,,,,,,,,,,,
779,06/02/1974,2024-07-17 08:42:49,,,,,,,,,,,,,,,,,,
780,10/09/1972,2024-11-24 16:17:45,,,,,,,,,,,,,,,,,,
781,30/01/1996,2024-07-17 09:19:15,,,,,,,,,,,,,,,,,,
783,22/12/1991,2024-07-17 11:11:12,,,,,,,,,,,,,,,,,,
786,24/08/1978,2024-07-17 13:00:37,,,,,,,,,,,,,,,,,,
789,13/10/1978,2024-07-17 17:12:19,,,,,,,,,,,,,,,,,,
791,17/04/2000,2024-07-17 19:25:15,,,,,,,,,,,,,,,,,,
792,17/01/1986,2024-07-17 19:32:34,,,,,,,,,,,,,,,,,,
797,15/09/1993,2024-11-19 12:39:19,,,,,,,,,,,,,,,,,,
802,28/10/1983,2024-07-18 15:19:41,,,,,,,,,,,,,,,,,,
803,01/01/1987,2024-07-18 16:34:09,,,,,,,,,,,,,,,,,,
806,10/07/1989,2024-07-19 10:31:37,,,,,,,,,,,,,,,,,,
810,25/07/1986,2024-07-19 14:49:16,,,,,,,,,,,,,,,,,,
811,02/10/1978,2024-07-19 14:51:23,,,,,,,,,,,,,,,,,,
815,29/06/1991,2024-07-19 15:56:11,,,,,,,,,,,,,,,,,,
816,23/08/1971,2024-07-19 15:58:50,,,,,,,,,,,,,,,,,,
817,21/05/1990,2024-07-19 16:27:35,,,,,,,,,,,,,,,,,,
822,02/08/1957,2024-07-19 16:41:41,,,,,,,,,,,,,,,,,,
823,04/02/1974,2024-07-19 16:57:39,,,,,,,,,,,,,,,,,,
825,20/12/1975,2024-07-19 17:02:05,,,,,,,,,,,,,,,,,,
827,13/08/1991,2024-07-19 17:03:29,,,,,,,,,,,,,,,,,,
829,04/05/1969,2024-07-19 17:26:44,,,,,,,,,,,,,,,,,,
830,10/10/1990,2024-07-19 17:28:04,,,,,,,,,,,,,,,,,,
831,06/05/1997,2024-07-19 17:29:46,,,,,,,,,,,,,,,,,,
834,04/08/1981,2024-07-19 17:50:35,,,,,,,,,,,,,,,,,,
841,03/02/1985,2024-07-19 18:22:14,,,,,,,,,,,,,,,,,,
842,06/01/1981,2024-07-19 18:40:15,,,,,,,,,,,,,,,,,,
843,16/01/1984,2024-07-19 18:42:28,,,,,,,,,,,,,,,,,,
844,02/01/1985,2024-07-19 18:46:57,,,,,,,,,,,,,,,,,,
846,29/04/1988,2024-07-19 19:17:14,,,,,,,,,,,,,,,,,,
849,20/11/1989,2024-07-19 19:21:50,,,,,,,,,,,,,,,,,,
851,17/05/1978,2024-07-19 19:38:08,,,,,,,,,,,,,,,,,,
856,08/07/1971,2024-11-26 04:30:46,,,,,,,,,,,,,,,,,,
857,16/06/1986,2024-07-19 20:24:48,,,,,,,,,,,,,,,,,,
858,26/04/1980,2024-07-19 20:27:11,,,,,,,,,,,,,,,,,,
859,08/08/1969,2024-07-19 20:40:56,,,,,,,,,,,,,,,,,,
860,06/08/1997,2024-07-19 20:50:19,,,,,,,,,,,,,,,,,,
864,04/10/2003,2024-07-19 21:13:20,,,,,,,,,,,,,,,,,,
865,24/05/1988,2024-07-19 21:15:10,,,,,,,,,,,,,,,,,,
870,06/10/1964,2024-07-19 21:58:36,,,,,,,,,,,,,,,,,,
871,31/07/1994,2024-12-05 19:06:17,,,,,,,,,,,,,,,,,,
872,06/10/1983,2024-07-19 22:11:16,,,,,,,,,,,,,,,,,,
874,19/04/1977,2024-10-29 19:41:34,,,,,,,,,,,,,,,,,,
875,20/04/1983,2024-07-19 22:15:32,,,,,,,,,,,,,,,,,,
879,20/02/1986,2024-07-19 22:24:50,,,,,,,,,,,,,,,,,,
880,03/09/1987,2024-07-19 22:28:40,,,,,,,,,,,,,,,,,,
882,09/10/1993,2024-07-19 22:32:05,,,,,,,,,,,,,,,,,,
887,31/05/1972,2024-07-19 22:44:28,,,,,,,,,,,,,,,,,,
889,07/12/1962,2024-07-19 22:47:47,,,,,,,,,,,,,,,,,,
890,07/12/1987,2024-07-19 22:55:24,,,,,,,,,,,,,,,,,,
891,15/07/1990,2024-07-19 23:01:00,,,,,,,,,,,,,,,,,,
892,13/10/1977,2024-12-03 14:11:16,,,,,,,,,,,,,,,,,,
894,12/09/1987,2024-07-19 23:06:11,,,,,,,,,,,,,,,,,,
896,20/08/1992,2024-07-19 23:26:21,,,,,,,,,,,,,,,,,,
897,16/07/1981,2024-07-19 23:28:13,,,,,,,,,,,,,,,,,,
899,17/08/1973,2024-07-19 23:33:12,,,,,,,,,,,,,,,,,,
900,15/04/1971,2024-07-19 23:35:25,,,,,,,,,,,,,,,,,,
901,17/02/1956,2024-07-19 23:35:54,,,,,,,,,,,,,,,,,,
902,02/05/1971,2024-07-19 23:42:52,,,,,,,,,,,,,,,,,,
904,10/09/1985,2024-07-19 23:45:58,,,,,,,,,,,,,,,,,,
907,08/12/1976,2024-07-19 23:52:35,,,,,,,,,,,,,,,,,,
913,02/09/1985,2024-11-25 00:08:42,,,,,,,,,,,,,,,,,,
915,13/06/1986,2024-07-20 00:47:17,,,,,,,,,,,,,,,,,,
916,03/09/1969,2024-07-20 02:40:47,,,,,,,,,,,,,,,,,,
918,06/04/1974,2024-07-20 05:36:30,,,,,,,,,,,,,,,,,,
921,03/09/1980,2024-07-20 06:20:41,,,,,,,,,,,,,,,,,,
923,29/04/1982,2024-07-20 06:45:03,,,,,,,,,,,,,,,,,,
924,14/01/1989,2024-07-20 06:52:32,,,,,,,,,,,,,,,,,,
926,08/06/1977,2024-07-20 07:19:04,,,,,,,,,,,,,,,,,,
927,18/06/2024,2024-12-14 01:14:49,,,,,,,,,,,,,,,,,,
928,10/03/1968,2024-07-20 07:39:53,,,,,,,,,,,,,,,,,,
929,10/02/1990,2024-11-24 21:32:23,,,,,,,,,,,,,,,,,,
930,03/12/1975,2024-10-24 09:24:27,,,,,,,,,,,,,,,,,,
931,02/04/1981,2024-07-20 08:46:37,,,,,,,,,,,,,,,,,,
932,13/03/1972,2024-07-20 09:17:43,,,,,,,,,,,,,,,,,,
933,06/05/1978,2024-07-20 09:26:37,,,,,,,,,,,,,,,,,,
934,01/04/1968,2024-07-20 09:43:06,,,,,,,,,,,,,,,,,,
935,30/07/1992,2024-07-20 09:50:19,,,,,,,,,,,,,,,,,,
940,24/09/1988,2024-07-20 10:32:54,,,,,,,,,,,,,,,,,,
944,02/03/2004,2024-07-20 10:57:34,,,,,,,,,,,,,,,,,,
948,21/10/1965,2024-07-20 11:36:43,,,,,,,,,,,,,,,,,,
949,24/10/1999,2024-07-20 11:37:09,,,,,,,,,,,,,,,,,,
950,17/04/1974,2024-12-07 16:25:54,,,,,,,,,,,,,,,,,,
952,02/08/1981,2024-07-20 12:11:10,,,,,,,,,,,,,,,,,,
953,13/06/1981,2024-07-20 12:15:16,,,,,,,,,,,,,,,,,,
956,18/08/1997,2024-07-20 12:40:10,,,,,,,,,,,,,,,,,,
958,24/03/1982,2024-07-20 12:59:41,,,,,,,,,,,,,,,,,,
959,23/04/1990,2024-07-20 13:27:55,,,,,,,,,,,,,,,,,,
960,24/08/1994,2024-07-20 13:32:29,,,,,,,,,,,,,,,,,,
961,13/10/1983,2024-07-20 13:39:51,,,,,,,,,,,,,,,,,,
962,13/04/1992,2024-07-20 13:42:11,,,,,,,,,,,,,,,,,,
963,31/05/1979,2024-07-20 13:46:46,,,,,,,,,,,,,,,,,,
967,02/02/1992,2024-07-20 14:16:27,,,,,,,,,,,,,,,,,,
968,19/03/1979,2024-07-20 14:16:30,,,,,,,,,,,,,,,,,,
973,22/05/1986,2024-07-20 14:59:22,,,,,,,,,,,,,,,,,,
975,09/12/1976,2024-07-20 15:07:43,,,,,,,,,,,,,,,,,,
976,11/01/1986,2024-07-20 15:18:24,,,,,,,,,,,,,,,,,,
978,03/12/1987,2024-07-20 15:24:41,,,,,,,,,,,,,,,,,,
979,07/10/1993,2024-07-20 15:24:56,,,,,,,,,,,,,,,,,,
981,06/01/1984,2024-07-20 15:33:52,,,,,,,,,,,,,,,,,,
983,08/06/1991,2024-07-20 15:57:56,,,,,,,,,,,,,,,,,,
984,17/12/2005,2024-07-20 16:22:25,,,,,,,,,,,,,,,,,,
985,22/01/1985,2024-11-01 04:58:18,,,,,,,,,,,,,,,,,,
989,15/10/1980,2024-12-09 19:56:50,,,,,,,,,,,,,,,,,,
990,22/06/1990,2024-07-20 17:12:27,,,,,,,,,,,,,,,,,,
991,09/08/1977,2024-11-24 13:52:58,,,,,,,,,,,,,,,,,,
996,12/03/1979,2024-07-20 17:57:36,,,,,,,,,,,,,,,,,,
1000,26/07/1981,2024-12-04 23:07:16,,,,,,,,,,,,,,,,,,
1001,06/10/1985,2024-07-20 18:36:27,,,,,,,,,,,,,,,,,,
1005,08/05/1988,2024-07-20 19:12:19,,,,,,,,,,,,,,,,,,
1008,04/06/1994,2024-07-20 19:40:42,,,,,,,,,,,,,,,,,,
1009,05/12/1976,2024-07-20 19:55:31,,,,,,,,,,,,,,,,,,
1011,04/12/1997,2024-07-20 20:05:15,,,,,,,,,,,,,,,,,,
1014,10/02/1979,2024-11-23 07:18:54,,,,,,,,,,,,,,,,,,
1015,15/10/1986,2024-07-20 20:24:59,,,,,,,,,,,,,,,,,,
1018,27/06/1965,2024-07-20 20:33:24,,,,,,,,,,,,,,,,,,
1019,17/04/1990,2024-07-20 20:37:20,,,,,,,,,,,,,,,,,,
1020,14/11/1972,2024-12-01 15:06:50,,,,,,,,,,,,,,,,,,
1023,10/07/1984,2024-07-20 20:57:58,,,,,,,,,,,,,,,,,,
1024,23/02/1978,2024-07-20 21:02:23,,,,,,,,,,,,,,,,,,
1026,26/01/1964,2024-07-20 21:12:38,,,,,,,,,,,,,,,,,,
1027,24/09/1985,2024-11-12 13:36:21,,,,,,,,,,,,,,,,,,
1029,30/01/1972,2024-07-20 21:31:36,,,,,,,,,,,,,,,,,,
1030,03/01/1986,2024-07-20 21:31:51,,,,,,,,,,,,,,,,,,
1031,23/01/1978,2024-07-20 21:32:29,,,,,,,,,,,,,,,,,,
1033,05/06/1983,2024-07-20 21:36:08,,,,,,,,,,,,,,,,,,
1038,07/10/1983,2024-07-20 21:43:59,,,,,,,,,,,,,,,,,,
1040,24/08/1994,2024-07-20 21:48:01,,,,,,,,,,,,,,,,,,
1041,06/08/1972,2024-07-20 21:58:40,,,,,,,,,,,,,,,,,,
1042,09/10/1989,2024-07-20 22:01:10,,,,,,,,,,,,,,,,,,
1045,22/07/1989,2024-12-01 00:48:06,,,,,,,,,,,,,,,,,,
1047,30/09/1987,2024-07-20 22:19:06,,,,,,,,,,,,,,,,,,
1048,27/03/1990,2024-11-23 06:08:01,,,,,,,,,,,,,,,,,,
1049,30/09/1987,2024-07-20 22:28:24,,,,,,,,,,,,,,,,,,
1050,30/07/1970,2024-07-20 22:36:37,,,,,,,,,,,,,,,,,,
1051,31/01/1994,2024-07-20 22:40:13,,,,,,,,,,,,,,,,,,
1052,17/08/1990,2024-07-20 22:40:28,,,,,,,,,,,,,,,,,,
1053,22/02/1974,2024-07-20 22:42:14,,,,,,,,,,,,,,,,,,
1054,20/12/1986,2024-07-20 22:46:46,,,,,,,,,,,,,,,,,,
1056,28/07/1998,2024-07-20 22:57:41,,,,,,,,,,,,,,,,,,
1057,03/05/1995,2024-07-20 22:58:38,,,,,,,,,,,,,,,,,,
1058,11/07/1981,2024-07-20 23:00:05,,,,,,,,,,,,,,,,,,
1061,23/03/1998,2024-07-20 23:16:07,,,,,,,,,,,,,,,,,,
1062,19/05/1994,2024-07-20 23:23:51,,,,,,,,,,,,,,,,,,
1068,06/10/1972,2024-07-21 00:00:49,,,,,,,,,,,,,,,,,,
1069,25/11/1986,2024-07-21 00:47:33,,,,,,,,,,,,,,,,,,
1072,03/09/1987,2024-07-21 01:55:44,,,,,,,,,,,,,,,,,,
1073,28/12/1981,2024-07-21 01:58:25,,,,,,,,,,,,,,,,,,
1074,25/09/2003,2024-07-21 02:15:02,,,,,,,,,,,,,,,,,,
1078,06/09/1986,2024-07-21 04:50:29,,,,,,,,,,,,,,,,,,
1086,23/04/1995,2024-07-21 07:38:26,,,,,,,,,,,,,,,,,,
1087,03/08/1982,2024-07-21 07:48:42,,,,,,,,,,,,,,,,,,
1089,02/08/1973,2024-07-21 08:07:31,,,,,,,,,,,,,,,,,,
1090,12/12/1985,2024-07-21 08:18:16,,,,,,,,,,,,,,,,,,
1096,14/05/1988,2024-07-21 08:34:51,,,,,,,,,,,,,,,,,,
1099,03/05/1970,2024-07-21 09:11:22,,,,,,,,,,,,,,,,,,
1101,11/05/1982,2024-07-21 09:32:50,,,,,,,,,,,,,,,,,,
1105,13/10/2002,2024-07-21 10:35:57,,,,,,,,,,,,,,,,,,
1107,13/12/1976,2024-07-21 10:40:05,,,,,,,,,,,,,,,,,,
1111,26/03/1986,2024-07-21 11:00:16,,,,,,,,,,,,,,,,,,
1112,25/09/1988,2024-07-21 11:01:10,,,,,,,,,,,,,,,,,,
1113,11/01/1993,2024-07-21 11:09:26,,,,,,,,,,,,,,,,,,
1115,25/02/1997,2024-07-21 11:40:22,,,,,,,,,,,,,,,,,,
1118,06/06/1982,2024-07-21 12:14:16,,,,,,,,,,,,,,,,,,
1119,18/10/1951,2024-07-21 12:21:49,,,,,,,,,,,,,,,,,,
1121,04/08/1994,2024-07-21 12:25:22,,,,,,,,,,,,,,,,,,
1123,27/09/1978,2024-07-21 13:31:00,,,,,,,,,,,,,,,,,,
1125,29/12/1967,2024-07-21 14:00:34,,,,,,,,,,,,,,,,,,
1126,30/08/1989,2024-07-21 14:17:30,,,,,,,,,,,,,,,,,,
1133,27/11/1985,2024-07-21 15:08:17,,,,,,,,,,,,,,,,,,
1134,25/06/1980,2024-07-21 15:25:48,,,,,,,,,,,,,,,,,,
1135,12/04/1993,2024-07-21 15:28:11,,,,,,,,,,,,,,,,,,
1139,17/03/1993,2024-07-21 16:11:57,,,,,,,,,,,,,,,,,,
1142,22/08/1984,2024-07-21 17:32:48,,,,,,,,,,,,,,,,,,
1143,21/09/1997,2024-07-21 17:33:16,,,,,,,,,,,,,,,,,,
1147,09/08/1983,2024-07-21 17:52:58,,,,,,,,,,,,,,,,,,
1150,03/06/1974,2024-07-21 18:05:02,,,,,,,,,,,,,,,,,,
1155,17/09/1993,2024-07-21 18:22:36,,,,,,,,,,,,,,,,,,
1156,21/01/1987,2024-07-21 18:38:54,,,,,,,,,,,,,,,,,,
1158,12/04/1991,2024-07-21 18:40:25,,,,,,,,,,,,,,,,,,
1159,26/02/1977,2024-07-21 18:46:01,,,,,,,,,,,,,,,,,,
1160,10/10/1986,2024-07-21 19:04:36,,,,,,,,,,,,,,,,,,
1161,05/10/1975,2024-07-21 19:51:20,,,,,,,,,,,,,,,,,,
1164,07/11/1981,2024-07-21 20:13:07,,,,,,,,,,,,,,,,,,
1165,23/12/1986,2024-07-21 20:14:10,,,,,,,,,,,,,,,,,,
1166,07/06/1998,2024-07-21 20:15:52,,,,,,,,,,,,,,,,,,
1168,22/06/1982,2024-07-21 20:28:24,,,,,,,,,,,,,,,,,,
1171,14/10/1997,2024-07-21 21:19:36,,,,,,,,,,,,,,,,,,
1173,04/12/1996,2024-07-21 21:21:12,,,,,,,,,,,,,,,,,,
1174,18/04/1993,2024-07-21 21:32:49,,,,,,,,,,,,,,,,,,
1176,01/04/1992,2024-07-21 21:35:38,,,,,,,,,,,,,,,,,,
1177,04/04/1977,2024-07-21 21:35:41,,,,,,,,,,,,,,,,,,
1180,07/01/1986,2024-07-21 21:48:47,,,,,,,,,,,,,,,,,,
1182,03/10/1976,2024-07-21 22:11:16,,,,,,,,,,,,,,,,,,
1183,09/12/1978,2024-11-24 00:02:52,,,,,,,,,,,,,,,,,,
1186,20/05/1979,2024-07-21 22:28:57,,,,,,,,,,,,,,,,,,
1189,07/05/1976,2024-07-21 22:46:44,,,,,,,,,,,,,,,,,,
1190,24/09/1981,2024-07-21 22:47:10,,,,,,,,,,,,,,,,,,
1191,05/02/1988,2024-07-21 22:48:55,,,,,,,,,,,,,,,,,,
1192,17/11/1994,2024-07-21 22:49:53,,,,,,,,,,,,,,,,,,
1193,16/10/1991,2024-07-21 22:50:32,,,,,,,,,,,,,,,,,,
1194,31/10/1986,2024-07-21 22:54:58,,,,,,,,,,,,,,,,,,
1198,19/12/1991,2024-07-21 23:13:03,,,,,,,,,,,,,,,,,,
1199,25/10/1995,2024-07-21 23:13:16,,,,,,,,,,,,,,,,,,
1200,26/11/1985,2024-07-21 23:22:27,,,,,,,,,,,,,,,,,,
1203,04/11/1993,2024-07-21 23:41:37,,,,,,,,,,,,,,,,,,
1205,10/11/1986,2024-07-21 23:59:33,,,,,,,,,,,,,,,,,,
1207,05/05/1988,2024-07-22 00:07:17,,,,,,,,,,,,,,,,,,
1208,25/07/1978,2024-07-22 00:12:46,,,,,,,,,,,,,,,,,,
1209,21/01/1990,2024-07-22 00:38:45,,,,,,,,,,,,,,,,,,
1210,16/08/1995,2024-07-22 01:05:42,,,,,,,,,,,,,,,,,,
1214,22/01/1998,2024-07-22 02:00:11,,,,,,,,,,,,,,,,,,
1217,26/06/1980,2024-07-22 04:35:52,,,,,,,,,,,,,,,,,,
1223,17/12/1990,2024-07-22 05:49:31,,,,,,,,,,,,,,,,,,
1224,01/07/1991,2024-07-22 05:56:32,,,,,,,,,,,,,,,,,,
1227,24/10/1984,2024-07-22 06:15:30,,,,,,,,,,,,,,,,,,
1228,26/08/1995,2024-07-22 06:47:28,,,,,,,,,,,,,,,,,,
1229,07/11/1992,2024-07-22 06:48:34,,,,,,,,,,,,,,,,,,
1233,20/11/1993,2024-07-22 07:15:39,,,,,,,,,,,,,,,,,,
1234,20/09/1983,2024-07-22 07:31:15,,,,,,,,,,,,,,,,,,
1236,14/06/1980,2024-07-22 07:44:31,,,,,,,,,,,,,,,,,,
1237,06/07/1983,2024-07-22 07:49:58,,,,,,,,,,,,,,,,,,
1241,31/07/1981,2024-11-23 12:00:49,,,,,,,,,,,,,,,,,,
1244,05/06/1980,2024-07-22 09:25:07,,,,,,,,,,,,,,,,,,
1246,12/09/1983,2024-07-22 09:52:50,,,,,,,,,,,,,,,,,,
1248,25/02/1995,2024-11-10 19:20:24,,,,,,,,,,,,,,,,,,
1250,26/12/2000,2024-07-22 10:48:43,,,,,,,,,,,,,,,,,,
1253,23/05/2024,2024-07-22 10:53:18,,,,,,,,,,,,,,,,,,
1254,14/10/1992,2024-07-22 10:53:51,,,,,,,,,,,,,,,,,,
1257,14/11/1991,2024-07-22 11:14:53,,,,,,,,,,,,,,,,,,
1258,06/01/1988,2024-07-22 11:18:15,,,,,,,,,,,,,,,,,,
1259,09/11/1982,2024-07-22 11:20:56,,,,,,,,,,,,,,,,,,
1263,31/08/1996,2024-07-22 11:38:12,,,,,,,,,,,,,,,,,,
1266,12/09/1976,2024-07-22 11:39:22,,,,,,,,,,,,,,,,,,
1267,23/01/1979,2024-12-10 12:21:13,,,,,,,,,,,,,,,,,,
1268,15/09/1993,2024-07-22 11:47:18,,,,,,,,,,,,,,,,,,
1269,15/02/1996,2024-07-22 12:08:57,,,,,,,,,,,,,,,,,,
1272,04/02/1985,2024-07-22 12:25:29,,,,,,,,,,,,,,,,,,
1281,12/12/1991,2024-07-22 13:40:50,,,,,,,,,,,,,,,,,,
1282,04/04/1988,2024-07-22 13:41:33,,,,,,,,,,,,,,,,,,
1283,25/05/1996,2024-07-22 13:45:31,,,,,,,,,,,,,,,,,,
1287,13/12/1991,2024-07-22 14:06:51,,,,,,,,,,,,,,,,,,
1288,05/01/1985,2024-07-22 14:13:35,,,,,,,,,,,,,,,,,,
1289,31/12/1979,2024-12-13 18:19:14,,,,,,,,,,,,,,,,,,
1293,10/08/1981,2024-07-22 15:16:46,,,,,,,,,,,,,,,,,,
1296,07/10/1989,2024-07-22 15:47:21,,,,,,,,,,,,,,,,,,
1301,11/04/1994,2024-07-22 16:09:28,,,,,,,,,,,,,,,,,,
1302,15/03/1998,2024-07-22 16:25:55,,,,,,,,,,,,,,,,,,
1304,07/09/1981,2024-12-05 15:47:11,,,,,,,,,,,,,,,,,,
1305,23/03/1985,2024-12-23 10:45:33,,,,,,,,,,,,,,,,,,
1310,29/10/1961,2024-07-22 18:48:26,,,,,,,,,,,,,,,,,,
1312,09/01/1989,2024-07-22 19:24:57,,,,,,,,,,,,,,,,,,
1313,17/06/1984,2024-07-22 19:35:45,,,,,,,,,,,,,,,,,,
1314,08/07/1997,2024-07-22 19:59:31,,,,,,,,,,,,,,,,,,
1319,28/05/1985,2024-07-22 20:04:38,,,,,,,,,,,,,,,,,,
1320,01/08/2006,2024-07-22 20:12:33,,,,,,,,,,,,,,,,,,
1322,08/10/1984,2024-07-22 20:15:34,,,,,,,,,,,,,,,,,,
1323,27/07/2006,2024-07-22 20:15:34,,,,,,,,,,,,,,,,,,
1325,11/07/1987,2024-07-22 20:33:35,,,,,,,,,,,,,,,,,,
1327,01/08/1973,2024-07-22 20:49:36,,,,,,,,,,,,,,,,,,
1329,08/04/1984,2024-07-22 20:59:52,,,,,,,,,,,,,,,,,,
1333,04/12/1986,2024-07-22 21:30:59,,,,,,,,,,,,,,,,,,
1335,04/01/1997,2024-07-22 21:59:39,,,,,,,,,,,,,,,,,,
1343,28/09/1987,2024-11-26 10:08:52,,,,,,,,,,,,,,,,,,
1344,16/05/1993,2024-07-22 23:34:19,,,,,,,,,,,,,,,,,,
1346,17/09/1982,2024-07-22 23:50:08,,,,,,,,,,,,,,,,,,
1347,26/10/2000,2024-07-22 23:55:28,,,,,,,,,,,,,,,,,,
1349,18/09/1976,2024-07-23 00:05:47,,,,,,,,,,,,,,,,,,
1350,24/09/1981,2024-07-23 00:25:14,,,,,,,,,,,,,,,,,,
1351,12/11/1995,2024-07-23 01:30:02,,,,,,,,,,,,,,,,,,
1353,14/10/1997,2024-07-23 03:17:25,,,,,,,,,,,,,,,,,,
1354,22/12/1974,2024-12-08 22:43:22,,,,,,,,,,,,,,,,,,
1356,23/05/1997,2024-07-23 06:09:12,,,,,,,,,,,,,,,,,,
1358,17/10/1976,2024-07-23 06:27:40,,,,,,,,,,,,,,,,,,
1359,07/07/1990,2024-07-23 06:52:43,,,,,,,,,,,,,,,,,,
1361,20/12/1996,2024-07-23 06:57:47,,,,,,,,,,,,,,,,,,
1363,12/11/1991,2024-07-23 07:35:34,,,,,,,,,,,,,,,,,,
1364,14/05/1996,2024-07-23 08:05:54,,,,,,,,,,,,,,,,,,
1366,02/11/1962,2024-07-23 08:13:44,,,,,,,,,,,,,,,,,,
1367,28/05/1988,2024-07-23 08:41:37,,,,,,,,,,,,,,,,,,
1369,02/05/1985,2024-07-23 08:55:37,,,,,,,,,,,,,,,,,,
1372,22/11/1983,2024-07-23 09:24:40,,,,,,,,,,,,,,,,,,
1376,15/02/2003,2024-07-23 09:41:16,,,,,,,,,,,,,,,,,,
1377,13/06/1996,2024-07-23 09:43:22,,,,,,,,,,,,,,,,,,
1379,26/06/1978,2024-11-26 15:19:23,,,,,,,,,,,,,,,,,,
1384,01/11/1979,2024-11-23 15:18:17,,,,,,,,,,,,,,,,,,
1385,26/06/1997,2024-07-23 11:48:21,,,,,,,,,,,,,,,,,,
1387,23/02/1983,2024-07-23 12:06:19,,,,,,,,,,,,,,,,,,
1390,11/01/2003,2024-07-23 12:17:20,,,,,,,,,,,,,,,,,,
1391,12/12/1976,2024-07-23 12:22:48,,,,,,,,,,,,,,,,,,
1393,17/07/1995,2024-07-23 12:53:28,,,,,,,,,,,,,,,,,,
1394,05/10/1993,2024-07-23 13:01:11,,,,,,,,,,,,,,,,,,
1395,18/04/1984,2024-07-23 13:10:34,,,,,,,,,,,,,,,,,,
1400,13/02/1980,2024-11-22 23:18:24,,,,,,,,,,,,,,,,,,
1405,26/02/1997,2024-07-23 14:00:48,,,,,,,,,,,,,,,,,,
1410,23/06/1989,2024-07-23 14:27:50,,,,,,,,,,,,,,,,,,
1411,20/09/1986,2024-07-23 14:29:19,,,,,,,,,,,,,,,,,,
1413,09/07/1983,2024-07-23 14:36:48,,,,,,,,,,,,,,,,,,
1415,04/11/1991,2024-07-23 14:39:35,,,,,,,,,,,,,,,,,,
1416,27/03/1972,2024-07-23 14:39:35,,,,,,,,,,,,,,,,,,
1418,15/08/1991,2024-07-23 15:01:59,,,,,,,,,,,,,,,,,,
1419,06/12/1982,2024-07-23 15:07:37,,,,,,,,,,,,,,,,,,
1420,04/11/1983,2024-07-23 15:51:17,,,,,,,,,,,,,,,,,,
1421,21/09/1993,2024-11-23 13:15:08,,,,,,,,,,,,,,,,,,
1425,14/03/1992,2024-07-23 16:17:33,,,,,,,,,,,,,,,,,,
1428,18/09/1994,2024-07-23 16:25:39,,,,,,,,,,,,,,,,,,
1430,12/05/1971,2024-07-23 16:33:58,,,,,,,,,,,,,,,,,,
1432,19/03/1983,2024-07-23 16:57:44,,,,,,,,,,,,,,,,,,
1433,01/06/1991,2024-07-23 17:08:25,,,,,,,,,,,,,,,,,,
1434,15/10/1976,2024-07-23 17:19:40,,,,,,,,,,,,,,,,,,
1437,01/03/1996,2024-07-23 18:10:54,,,,,,,,,,,,,,,,,,
1438,25/03/1986,2024-07-23 18:18:27,,,,,,,,,,,,,,,,,,
1441,18/06/1972,2024-07-23 18:54:09,,,,,,,,,,,,,,,,,,
1442,14/04/1984,2024-07-23 19:21:06,,,,,,,,,,,,,,,,,,
1444,15/02/1974,2024-07-23 19:41:55,,,,,,,,,,,,,,,,,,
1453,02/09/1971,2024-11-23 18:36:57,,,,,,,,,,,,,,,,,,
1454,19/10/1988,2024-07-23 20:06:17,,,,,,,,,,,,,,,,,,
1459,14/02/1990,2024-07-23 21:02:18,,,,,,,,,,,,,,,,,,
1460,13/05/2003,2024-07-23 21:05:11,,,,,,,,,,,,,,,,,,
1462,03/02/1985,2024-07-23 21:07:03,,,,,,,,,,,,,,,,,,
1464,08/09/1978,2024-07-23 21:13:46,,,,,,,,,,,,,,,,,,
1465,22/03/1988,2024-07-23 21:20:59,,,,,,,,,,,,,,,,,,
1468,09/10/1982,2024-07-23 21:32:02,,,,,,,,,,,,,,,,,,
1469,18/06/1987,2024-07-23 21:32:55,,,,,,,,,,,,,,,,,,
1471,23/12/1987,2024-07-23 21:41:44,,,,,,,,,,,,,,,,,,
1472,04/12/1993,2024-07-23 21:42:06,,,,,,,,,,,,,,,,,,
1473,15/09/1979,2024-07-23 21:43:51,,,,,,,,,,,,,,,,,,
1474,11/11/1996,2024-07-23 21:45:20,,,,,,,,,,,,,,,,,,
1476,11/01/1995,2024-07-23 21:50:17,,,,,,,,,,,,,,,,,,
1481,09/03/1983,2024-07-23 22:20:26,,,,,,,,,,,,,,,,,,
1482,21/11/1993,2024-07-23 22:22:29,,,,,,,,,,,,,,,,,,
1487,26/12/1982,2024-07-23 22:47:02,,,,,,,,,,,,,,,,,,
1488,13/10/1994,2024-07-23 22:47:06,,,,,,,,,,,,,,,,,,
1489,20/04/1997,2024-07-23 22:48:18,,,,,,,,,,,,,,,,,,
1490,04/12/1984,2024-07-23 23:00:56,,,,,,,,,,,,,,,,,,
1492,22/04/1976,2024-07-23 23:17:41,,,,,,,,,,,,,,,,,,
1495,28/11/1982,2024-07-23 23:48:41,,,,,,,,,,,,,,,,,,
1497,24/12/2002,2024-07-24 00:06:58,,,,,,,,,,,,,,,,,,
1500,09/01/2002,2024-07-24 01:09:06,,,,,,,,,,,,,,,,,,
1502,13/05/1990,2024-07-24 01:37:12,,,,,,,,,,,,,,,,,,
1506,23/12/1996,2024-07-24 03:40:16,,,,,,,,,,,,,,,,,,
1508,20/02/1968,2024-07-24 05:32:30,,,,,,,,,,,,,,,,,,
1509,10/08/1991,2024-07-24 05:33:38,,,,,,,,,,,,,,,,,,
1517,31/07/1990,2024-07-24 06:43:28,,,,,,,,,,,,,,,,,,
1532,24/12/1994,2024-07-24 07:16:55,,,,,,,,,,,,,,,,,,
1533,24/08/1980,2024-07-24 07:21:31,,,,,,,,,,,,,,,,,,
1536,20/09/1972,2024-11-04 09:04:08,,,,,,,,,,,,,,,,,,
1537,11/04/1992,2024-07-24 07:45:26,,,,,,,,,,,,,,,,,,
1538,07/02/1998,2024-07-24 08:12:38,,,,,,,,,,,,,,,,,,
1539,07/11/1975,2024-07-24 08:40:09,,,,,,,,,,,,,,,,,,
1541,06/09/1991,2024-07-24 08:53:18,,,,,,,,,,,,,,,,,,
1542,08/03/1988,2024-07-24 08:57:58,,,,,,,,,,,,,,,,,,
1544,30/07/1986,2024-07-24 09:10:27,,,,,,,,,,,,,,,,,,
1546,17/01/1995,2024-07-24 09:52:26,,,,,,,,,,,,,,,,,,
1550,24/06/1983,2024-07-24 10:22:46,,,,,,,,,,,,,,,,,,
1552,08/12/1992,2024-07-24 10:24:28,,,,,,,,,,,,,,,,,,
1555,16/09/1984,2024-07-24 11:01:46,,,,,,,,,,,,,,,,,,
1559,17/05/1990,2024-07-24 11:45:29,,,,,,,,,,,,,,,,,,
1561,25/01/1987,2024-07-24 11:53:17,,,,,,,,,,,,,,,,,,
1563,22/08/1985,2024-07-24 12:21:23,,,,,,,,,,,,,,,,,,
1564,27/08/1984,2024-07-24 12:25:04,,,,,,,,,,,,,,,,,,
1565,16/08/1970,2024-07-24 12:32:51,,,,,,,,,,,,,,,,,,
1566,15/03/1957,2024-12-26 11:06:09,,,,,,,,,,,,,,,,,,
1567,13/11/1979,2024-12-21 14:38:50,,,,,,,,,,,,,,,,,,
1570,27/11/1994,2024-07-24 13:25:50,,,,,,,,,,,,,,,,,,
1572,22/09/1979,2024-07-24 13:45:00,,,,,,,,,,,,,,,,,,
1575,31/10/1979,2024-11-24 13:19:09,,,,,,,,,,,,,,,,,,
1576,26/12/1986,2024-07-24 14:15:45,,,,,,,,,,,,,,,,,,
1579,10/11/1975,2024-07-24 14:24:34,,,,,,,,,,,,,,,,,,
1581,22/10/1975,2024-07-24 14:36:19,,,,,,,,,,,,,,,,,,
1587,10/07/1992,2024-07-24 15:52:53,,,,,,,,,,,,,,,,,,
1592,22/05/1988,2024-07-24 16:40:47,,,,,,,,,,,,,,,,,,
1594,30/09/1983,2024-07-24 17:27:31,,,,,,,,,,,,,,,,,,
1595,13/11/1987,2024-07-24 17:28:36,,,,,,,,,,,,,,,,,,
1599,11/03/1960,2024-07-24 18:07:04,,,,,,,,,,,,,,,,,,
1600,20/04/1986,2024-07-24 18:07:17,,,,,,,,,,,,,,,,,,
1602,02/09/1982,2024-07-24 18:30:56,,,,,,,,,,,,,,,,,,
1603,05/08/2002,2024-07-24 18:42:50,,,,,,,,,,,,,,,,,,
1610,04/10/1979,2024-07-24 20:32:13,,,,,,,,,,,,,,,,,,
1612,09/01/1995,2024-07-24 20:41:33,,,,,,,,,,,,,,,,,,
1614,29/10/1971,2024-07-24 20:44:59,,,,,,,,,,,,,,,,,,
1616,19/06/1976,2024-07-24 20:56:21,,,,,,,,,,,,,,,,,,
1623,08/04/1975,2024-07-24 21:39:08,,,,,,,,,,,,,,,,,,
1626,17/03/1984,2024-07-24 21:55:25,,,,,,,,,,,,,,,,,,
1628,22/09/1980,2024-07-24 22:06:45,,,,,,,,,,,,,,,,,,
1633,12/04/1985,2024-07-24 22:27:45,,,,,,,,,,,,,,,,,,
1635,11/01/1964,2024-07-24 22:51:29,,,,,,,,,,,,,,,,,,
1637,09/10/1966,2024-07-24 23:11:56,,,,,,,,,,,,,,,,,,
1643,02/10/1992,2024-07-25 00:35:26,,,,,,,,,,,,,,,,,,
1644,27/03/1979,2024-07-25 01:08:17,,,,,,,,,,,,,,,,,,
1645,27/01/1962,2024-11-28 22:26:27,,,,,,,,,,,,,,,,,,
1648,03/01/1991,2024-07-25 06:40:23,,,,,,,,,,,,,,,,,,
1650,19/12/1994,2024-07-25 07:02:17,,,,,,,,,,,,,,,,,,
1652,24/03/1990,2024-11-25 18:39:43,,,,,,,,,,,,,,,,,,
1654,14/07/1987,2024-07-25 07:30:55,,,,,,,,,,,,,,,,,,
1655,03/03/1980,2024-07-25 07:39:53,,,,,,,,,,,,,,,,,,
1656,09/07/1996,2024-07-25 07:40:49,,,,,,,,,,,,,,,,,,
1658,22/04/1981,2024-11-25 20:09:29,,,,,,,,,,,,,,,,,,
1659,18/07/1980,2024-07-25 08:02:26,,,,,,,,,,,,,,,,,,
1660,14/03/1976,2024-07-25 08:10:52,,,,,,,,,,,,,,,,,,
1662,19/09/1988,2024-07-25 08:38:07,,,,,,,,,,,,,,,,,,
1663,10/01/1990,2024-07-25 08:46:33,,,,,,,,,,,,,,,,,,
1667,13/10/1983,2024-07-25 11:51:51,,,,,,,,,,,,,,,,,,
1673,23/09/1996,2024-07-25 13:29:12,,,,,,,,,,,,,,,,,,
1674,01/06/1998,2024-07-25 13:38:48,,,,,,,,,,,,,,,,,,
1678,15/04/1997,2024-07-25 14:32:31,,,,,,,,,,,,,,,,,,
1681,14/05/1984,2024-07-25 14:58:32,,,,,,,,,,,,,,,,,,
1689,14/12/1978,2024-07-25 16:04:02,,,,,,,,,,,,,,,,,,
1697,27/11/1983,2024-07-25 17:47:34,,,,,,,,,,,,,,,,,,
1698,16/12/1991,2024-07-25 17:50:35,,,,,,,,,,,,,,,,,,
1701,30/03/1967,2024-07-25 18:42:31,,,,,,,,,,,,,,,,,,
1703,28/12/1976,2024-07-25 19:08:56,,,,,,,,,,,,,,,,,,
1704,07/12/1984,2024-07-25 19:17:28,,,,,,,,,,,,,,,,,,
1706,07/03/1987,2024-07-25 19:18:22,,,,,,,,,,,,,,,,,,
1708,10/10/1991,2024-07-25 20:02:25,,,,,,,,,,,,,,,,,,
1709,07/05/1990,2024-07-25 20:14:01,,,,,,,,,,,,,,,,,,
1710,01/04/1990,2024-07-25 20:18:04,,,,,,,,,,,,,,,,,,
1711,03/03/1993,2024-07-25 20:23:40,,,,,,,,,,,,,,,,,,
1719,07/04/1978,2024-07-25 21:11:20,,,,,,,,,,,,,,,,,,
1721,05/08/1981,2024-07-25 21:15:25,,,,,,,,,,,,,,,,,,
1722,30/04/1990,2024-07-25 21:29:18,,,,,,,,,,,,,,,,,,
1729,01/03/1993,2024-07-25 22:57:36,,,,,,,,,,,,,,,,,,
1730,28/08/1995,2024-07-25 23:12:52,,,,,,,,,,,,,,,,,,
1731,04/11/1982,2024-07-25 23:26:06,,,,,,,,,,,,,,,,,,
1737,14/09/1983,2024-07-26 01:35:30,,,,,,,,,,,,,,,,,,
1738,08/08/1984,2024-07-26 01:49:17,,,,,,,,,,,,,,,,,,
1740,20/04/1984,2024-07-26 04:23:11,,,,,,,,,,,,,,,,,,
1744,20/09/1969,2024-07-26 05:06:05,,,,,,,,,,,,,,,,,,
1745,11/09/1994,2024-07-26 05:18:39,,,,,,,,,,,,,,,,,,
1747,07/08/1986,2024-07-26 05:47:04,,,,,,,,,,,,,,,,,,
1749,08/10/1991,2024-07-26 06:24:06,,,,,,,,,,,,,,,,,,
1750,12/10/1983,2024-07-26 07:17:51,,,,,,,,,,,,,,,,,,
1752,11/06/1982,2024-07-26 07:25:24,,,,,,,,,,,,,,,,,,
1754,14/06/1989,2024-07-26 07:55:03,,,,,,,,,,,,,,,,,,
1759,07/08/1984,2024-07-26 09:52:05,,,,,,,,,,,,,,,,,,
1762,07/11/1982,2024-07-26 10:28:23,,,,,,,,,,,,,,,,,,
1763,19/11/1990,2024-07-26 10:33:41,,,,,,,,,,,,,,,,,,
1764,14/12/1984,2024-07-26 11:03:42,,,,,,,,,,,,,,,,,,
1765,08/09/1998,2024-07-26 11:19:34,,,,,,,,,,,,,,,,,,
1766,07/08/1975,2024-07-26 11:21:08,,,,,,,,,,,,,,,,,,
1768,04/01/1992,2024-12-25 23:08:02,,,,,,,,,,,,,,,,,,
1771,16/08/1983,2024-12-03 16:53:18,,,,,,,,,,,,,,,,,,
1772,06/10/1993,2024-07-26 13:10:15,,,,,,,,,,,,,,,,,,
1774,02/04/1987,2024-07-26 13:18:06,,,,,,,,,,,,,,,,,,
1776,13/10/1991,2024-11-29 23:47:12,,,,,,,,,,,,,,,,,,
1781,29/08/1988,2024-11-28 13:27:22,,,,,,,,,,,,,,,,,,
1783,29/09/1978,2024-07-26 15:24:31,,,,,,,,,,,,,,,,,,
1787,21/01/1988,2024-07-26 16:09:47,,,,,,,,,,,,,,,,,,
1788,08/10/1977,2024-07-26 16:15:52,,,,,,,,,,,,,,,,,,
1789,25/09/1968,2024-07-26 16:19:59,,,,,,,,,,,,,,,,,,
1791,19/04/1980,2024-07-26 16:39:06,,,,,,,,,,,,,,,,,,
1794,31/03/1975,2024-07-26 17:42:26,,,,,,,,,,,,,,,,,,
1796,02/10/1987,2024-12-16 18:55:51,,,,,,,,,,,,,,,,,,
1797,11/03/1991,2024-07-26 18:43:25,,,,,,,,,,,,,,,,,,
1804,12/03/1974,2024-12-11 20:37:27,,,,,,,,,,,,,,,,,,
1805,14/08/1983,2024-07-26 20:20:17,,,,,,,,,,,,,,,,,,
1806,14/01/1992,2024-07-26 20:36:36,,,,,,,,,,,,,,,,,,
1809,11/09/1981,2024-07-26 20:59:04,,,,,,,,,,,,,,,,,,
1810,09/09/1976,2024-07-26 21:01:15,,,,,,,,,,,,,,,,,,
1811,20/10/1979,2024-07-26 21:05:39,,,,,,,,,,,,,,,,,,
1813,17/02/1991,2024-07-26 21:29:33,,,,,,,,,,,,,,,,,,
1814,04/05/1968,2024-07-26 21:29:41,,,,,,,,,,,,,,,,,,
1815,03/07/1998,2024-07-26 22:09:31,,,,,,,,,,,,,,,,,,
1816,11/07/1990,2024-07-26 22:23:34,,,,,,,,,,,,,,,,,,
1818,15/01/1975,2024-07-26 22:23:56,,,,,,,,,,,,,,,,,,
1819,03/02/1988,2024-07-26 23:10:25,,,,,,,,,,,,,,,,,,
1821,13/12/1981,2024-07-26 23:40:08,,,,,,,,,,,,,,,,,,
1823,03/01/1994,2024-07-26 23:53:38,,,,,,,,,,,,,,,,,,
1826,30/07/1993,2024-07-27 04:54:32,,,,,,,,,,,,,,,,,,
1828,26/01/1985,2024-07-27 05:47:45,,,,,,,,,,,,,,,,,,
1831,14/08/1990,2024-07-27 07:13:23,,,,,,,,,,,,,,,,,,
1832,28/02/1982,2024-10-23 08:10:26,,,,,,,,,,,,,,,,,,
1833,27/06/1993,2024-07-27 07:59:18,,,,,,,,,,,,,,,,,,
1836,23/08/1985,2024-07-27 08:26:17,,,,,,,,,,,,,,,,,,
1838,08/04/1987,2024-07-27 09:33:12,,,,,,,,,,,,,,,,,,
1842,12/03/1996,2024-07-27 11:16:19,,,,,,,,,,,,,,,,,,
1844,24/03/1976,2024-07-27 11:37:17,,,,,,,,,,,,,,,,,,
1845,10/09/1969,2024-07-27 11:55:07,,,,,,,,,,,,,,,,,,
1847,18/08/1993,2024-07-27 12:33:09,,,,,,,,,,,,,,,,,,
1848,08/12/1992,2024-07-27 12:40:47,,,,,,,,,,,,,,,,,,
1849,05/11/1963,2024-07-27 13:08:16,,,,,,,,,,,,,,,,,,
1853,29/08/1997,2024-12-18 03:30:25,,,,,,,,,,,,,,,,,,
1857,15/10/1989,2024-07-27 14:34:48,,,,,,,,,,,,,,,,,,
1859,03/01/1980,2024-07-27 14:48:58,,,,,,,,,,,,,,,,,,
1861,10/03/1992,2024-11-29 16:13:17,,,,,,,,,,,,,,,,,,
1862,05/07/1978,2024-12-07 19:10:07,,,,,,,,,,,,,,,,,,
1863,11/04/1981,2024-11-23 14:00:49,,,,,,,,,,,,,,,,,,
1865,11/04/1980,2024-07-27 16:04:11,,,,,,,,,,,,,,,,,,
1868,06/03/1986,2024-07-27 17:02:18,,,,,,,,,,,,,,,,,,
1870,14/07/1987,2024-07-27 18:23:47,,,,,,,,,,,,,,,,,,
1872,06/07/1990,2024-07-27 18:44:37,,,,,,,,,,,,,,,,,,
1873,21/08/1990,2024-07-27 18:44:47,,,,,,,,,,,,,,,,,,
1874,20/03/1994,2024-07-27 19:02:25,,,,,,,,,,,,,,,,,,
1876,20/02/1986,2024-07-27 19:47:45,,,,,,,,,,,,,,,,,,
1877,09/02/1986,2024-07-27 19:48:16,,,,,,,,,,,,,,,,,,
1878,28/11/1993,2024-07-27 19:51:52,,,,,,,,,,,,,,,,,,
1880,07/03/1984,2024-07-27 20:19:37,,,,,,,,,,,,,,,,,,
1884,01/03/1982,2024-07-27 21:16:51,,,,,,,,,,,,,,,,,,
1887,27/02/1991,2024-12-14 19:47:55,,,,,,,,,,,,,,,,,,
1888,24/04/1984,2024-07-27 21:36:32,,,,,,,,,,,,,,,,,,
1892,17/06/1989,2024-07-27 22:57:38,,,,,,,,,,,,,,,,,,
1896,29/05/1986,2024-07-27 23:50:11,,,,,,,,,,,,,,,,,,
1899,04/08/1989,2024-07-27 23:53:19,,,,,,,,,,,,,,,,,,
1909,29/09/1952,2024-07-28 05:42:08,,,,,,,,,,,,,,,,,,
1910,24/01/1989,2024-07-28 05:55:12,,,,,,,,,,,,,,,,,,
1919,22/09/1998,2024-11-25 13:09:51,,,,,,,,,,,,,,,,,,
1920,13/04/1983,2024-07-28 08:23:35,,,,,,,,,,,,,,,,,,
1928,07/01/1966,2024-07-28 10:45:02,,,,,,,,,,,,,,,,,,
1931,04/01/1989,2024-07-28 12:06:24,,,,,,,,,,,,,,,,,,
1932,10/06/1955,2024-07-28 12:24:12,,,,,,,,,,,,,,,,,,
1934,26/03/1982,2024-07-28 12:43:32,,,,,,,,,,,,,,,,,,
1935,20/04/1984,2024-07-28 13:15:48,,,,,,,,,,,,,,,,,,
1936,24/07/1992,2024-07-28 13:35:35,,,,,,,,,,,,,,,,,,
1937,15/01/1981,2024-07-28 14:03:53,,,,,,,,,,,,,,,,,,
1939,17/02/1984,2024-07-28 16:05:50,,,,,,,,,,,,,,,,,,
1942,31/07/1981,2024-07-28 16:24:11,,,,,,,,,,,,,,,,,,
1943,20/01/1990,2024-07-28 16:32:57,,,,,,,,,,,,,,,,,,
1944,18/06/1990,2024-07-28 16:45:26,,,,,,,,,,,,,,,,,,
1945,17/01/1984,2024-07-28 17:02:39,,,,,,,,,,,,,,,,,,
1946,27/03/1984,2024-07-28 17:03:05,,,,,,,,,,,,,,,,,,
1947,15/09/1988,2024-07-28 17:04:44,,,,,,,,,,,,,,,,,,
1948,09/10/1975,2024-07-28 17:09:45,,,,,,,,,,,,,,,,,,
1949,07/02/1995,2024-11-29 22:35:53,,,,,,,,,,,,,,,,,,
1950,11/05/1993,2024-07-28 17:12:00,,,,,,,,,,,,,,,,,,
1951,20/03/1980,2024-07-28 17:27:34,,,,,,,,,,,,,,,,,,
1952,16/05/1990,2024-07-28 17:30:24,,,,,,,,,,,,,,,,,,
1953,10/06/1996,2024-12-06 11:34:29,,,,,,,,,,,,,,,,,,
1955,09/10/1995,2024-07-28 17:56:59,,,,,,,,,,,,,,,,,,
1956,07/02/1986,2024-07-28 18:04:17,,,,,,,,,,,,,,,,,,
1957,07/05/1987,2024-12-01 01:19:29,,,,,,,,,,,,,,,,,,
1959,25/08/1996,2024-12-19 19:06:51,,,,,,,,,,,,,,,,,,
1961,21/02/1961,2024-07-28 19:20:36,,,,,,,,,,,,,,,,,,
1962,14/04/2004,2024-07-28 19:23:23,,,,,,,,,,,,,,,,,,
1963,18/06/1979,2024-07-28 19:26:53,,,,,,,,,,,,,,,,,,
1964,24/09/1988,2024-07-28 20:02:11,,,,,,,,,,,,,,,,,,
1965,13/02/1978,2024-07-28 20:04:57,,,,,,,,,,,,,,,,,,
1966,12/08/1976,2024-07-28 20:29:37,,,,,,,,,,,,,,,,,,
1969,04/07/1991,2024-07-28 20:54:58,,,,,,,,,,,,,,,,,,
1971,25/03/1988,2024-07-28 20:58:49,,,,,,,,,,,,,,,,,,
1974,12/07/1979,2024-11-05 19:35:39,,,,,,,,,,,,,,,,,,
1975,08/12/1972,2024-07-28 21:20:27,,,,,,,,,,,,,,,,,,
1977,28/09/1995,2024-07-28 21:49:44,,,,,,,,,,,,,,,,,,
1978,03/10/1987,2024-07-28 22:31:01,,,,,,,,,,,,,,,,,,
1981,09/03/1988,2024-07-29 00:09:30,,,,,,,,,,,,,,,,,,
1984,06/10/1975,2024-07-29 03:59:25,,,,,,,,,,,,,,,,,,
1985,09/08/1985,2024-11-29 22:50:26,,,,,,,,,,,,,,,,,,
1988,15/09/1997,2024-07-29 10:43:14,,,,,,,,,,,,,,,,,,
1989,02/09/1982,2024-07-29 10:49:04,,,,,,,,,,,,,,,,,,
1990,10/01/1991,2024-07-29 10:54:05,,,,,,,,,,,,,,,,,,
1991,22/12/1990,2024-07-29 10:55:03,,,,,,,,,,,,,,,,,,
1994,29/07/1987,2024-07-29 11:13:18,,,,,,,,,,,,,,,,,,
1996,10/04/1988,2024-12-16 22:00:27,,,,,,,,,,,,,,,,,,
1997,11/11/1996,2024-07-29 12:43:06,,,,,,,,,,,,,,,,,,
1998,10/10/1995,2024-07-29 13:04:15,,,,,,,,,,,,,,,,,,
1999,22/06/1992,2024-07-29 13:07:42,,,,,,,,,,,,,,,,,,
2001,28/06/1997,2024-07-29 13:25:55,,,,,,,,,,,,,,,,,,
2002,27/11/1991,2024-12-28 13:40:19,,,,,,,,,,,,,,,,,,
2005,20/01/1990,2024-07-29 15:16:12,,,,,,,,,,,,,,,,,,
2008,12/01/1965,2024-07-29 15:42:50,,,,,,,,,,,,,,,,,,
2009,24/05/1996,2024-07-29 16:11:33,,,,,,,,,,,,,,,,,,
2014,27/10/1992,2024-07-29 17:58:20,,,,,,,,,,,,,,,,,,
2019,15/07/1979,2024-07-29 18:24:25,,,,,,,,,,,,,,,,,,
2020,30/07/1977,2024-12-05 17:51:56,,,,,,,,,,,,,,,,,,
2022,23/02/1992,2024-07-29 18:52:20,,,,,,,,,,,,,,,,,,
2023,14/02/1978,2024-07-29 19:18:31,,,,,,,,,,,,,,,,,,
2025,18/05/1974,2024-07-29 19:40:18,,,,,,,,,,,,,,,,,,
2030,30/07/1988,2024-07-29 19:53:42,,,,,,,,,,,,,,,,,,
2033,22/06/1994,2024-07-29 20:15:44,,,,,,,,,,,,,,,,,,
2035,11/07/1982,2024-07-29 21:05:10,,,,,,,,,,,,,,,,,,
2037,25/05/1987,2024-07-29 21:26:25,,,,,,,,,,,,,,,,,,
2038,17/08/1991,2024-07-29 21:37:32,,,,,,,,,,,,,,,,,,
2039,18/08/1992,2024-07-29 21:37:57,,,,,,,,,,,,,,,,,,
2041,20/05/1995,2024-07-29 22:43:37,,,,,,,,,,,,,,,,,,
2042,12/11/1983,2024-07-29 22:56:39,,,,,,,,,,,,,,,,,,
2045,13/01/1992,2024-10-22 05:23:40,,,,,,,,,,,,,,,,,,
2046,18/03/1978,2024-12-04 22:40:36,,,,,,,,,,,,,,,,,,
2049,29/05/1980,2024-11-23 03:18:24,,,,,,,,,,,,,,,,,,
2052,05/10/1970,2024-07-30 06:50:08,,,,,,,,,,,,,,,,,,
2058,28/06/1974,2024-07-30 08:34:06,,,,,,,,,,,,,,,,,,
2059,09/10/1973,2024-12-08 13:26:33,,,,,,,,,,,,,,,,,,
2061,03/01/1991,2024-07-30 09:16:31,,,,,,,,,,,,,,,,,,
2062,13/02/2001,2024-12-07 23:11:52,,,,,,,,,,,,,,,,,,
2063,25/09/1997,2024-07-30 09:36:13,,,,,,,,,,,,,,,,,,
2064,30/10/1988,2024-10-25 19:39:30,,,,,,,,,,,,,,,,,,
2065,09/05/1994,2024-07-30 10:27:37,,,,,,,,,,,,,,,,,,
2070,02/08/1997,2024-07-30 11:56:20,,,,,,,,,,,,,,,,,,
2071,31/12/1980,2024-07-30 12:04:16,,,,,,,,,,,,,,,,,,
2073,20/06/1980,2024-07-30 12:54:29,,,,,,,,,,,,,,,,,,
2076,23/11/1985,2024-07-30 13:41:10,,,,,,,,,,,,,,,,,,
2077,12/02/1978,2024-07-30 14:04:40,,,,,,,,,,,,,,,,,,
2078,10/02/1991,2024-07-30 14:06:53,,,,,,,,,,,,,,,,,,
2079,19/08/1993,2024-07-30 14:07:07,,,,,,,,,,,,,,,,,,
2080,13/03/1988,2024-07-30 14:07:50,,,,,,,,,,,,,,,,,,
2083,17/08/1985,2024-07-30 14:35:05,,,,,,,,,,,,,,,,,,
2086,31/05/1980,2024-07-30 15:14:41,,,,,,,,,,,,,,,,,,
2094,07/02/1964,2024-07-30 17:56:34,,,,,,,,,,,,,,,,,,
2095,16/01/1981,2024-07-30 18:04:28,,,,,,,,,,,,,,,,,,
2096,01/06/1978,2024-07-30 18:09:32,,,,,,,,,,,,,,,,,,
2098,12/06/1992,2024-07-30 18:19:15,,,,,,,,,,,,,,,,,,
2099,17/06/1991,2024-07-30 18:35:35,,,,,,,,,,,,,,,,,,
2103,19/05/1994,2024-07-30 20:14:54,,,,,,,,,,,,,,,,,,
2104,23/07/1993,2024-07-30 20:37:20,,,,,,,,,,,,,,,,,,
2105,23/05/1976,2024-07-30 20:38:14,,,,,,,,,,,,,,,,,,
2106,24/03/1985,2024-07-30 21:23:01,,,,,,,,,,,,,,,,,,
2111,17/06/1993,2024-11-27 14:19:20,,,,,,,,,,,,,,,,,,
2112,21/11/1982,2024-11-23 04:03:35,,,,,,,,,,,,,,,,,,
2113,09/09/1988,2024-07-30 23:10:25,,,,,,,,,,,,,,,,,,
2114,14/11/1993,2024-07-30 23:14:13,,,,,,,,,,,,,,,,,,
2115,11/05/1989,2024-07-30 23:15:45,,,,,,,,,,,,,,,,,,
2117,07/03/1959,2024-07-30 23:43:11,,,,,,,,,,,,,,,,,,
2119,04/08/1993,2024-07-31 00:40:27,,,,,,,,,,,,,,,,,,
2120,05/05/1980,2024-07-31 01:33:04,,,,,,,,,,,,,,,,,,
2121,06/11/1992,2024-07-31 01:35:23,,,,,,,,,,,,,,,,,,
2122,17/10/1997,2024-07-31 02:37:23,,,,,,,,,,,,,,,,,,
2123,18/11/1969,2024-07-31 04:17:12,,,,,,,,,,,,,,,,,,
2127,27/07/1985,2024-07-31 08:25:08,,,,,,,,,,,,,,,,,,
2128,03/12/1996,2024-07-31 08:54:35,,,,,,,,,,,,,,,,,,
2132,18/10/1991,2024-07-31 10:40:34,,,,,,,,,,,,,,,,,,
2135,25/11/2000,2024-07-31 11:00:09,,,,,,,,,,,,,,,,,,
2137,05/05/1998,2024-07-31 11:21:40,,,,,,,,,,,,,,,,,,
2138,03/08/1989,2024-07-31 11:37:41,,,,,,,,,,,,,,,,,,
2139,21/03/1993,2024-07-31 11:56:58,,,,,,,,,,,,,,,,,,
2140,18/01/1991,2024-07-31 11:59:36,,,,,,,,,,,,,,,,,,
2141,02/12/1994,2024-07-31 13:08:33,,,,,,,,,,,,,,,,,,
2142,20/08/1990,2024-07-31 14:00:17,,,,,,,,,,,,,,,,,,
2143,07/06/2000,2024-07-31 14:45:54,,,,,,,,,,,,,,,,,,
2144,01/10/2000,2024-07-31 15:02:47,,,,,,,,,,,,,,,,,,
2146,12/06/1992,2024-07-31 15:12:59,,,,,,,,,,,,,,,,,,
2147,29/06/1991,2024-07-31 15:34:40,,,,,,,,,,,,,,,,,,
2152,27/08/1985,2024-07-31 16:53:24,,,,,,,,,,,,,,,,,,
2154,27/08/1985,2024-07-31 17:32:40,,,,,,,,,,,,,,,,,,
2155,08/02/1992,2024-07-31 17:57:39,,,,,,,,,,,,,,,,,,
2156,21/12/1989,2024-11-29 23:09:14,,,,,,,,,,,,,,,,,,
2157,21/12/1995,2024-07-31 19:04:41,,,,,,,,,,,,,,,,,,
2159,20/07/1978,2024-07-31 20:37:05,,,,,,,,,,,,,,,,,,
2160,27/06/1988,2024-12-27 19:03:11,,,,,,,,,,,,,,,,,,
2162,15/11/1995,2024-07-31 20:43:08,,,,,,,,,,,,,,,,,,
2163,14/11/1990,2024-07-31 20:46:02,,,,,,,,,,,,,,,,,,
2164,04/12/1999,2024-07-31 20:57:51,,,,,,,,,,,,,,,,,,
2166,02/10/1992,2024-07-31 21:27:18,,,,,,,,,,,,,,,,,,
2167,24/07/1992,2024-07-31 21:36:35,,,,,,,,,,,,,,,,,,
2168,15/11/1997,2024-07-31 21:40:26,,,,,,,,,,,,,,,,,,
2169,13/06/1989,2024-12-17 06:38:52,,,,,,,,,,,,,,,,,,
2170,15/05/1984,2025-01-03 14:57:01,,,,,,,,,,,,,,,,,,
2171,10/03/1998,2024-07-31 22:21:17,,,,,,,,,,,,,,,,,,
2173,15/01/1993,2024-07-31 23:39:12,,,,,,,,,,,,,,,,,,
2174,03/08/1997,2024-07-31 23:46:34,,,,,,,,,,,,,,,,,,
2175,29/04/1987,2024-07-31 23:50:43,,,,,,,,,,,,,,,,,,
2176,20/11/1998,2024-08-01 00:05:40,,,,,,,,,,,,,,,,,,
2177,04/11/1999,2024-08-01 00:09:47,,,,,,,,,,,,,,,,,,
2178,02/06/1995,2024-08-01 00:12:04,,,,,,,,,,,,,,,,,,
2179,23/10/1991,2024-08-01 00:32:53,,,,,,,,,,,,,,,,,,
2180,15/11/1997,2024-08-01 02:43:19,,,,,,,,,,,,,,,,,,
2181,15/11/1995,2024-08-01 03:00:16,,,,,,,,,,,,,,,,,,
2182,14/12/1992,2024-08-01 03:50:55,,,,,,,,,,,,,,,,,,
2183,24/02/1989,2024-08-01 05:29:20,,,,,,,,,,,,,,,,,,
2185,10/06/1994,2024-08-01 07:17:40,,,,,,,,,,,,,,,,,,
2187,06/11/1995,2024-08-01 08:03:24,,,,,,,,,,,,,,,,,,
2188,19/07/1990,2024-08-01 08:46:55,,,,,,,,,,,,,,,,,,
2189,18/07/1992,2024-08-01 09:09:35,,,,,,,,,,,,,,,,,,
2190,08/11/1981,2024-08-01 09:09:35,,,,,,,,,,,,,,,,,,
2191,06/11/1999,2024-08-01 09:18:21,,,,,,,,,,,,,,,,,,
2192,08/12/1979,2024-08-01 09:30:57,,,,,,,,,,,,,,,,,,
2193,13/01/1998,2024-08-01 10:09:52,,,,,,,,,,,,,,,,,,
2194,15/01/1991,2024-12-15 09:31:20,,,,,,,,,,,,,,,,,,
2196,21/10/1992,2024-08-01 12:59:07,,,,,,,,,,,,,,,,,,
2197,03/03/1989,2024-08-01 13:47:20,,,,,,,,,,,,,,,,,,
2198,30/07/1989,2024-08-01 14:11:42,,,,,,,,,,,,,,,,,,
2199,27/03/1978,2024-11-30 22:49:36,,,,,,,,,,,,,,,,,,
2201,13/08/1992,2024-08-01 18:49:18,,,,,,,,,,,,,,,,,,
2202,16/10/1989,2024-08-01 20:43:48,,,,,,,,,,,,,,,,,,
2204,25/03/1997,2024-08-02 12:40:03,,,,,,,,,,,,,,,,,,
2205,20/12/1968,2024-08-02 12:42:57,,,,,,,,,,,,,,,,,,
2206,30/10/2003,2024-08-02 13:02:27,,,,,,,,,,,,,,,,,,
2210,01/05/1986,2024-08-02 15:48:17,,,,,,,,,,,,,,,,,,
2211,10/06/1991,2024-08-02 16:59:45,,,,,,,,,,,,,,,,,,
2212,13/10/1986,2024-08-02 17:04:36,,,,,,,,,,,,,,,,,,
2213,09/06/1996,2024-12-20 17:46:59,,,,,,,,,,,,,,,,,,
2214,01/10/1995,2024-08-02 20:21:36,,,,,,,,,,,,,,,,,,
2215,01/10/1995,2024-08-02 20:59:48,,,,,,,,,,,,,,,,,,
2216,17/12/1988,2024-08-02 23:11:22,,,,,,,,,,,,,,,,,,
2217,29/11/1991,2024-08-03 00:57:53,,,,,,,,,,,,,,,,,,
2220,30/12/1997,2024-08-03 05:48:45,,,,,,,,,,,,,,,,,,
2222,10/09/1993,2024-08-03 11:59:26,,,,,,,,,,,,,,,,,,
2224,17/08/1996,2024-08-03 12:40:25,,,,,,,,,,,,,,,,,,
2225,06/09/1993,2024-12-17 21:28:32,,,,,,,,,,,,,,,,,,
2226,29/12/1999,2024-08-03 13:27:33,,,,,,,,,,,,,,,,,,
2227,22/04/1990,2024-08-03 14:03:57,,,,,,,,,,,,,,,,,,
2228,03/06/2000,2024-08-03 14:38:00,,,,,,,,,,,,,,,,,,
2229,21/02/1993,2024-12-05 14:26:45,,,,,,,,,,,,,,,,,,
2230,13/06/1993,2024-08-03 15:16:00,,,,,,,,,,,,,,,,,,
2232,07/06/1989,2024-08-03 17:08:44,,,,,,,,,,,,,,,,,,
2233,14/03/1990,2024-08-03 17:30:45,,,,,,,,,,,,,,,,,,
2234,25/10/1991,2024-08-03 20:26:50,,,,,,,,,,,,,,,,,,
2235,17/09/1975,2024-08-03 21:14:24,,,,,,,,,,,,,,,,,,
2236,25/09/2000,2024-08-03 21:27:17,,,,,,,,,,,,,,,,,,
2237,01/06/1956,2024-08-03 22:15:57,,,,,,,,,,,,,,,,,,
2239,26/01/1990,2024-08-04 14:24:15,,,,,,,,,,,,,,,,,,
2240,17/05/1994,2024-08-04 15:18:20,,,,,,,,,,,,,,,,,,
2244,17/03/1981,2024-08-05 02:57:52,,,,,,,,,,,,,,,,,,
2246,03/07/1972,2024-08-05 07:35:17,,,,,,,,,,,,,,,,,,
2248,21/08/1998,2024-08-05 15:10:39,,,,,,,,,,,,,,,,,,
2250,20/03/1998,2024-08-05 16:54:41,,,,,,,,,,,,,,,,,,
2253,17/02/1994,2024-08-05 18:23:51,,,,,,,,,,,,,,,,,,
2255,26/01/1992,2024-08-05 18:34:24,,,,,,,,,,,,,,,,,,
2259,01/10/1970,2024-08-05 20:53:18,,,,,,,,,,,,,,,,,,
2262,10/01/1990,2024-08-05 21:15:46,,,,,,,,,,,,,,,,,,
2263,08/11/1993,2024-08-05 21:18:35,,,,,,,,,,,,,,,,,,
2267,12/09/1989,2024-08-06 04:30:33,,,,,,,,,,,,,,,,,,
2268,06/07/1995,2024-12-17 21:18:25,,,,,,,,,,,,,,,,,,
2269,15/02/1996,2024-08-06 10:05:13,,,,,,,,,,,,,,,,,,
2271,05/12/1984,2024-08-06 14:08:30,,,,,,,,,,,,,,,,,,
2274,20/01/1993,2024-08-06 14:17:46,,,,,,,,,,,,,,,,,,
2277,25/11/1990,2024-08-06 16:55:24,,,,,,,,,,,,,,,,,,
2279,24/04/2001,2024-11-29 23:19:15,,,,,,,,,,,,,,,,,,
2280,25/09/1992,2024-08-06 22:34:49,,,,,,,,,,,,,,,,,,
2283,15/06/1997,2024-08-07 02:02:11,,,,,,,,,,,,,,,,,,
2284,24/10/1971,2024-08-07 05:58:41,,,,,,,,,,,,,,,,,,
2287,26/01/1996,2024-08-07 11:58:28,,,,,,,,,,,,,,,,,,
2288,20/06/1993,2024-08-07 12:05:42,,,,,,,,,,,,,,,,,,
2289,23/12/1962,2024-08-07 15:01:00,,,,,,,,,,,,,,,,,,
2291,21/03/1986,2024-08-07 19:18:46,,,,,,,,,,,,,,,,,,
2292,07/06/1970,2024-08-07 19:32:32,,,,,,,,,,,,,,,,,,
2295,07/05/1984,2024-08-07 21:00:23,,,,,,,,,,,,,,,,,,
2305,25/05/1990,2024-08-08 06:11:03,,,,,,,,,,,,,,,,,,
2306,05/12/1996,2024-08-08 07:05:11,,,,,,,,,,,,,,,,,,
2308,18/12/2002,2024-08-08 07:29:06,,,,,,,,,,,,,,,,,,
2318,26/10/1978,2024-08-09 10:49:37,,,,,,,,,,,,,,,,,,
2319,04/03/1987,2024-08-09 12:09:24,,,,,,,,,,,,,,,,,,
2320,18/09/1978,2024-08-09 12:19:48,,,,,,,,,,,,,,,,,,
2325,08/04/1997,2024-08-09 14:06:05,,,,,,,,,,,,,,,,,,
2328,27/03/1989,2024-08-09 21:04:45,,,,,,,,,,,,,,,,,,
2329,05/09/1997,2024-08-10 00:23:42,,,,,,,,,,,,,,,,,,
2334,27/08/1982,2024-08-10 11:41:29,,,,,,,,,,,,,,,,,,
2338,07/04/1989,2024-08-10 23:13:25,,,,,,,,,,,,,,,,,,
2340,10/07/1989,2024-08-11 00:26:09,,,,,,,,,,,,,,,,,,
2342,27/08/1995,2024-08-11 02:15:51,,,,,,,,,,,,,,,,,,
2344,19/12/1974,2024-08-11 14:35:32,,,,,,,,,,,,,,,,,,
2347,16/05/1997,2024-08-11 16:43:48,,,,,,,,,,,,,,,,,,
2349,25/10/1970,2024-10-24 23:24:15,,,,,,,,,,,,,,,,,,
2351,15/07/1972,2024-08-11 23:48:39,,,,,,,,,,,,,,,,,,
2354,23/11/1996,2024-08-12 02:36:41,,,,,,,,,,,,,,,,,,
2355,04/11/1986,2024-08-12 02:56:48,,,,,,,,,,,,,,,,,,
2362,28/05/1978,2024-08-12 08:49:48,,,,,,,,,,,,,,,,,,
2369,17/06/1996,2024-08-12 13:31:46,,,,,,,,,,,,,,,,,,
2371,31/12/1990,2024-08-12 15:12:07,,,,,,,,,,,,,,,,,,
2374,25/02/1999,2024-08-12 18:03:03,,,,,,,,,,,,,,,,,,
2376,09/11/1978,2024-08-12 19:51:08,,,,,,,,,,,,,,,,,,
2378,23/08/1985,2024-08-12 21:36:06,,,,,,,,,,,,,,,,,,
2381,13/02/1998,2024-11-14 17:23:57,,,,,,,,,,,,,,,,,,
2384,04/10/1996,2024-08-12 22:20:00,,,,,,,,,,,,,,,,,,
2385,28/02/1982,2024-08-12 22:33:49,,,,,,,,,,,,,,,,,,
2386,22/03/1984,2024-08-12 22:34:42,,,,,,,,,,,,,,,,,,
2387,30/11/1990,2024-08-12 23:05:52,,,,,,,,,,,,,,,,,,
2389,13/09/1981,2024-08-13 00:32:09,,,,,,,,,,,,,,,,,,
2390,17/03/1982,2024-08-13 01:30:08,,,,,,,,,,,,,,,,,,
2393,22/01/1972,2024-08-13 05:01:37,,,,,,,,,,,,,,,,,,
2395,08/11/1995,2024-10-22 08:03:31,,,,,,,,,,,,,,,,,,
2396,16/12/1972,2024-08-13 06:32:47,,,,,,,,,,,,,,,,,,
2400,09/05/1989,2024-08-13 08:51:09,,,,,,,,,,,,,,,,,,
2401,10/11/1971,2024-08-13 10:15:28,,,,,,,,,,,,,,,,,,
2402,23/11/1980,2024-08-13 11:02:20,,,,,,,,,,,,,,,,,,
2406,20/12/1988,2024-08-13 13:24:44,,,,,,,,,,,,,,,,,,
2407,28/07/1978,2024-08-13 13:29:16,,,,,,,,,,,,,,,,,,
2408,05/09/1982,2024-08-13 13:30:39,,,,,,,,,,,,,,,,,,
2409,29/10/1992,2024-08-13 13:41:02,,,,,,,,,,,,,,,,,,
2411,15/08/1995,2024-08-13 15:07:28,,,,,,,,,,,,,,,,,,
2413,04/02/1992,2024-08-13 15:28:28,,,,,,,,,,,,,,,,,,
2417,14/06/1988,2024-08-13 16:05:09,,,,,,,,,,,,,,,,,,
2418,05/09/1991,2024-08-13 16:41:19,,,,,,,,,,,,,,,,,,
2420,03/02/1966,2024-08-13 17:24:55,,,,,,,,,,,,,,,,,,
2421,25/10/1991,2024-08-13 17:41:40,,,,,,,,,,,,,,,,,,
2424,19/11/1996,2024-08-13 19:14:56,,,,,,,,,,,,,,,,,,
2426,28/11/1983,2024-08-13 19:37:37,,,,,,,,,,,,,,,,,,
2431,16/02/1978,2024-11-20 23:53:57,,,,,,,,,,,,,,,,,,
2432,27/03/1985,2024-08-13 22:05:46,,,,,,,,,,,,,,,,,,
2433,21/03/1988,2024-08-13 22:56:16,,,,,,,,,,,,,,,,,,
2437,12/10/1989,2024-08-13 23:21:39,,,,,,,,,,,,,,,,,,
2438,24/06/1993,2024-08-14 00:12:20,,,,,,,,,,,,,,,,,,
2445,22/02/1987,2024-08-14 06:18:49,,,,,,,,,,,,,,,,,,
2446,04/04/1994,2024-08-14 08:12:37,,,,,,,,,,,,,,,,,,
2448,01/07/1988,2024-08-14 09:16:38,,,,,,,,,,,,,,,,,,
2451,26/01/1977,2024-08-14 10:04:24,,,,,,,,,,,,,,,,,,
2454,02/05/1980,2024-08-14 10:43:21,,,,,,,,,,,,,,,,,,
2455,29/04/1994,2024-08-14 11:34:45,,,,,,,,,,,,,,,,,,
2456,06/01/1992,2024-08-14 11:46:06,,,,,,,,,,,,,,,,,,
2457,22/01/1986,2024-08-14 12:09:20,,,,,,,,,,,,,,,,,,
2458,28/06/1966,2024-08-14 13:09:13,,,,,,,,,,,,,,,,,,
2459,17/05/1984,2024-08-14 13:17:18,,,,,,,,,,,,,,,,,,
2464,17/07/1986,2024-11-26 14:29:49,,,,,,,,,,,,,,,,,,
2468,22/09/1988,2024-08-14 15:46:25,,,,,,,,,,,,,,,,,,
2469,07/02/1978,2024-08-14 16:44:47,,,,,,,,,,,,,,,,,,
2471,17/08/1990,2024-08-14 17:52:24,,,,,,,,,,,,,,,,,,
2473,12/09/2010,2024-08-14 20:26:47,,,,,,,,,,,,,,,,,,
2474,21/10/1988,2024-11-23 19:58:20,,,,,,,,,,,,,,,,,,
2475,17/08/1990,2024-08-14 21:10:29,,,,,,,,,,,,,,,,,,
2477,06/02/1988,2024-08-14 21:33:32,,,,,,,,,,,,,,,,,,
2484,24/10/1974,2024-08-15 05:09:22,,,,,,,,,,,,,,,,,,
2485,26/02/1987,2024-08-15 05:44:46,,,,,,,,,,,,,,,,,,
2486,03/11/1975,2024-12-03 22:58:55,,,,,,,,,,,,,,,,,,
2488,26/08/1980,2024-08-15 07:47:22,,,,,,,,,,,,,,,,,,
2490,14/07/1996,2024-08-15 09:06:21,,,,,,,,,,,,,,,,,,
2491,04/07/1977,2024-08-15 09:45:54,,,,,,,,,,,,,,,,,,
2492,10/07/1987,2024-08-15 10:09:53,,,,,,,,,,,,,,,,,,
2497,14/01/1999,2024-08-15 13:50:21,,,,,,,,,,,,,,,,,,
2499,29/01/1967,2024-10-29 10:56:06,,,,,,,,,,,,,,,,,,
2500,28/04/1972,2024-11-22 05:29:48,,,,,,,,,,,,,,,,,,
2501,05/03/1992,2024-10-21 11:44:41,,,,,,,,,,,,,,,,,,
2503,19/07/1990,2024-08-15 15:47:15,,,,,,,,,,,,,,,,,,
2507,07/05/1994,2024-08-15 18:28:38,,,,,,,,,,,,,,,,,,
2509,17/12/1991,2024-11-16 11:53:29,,,,,,,,,,,,,,,,,,
2515,13/04/1971,2024-08-16 02:35:47,,,,,,,,,,,,,,,,,,
2517,30/01/1985,2024-08-16 05:29:19,,,,,,,,,,,,,,,,,,
2518,22/08/1990,2024-08-16 06:56:02,,,,,,,,,,,,,,,,,,
2522,19/06/1980,2024-08-16 08:59:43,,,,,,,,,,,,,,,,,,
2523,18/12/1977,2024-08-16 09:52:15,,,,,,,,,,,,,,,,,,
2525,18/03/1980,2024-08-16 10:25:51,,,,,,,,,,,,,,,,,,
2528,08/07/1999,2024-08-16 11:21:04,,,,,,,,,,,,,,,,,,
2529,11/08/1994,2024-08-16 11:25:58,,,,,,,,,,,,,,,,,,
2532,05/10/1992,2024-08-16 12:54:48,,,,,,,,,,,,,,,,,,
2533,11/07/1983,2024-08-16 13:52:44,,,,,,,,,,,,,,,,,,
2538,12/01/1988,2024-08-16 15:30:31,,,,,,,,,,,,,,,,,,
2542,14/09/1988,2024-11-25 14:30:20,,,,,,,,,,,,,,,,,,
2543,13/01/1997,2024-11-26 13:35:49,,,,,,,,,,,,,,,,,,
2547,15/09/1995,2024-08-16 17:07:27,,,,,,,,,,,,,,,,,,
2548,10/07/1996,2024-08-16 17:40:48,,,,,,,,,,,,,,,,,,
2549,18/03/1987,2024-08-16 17:51:17,,,,,,,,,,,,,,,,,,
2550,29/10/1973,2024-11-25 14:18:22,,,,,,,,,,,,,,,,,,
2552,28/12/1980,2024-08-16 18:22:26,,,,,,,,,,,,,,,,,,
2554,18/11/1997,2024-08-16 18:39:57,,,,,,,,,,,,,,,,,,
2555,02/01/1978,2024-08-16 19:08:56,,,,,,,,,,,,,,,,,,
2557,18/05/1985,2024-08-16 19:14:21,,,,,,,,,,,,,,,,,,
2560,11/06/1991,2024-08-16 19:50:27,,,,,,,,,,,,,,,,,,
2565,05/09/1986,2024-08-16 20:26:06,,,,,,,,,,,,,,,,,,
2567,08/01/1993,2024-08-16 20:49:35,,,,,,,,,,,,,,,,,,
2569,11/11/1986,2024-08-16 22:03:07,,,,,,,,,,,,,,,,,,
2570,03/01/1973,2024-12-17 09:30:57,,,,,,,,,,,,,,,,,,
2571,29/08/1987,2024-08-16 22:20:14,,,,,,,,,,,,,,,,,,
2573,16/01/1972,2024-08-16 22:35:21,,,,,,,,,,,,,,,,,,
2574,09/02/1995,2024-08-16 23:01:47,,,,,,,,,,,,,,,,,,
2575,03/03/1982,2024-08-16 23:04:26,,,,,,,,,,,,,,,,,,
2576,08/04/1992,2024-08-16 23:32:18,,,,,,,,,,,,,,,,,,
2578,11/05/1986,2024-08-16 23:35:47,,,,,,,,,,,,,,,,,,
2580,02/05/1995,2024-08-17 00:39:47,,,,,,,,,,,,,,,,,,
2583,19/08/1989,2024-12-02 02:46:25,,,,,,,,,,,,,,,,,,
2584,16/08/1977,2024-08-17 05:24:01,,,,,,,,,,,,,,,,,,
2585,10/01/1977,2024-08-17 05:32:22,,,,,,,,,,,,,,,,,,
2586,04/02/1979,2024-08-17 05:48:53,,,,,,,,,,,,,,,,,,
2587,10/03/1990,2024-08-17 05:56:56,,,,,,,,,,,,,,,,,,
2589,11/07/1991,2024-08-17 07:05:56,,,,,,,,,,,,,,,,,,
2590,12/03/1968,2024-08-17 07:20:19,,,,,,,,,,,,,,,,,,
2592,04/02/1970,2024-08-17 07:48:29,,,,,,,,,,,,,,,,,,
2595,21/09/1986,2024-08-17 08:45:39,,,,,,,,,,,,,,,,,,
2598,15/10/1974,2024-08-17 09:09:00,,,,,,,,,,,,,,,,,,
2604,06/12/1996,2024-08-17 11:28:07,,,,,,,,,,,,,,,,,,
2606,01/02/1997,2024-08-17 12:03:27,,,,,,,,,,,,,,,,,,
2608,01/06/1990,2024-08-17 13:06:48,,,,,,,,,,,,,,,,,,
2609,21/11/1995,2024-08-17 13:35:19,,,,,,,,,,,,,,,,,,
2613,04/11/1975,2024-08-17 16:14:29,,,,,,,,,,,,,,,,,,
2617,12/10/1971,2024-08-17 17:17:04,,,,,,,,,,,,,,,,,,
2619,05/07/1985,2024-08-17 17:40:30,,,,,,,,,,,,,,,,,,
2621,28/07/1996,2024-08-17 17:49:37,,,,,,,,,,,,,,,,,,
2623,21/07/1962,2024-08-17 18:00:46,,,,,,,,,,,,,,,,,,
2625,14/11/1976,2024-08-17 18:45:50,,,,,,,,,,,,,,,,,,
2629,28/02/1989,2024-08-17 20:29:53,,,,,,,,,,,,,,,,,,
2630,18/07/1993,2024-12-01 23:11:38,,,,,,,,,,,,,,,,,,
2632,29/06/1990,2024-08-17 20:53:15,,,,,,,,,,,,,,,,,,
2633,09/09/1992,2024-08-17 20:57:29,,,,,,,,,,,,,,,,,,
2634,08/06/1979,2024-08-17 21:12:14,,,,,,,,,,,,,,,,,,
2641,05/11/1992,2024-08-17 21:52:02,,,,,,,,,,,,,,,,,,
2646,08/01/1998,2024-08-18 01:24:20,,,,,,,,,,,,,,,,,,
2650,15/04/1988,2024-08-18 06:43:51,,,,,,,,,,,,,,,,,,
2652,22/09/1994,2024-08-18 07:51:29,,,,,,,,,,,,,,,,,,
2654,13/07/1996,2024-08-18 08:13:05,,,,,,,,,,,,,,,,,,
2655,28/12/1982,2024-11-24 08:06:10,,,,,,,,,,,,,,,,,,
2658,03/10/1992,2024-08-18 12:46:53,,,,,,,,,,,,,,,,,,
2661,21/09/1992,2024-10-22 14:29:01,,,,,,,,,,,,,,,,,,
2662,12/11/1984,2024-11-23 20:36:04,,,,,,,,,,,,,,,,,,
2663,27/06/1987,2024-08-18 14:03:00,,,,,,,,,,,,,,,,,,
2664,18/05/1981,2024-10-22 20:47:19,,,,,,,,,,,,,,,,,,
2666,23/10/1982,2024-08-18 14:41:34,,,,,,,,,,,,,,,,,,
2668,29/05/2005,2024-08-18 15:05:25,,,,,,,,,,,,,,,,,,
2671,12/09/1987,2024-08-18 16:22:09,,,,,,,,,,,,,,,,,,
2673,09/06/1985,2024-08-18 17:57:23,,,,,,,,,,,,,,,,,,
2678,29/03/1985,2024-08-18 19:35:13,,,,,,,,,,,,,,,,,,
2679,02/08/1980,2024-08-18 19:41:07,,,,,,,,,,,,,,,,,,
2681,24/05/1994,2024-08-18 19:51:32,,,,,,,,,,,,,,,,,,
2684,24/06/1997,2024-10-22 10:30:27,,,,,,,,,,,,,,,,,,
2686,10/08/1975,2024-08-18 22:54:51,,,,,,,,,,,,,,,,,,
2687,30/04/1986,2024-11-26 19:42:05,,,,,,,,,,,,,,,,,,
2690,25/08/1986,2024-08-18 23:44:02,,,,,,,,,,,,,,,,,,
2692,06/04/1970,2024-11-23 21:35:31,,,,,,,,,,,,,,,,,,
2695,28/05/1988,2024-12-19 20:24:54,,,,,,,,,,,,,,,,,,
2697,04/07/1998,2024-08-19 16:38:45,,,,,,,,,,,,,,,,,,
2700,17/02/1992,2024-08-19 20:06:35,,,,,,,,,,,,,,,,,,
2701,04/04/1987,2024-08-19 20:19:56,,,,,,,,,,,,,,,,,,
2706,01/01/1996,2024-08-20 02:21:48,,,,,,,,,,,,,,,,,,
2711,09/09/1965,2024-08-20 11:37:24,,,,,,,,,,,,,,,,,,
2712,25/12/1985,2024-08-20 11:37:49,,,,,,,,,,,,,,,,,,
2713,04/11/2001,2024-08-20 12:10:54,,,,,,,,,,,,,,,,,,
2717,08/08/2003,2024-08-20 18:25:50,,,,,,,,,,,,,,,,,,
2727,14/12/1981,2024-08-21 05:32:26,,,,,,,,,,,,,,,,,,
2728,05/12/1992,2024-08-21 07:19:22,,,,,,,,,,,,,,,,,,
2730,18/08/1977,2024-08-21 10:00:46,,,,,,,,,,,,,,,,,,
2737,28/05/1982,2024-12-20 08:48:42,,,,,,,,,,,,,,,,,,
2738,10/01/1989,2024-08-21 22:18:56,,,,,,,,,,,,,,,,,,
2742,23/09/1972,2024-12-09 17:20:00,,,,,,,,,,,,,,,,,,
2749,05/12/1992,2024-08-22 10:31:18,,,,,,,,,,,,,,,,,,
2750,19/11/1992,2024-11-25 09:09:41,,,,,,,,,,,,,,,,,,
2752,31/03/1980,2024-08-22 10:51:28,,,,,,,,,,,,,,,,,,
2754,06/05/1974,2024-08-22 11:17:49,,,,,,,,,,,,,,,,,,
2756,15/02/1973,2024-08-22 11:17:57,,,,,,,,,,,,,,,,,,
2757,24/03/1987,2024-08-22 11:19:56,,,,,,,,,,,,,,,,,,
2758,27/04/1989,2024-08-22 11:21:09,,,,,,,,,,,,,,,,,,
2761,16/02/1987,2024-08-22 11:48:02,,,,,,,,,,,,,,,,,,
2764,15/10/1997,2024-08-22 12:12:58,,,,,,,,,,,,,,,,,,
2766,23/12/1978,2024-08-22 12:18:46,,,,,,,,,,,,,,,,,,
2769,15/05/1984,2024-08-22 12:23:46,,,,,,,,,,,,,,,,,,
2772,24/01/1985,2024-12-06 20:19:03,,,,,,,,,,,,,,,,,,
2773,07/05/1983,2024-08-22 13:05:21,,,,,,,,,,,,,,,,,,
2774,09/03/1996,2024-08-22 13:06:46,,,,,,,,,,,,,,,,,,
2778,14/10/1984,2024-08-22 13:58:42,,,,,,,,,,,,,,,,,,
2781,06/11/1983,2024-08-22 14:23:31,,,,,,,,,,,,,,,,,,
2783,03/08/1992,2024-08-22 14:28:01,,,,,,,,,,,,,,,,,,
2784,15/09/1983,2024-08-22 14:34:23,,,,,,,,,,,,,,,,,,
2787,20/12/1977,2024-08-22 15:16:51,,,,,,,,,,,,,,,,,,
2788,30/01/1979,2024-08-22 15:37:37,,,,,,,,,,,,,,,,,,
2789,02/03/1982,2024-08-22 15:50:12,,,,,,,,,,,,,,,,,,
2790,05/12/1946,2024-12-30 01:09:09,,,,,,,,,,,,,,,,,,
2791,03/06/1985,2024-08-22 16:06:17,,,,,,,,,,,,,,,,,,
2793,07/03/1982,2024-08-22 16:19:18,,,,,,,,,,,,,,,,,,
2794,26/06/1982,2024-08-22 16:37:29,,,,,,,,,,,,,,,,,,
2799,02/05/1993,2024-08-22 17:47:36,,,,,,,,,,,,,,,,,,
2803,01/08/1969,2024-08-22 18:22:01,,,,,,,,,,,,,,,,,,
2804,25/03/1990,2024-12-05 21:39:44,,,,,,,,,,,,,,,,,,
2805,03/01/1994,2024-08-22 18:45:50,,,,,,,,,,,,,,,,,,
2806,05/12/1989,2024-08-22 18:57:31,,,,,,,,,,,,,,,,,,
2808,24/03/1972,2024-08-22 19:02:10,,,,,,,,,,,,,,,,,,
2813,23/07/1982,2024-08-22 19:49:34,,,,,,,,,,,,,,,,,,
2814,28/01/1976,2024-08-22 20:03:38,,,,,,,,,,,,,,,,,,
2819,27/10/1990,2024-08-22 20:32:42,,,,,,,,,,,,,,,,,,
2825,15/11/1989,2024-08-22 21:00:38,,,,,,,,,,,,,,,,,,
2827,01/12/1992,2024-11-23 15:12:38,,,,,,,,,,,,,,,,,,
2828,03/01/1979,2024-11-23 13:10:47,,,,,,,,,,,,,,,,,,
2829,11/02/1966,2024-08-22 21:19:44,,,,,,,,,,,,,,,,,,
2832,25/04/1987,2024-08-22 21:36:05,,,,,,,,,,,,,,,,,,
2834,11/05/1984,2024-08-22 21:41:10,,,,,,,,,,,,,,,,,,
2839,06/10/1972,2024-08-22 21:54:39,,,,,,,,,,,,,,,,,,
2840,02/01/1978,2024-08-22 21:57:11,,,,,,,,,,,,,,,,,,
2841,24/03/1991,2024-08-22 22:04:06,,,,,,,,,,,,,,,,,,
2842,15/09/1985,2024-08-22 22:06:00,,,,,,,,,,,,,,,,,,
2845,25/01/1987,2024-08-22 22:16:10,,,,,,,,,,,,,,,,,,
2848,17/06/1963,2024-12-13 21:01:57,,,,,,,,,,,,,,,,,,
2849,02/05/1980,2024-08-22 22:40:41,,,,,,,,,,,,,,,,,,
2853,27/11/1977,2024-10-27 14:20:21,,,,,,,,,,,,,,,,,,
2857,25/05/1969,2024-08-23 00:53:04,,,,,,,,,,,,,,,,,,
2860,25/12/1978,2024-08-23 01:57:52,,,,,,,,,,,,,,,,,,
2866,06/07/1999,2024-08-23 03:31:45,,,,,,,,,,,,,,,,,,
2867,15/09/1983,2024-08-23 03:38:40,,,,,,,,,,,,,,,,,,
2868,12/08/1993,2024-08-23 04:30:36,,,,,,,,,,,,,,,,,,
2869,27/05/1983,2024-08-23 04:36:03,,,,,,,,,,,,,,,,,,
2871,14/04/2002,2024-08-23 06:10:00,,,,,,,,,,,,,,,,,,
2875,22/05/1997,2024-08-23 07:40:49,,,,,,,,,,,,,,,,,,
2876,02/10/1994,2024-08-23 08:09:32,,,,,,,,,,,,,,,,,,
2879,20/08/1988,2024-08-23 08:49:35,,,,,,,,,,,,,,,,,,
2880,06/02/1991,2024-08-23 09:29:15,,,,,,,,,,,,,,,,,,
2887,25/03/1975,2024-12-02 09:09:00,,,,,,,,,,,,,,,,,,
2892,18/07/1979,2024-08-23 12:22:30,,,,,,,,,,,,,,,,,,
2893,10/12/1980,2024-08-23 12:27:50,,,,,,,,,,,,,,,,,,
2896,27/07/1982,2024-08-23 13:41:12,,,,,,,,,,,,,,,,,,
2897,09/05/1977,2024-08-23 13:58:11,,,,,,,,,,,,,,,,,,
2898,14/07/1984,2024-08-23 14:02:04,,,,,,,,,,,,,,,,,,
2899,19/03/1983,2024-08-23 14:07:33,,,,,,,,,,,,,,,,,,
2901,15/06/1998,2024-08-23 14:11:19,,,,,,,,,,,,,,,,,,
2902,01/06/1977,2024-08-23 14:12:51,,,,,,,,,,,,,,,,,,
2904,24/06/1989,2024-08-23 14:27:45,,,,,,,,,,,,,,,,,,
2905,09/05/1990,2024-08-23 14:57:26,,,,,,,,,,,,,,,,,,
2907,26/02/1989,2024-08-23 15:03:15,,,,,,,,,,,,,,,,,,
2911,23/05/1983,2024-08-23 15:52:40,,,,,,,,,,,,,,,,,,
2912,27/04/1980,2024-08-23 15:56:02,,,,,,,,,,,,,,,,,,
2914,28/04/1978,2024-12-07 05:12:33,,,,,,,,,,,,,,,,,,
2917,04/11/1977,2024-08-23 16:56:26,,,,,,,,,,,,,,,,,,
2920,18/10/1970,2024-12-03 20:21:47,,,,,,,,,,,,,,,,,,
2922,18/08/1993,2024-08-23 18:32:24,,,,,,,,,,,,,,,,,,
2925,06/06/1997,2024-08-23 19:00:46,,,,,,,,,,,,,,,,,,
2927,06/05/1964,2024-08-23 19:08:09,,,,,,,,,,,,,,,,,,
2928,28/10/1996,2024-08-23 20:01:37,,,,,,,,,,,,,,,,,,
2929,11/02/1982,2024-08-23 20:03:13,,,,,,,,,,,,,,,,,,
2931,25/06/1989,2024-08-23 20:06:29,,,,,,,,,,,,,,,,,,
2932,30/03/1976,2024-08-23 20:10:57,,,,,,,,,,,,,,,,,,
2934,31/10/1980,2024-08-23 20:21:51,,,,,,,,,,,,,,,,,,
2937,05/02/1987,2024-08-23 20:37:32,,,,,,,,,,,,,,,,,,
2938,24/11/1973,2024-08-23 20:44:06,,,,,,,,,,,,,,,,,,
2944,07/02/1968,2024-08-23 20:52:39,,,,,,,,,,,,,,,,,,
2945,18/06/1986,2024-11-23 06:23:39,,,,,,,,,,,,,,,,,,
2946,03/09/1975,2024-08-23 21:02:53,,,,,,,,,,,,,,,,,,
2952,09/01/1980,2024-08-23 21:30:38,,,,,,,,,,,,,,,,,,
2953,22/11/1983,2024-08-23 21:39:21,,,,,,,,,,,,,,,,,,
2955,22/06/1975,2024-08-23 22:02:37,,,,,,,,,,,,,,,,,,
2958,05/09/1980,2024-12-19 20:40:17,,,,,,,,,,,,,,,,,,
2967,16/04/1982,2024-08-23 23:25:14,,,,,,,,,,,,,,,,,,
2968,23/10/1976,2024-08-23 23:44:31,,,,,,,,,,,,,,,,,,
2973,23/10/1975,2024-08-24 00:44:02,,,,,,,,,,,,,,,,,,
2974,29/11/1978,2024-11-23 19:24:19,,,,,,,,,,,,,,,,,,
2981,29/10/1969,2024-08-24 04:37:59,,,,,,,,,,,,,,,,,,
2983,09/07/1997,2024-08-24 05:10:16,,,,,,,,,,,,,,,,,,
2989,25/02/1977,2024-08-24 06:02:14,,,,,,,,,,,,,,,,,,
2990,26/11/1981,2024-08-24 06:03:43,,,,,,,,,,,,,,,,,,
2991,04/05/1977,2024-08-24 06:05:13,,,,,,,,,,,,,,,,,,
2992,14/02/1998,2024-08-24 06:09:35,,,,,,,,,,,,,,,,,,
2994,20/01/1986,2024-12-14 07:43:30,,,,,,,,,,,,,,,,,,
2995,08/08/1986,2024-08-24 06:51:47,,,,,,,,,,,,,,,,,,
2998,09/12/1968,2024-08-24 07:08:24,,,,,,,,,,,,,,,,,,
2999,23/03/1973,2024-08-24 07:08:52,,,,,,,,,,,,,,,,,,
3000,13/10/1978,2024-08-24 07:17:58,,,,,,,,,,,,,,,,,,
3003,01/05/1981,2024-08-24 07:52:04,,,,,,,,,,,,,,,,,,
3006,19/09/1985,2024-11-23 16:19:49,,,,,,,,,,,,,,,,,,
3007,25/02/1991,2024-08-24 08:20:54,,,,,,,,,,,,,,,,,,
3008,24/12/1978,2024-08-24 08:25:12,,,,,,,,,,,,,,,,,,
3011,13/05/1991,2024-08-24 08:48:58,,,,,,,,,,,,,,,,,,
3012,07/08/1981,2024-08-24 08:50:46,,,,,,,,,,,,,,,,,,
3013,22/03/1973,2024-08-24 09:02:24,,,,,,,,,,,,,,,,,,
3014,29/08/1985,2024-08-24 09:27:12,,,,,,,,,,,,,,,,,,
3016,22/11/1974,2024-12-13 12:44:23,,,,,,,,,,,,,,,,,,
3017,01/05/1959,2024-08-24 09:44:07,,,,,,,,,,,,,,,,,,
3021,19/11/1957,2024-08-24 10:02:52,,,,,,,,,,,,,,,,,,
3022,14/12/1973,2024-08-24 10:23:11,,,,,,,,,,,,,,,,,,
3025,21/04/1994,2024-08-24 11:01:51,,,,,,,,,,,,,,,,,,
3030,23/09/1985,2024-08-24 11:11:14,,,,,,,,,,,,,,,,,,
3032,06/01/1960,2024-11-01 00:23:31,,,,,,,,,,,,,,,,,,
3034,11/06/1984,2024-12-13 19:12:28,,,,,,,,,,,,,,,,,,
3038,22/03/1993,2024-08-24 12:01:43,,,,,,,,,,,,,,,,,,
3041,20/12/1982,2024-08-24 12:13:38,,,,,,,,,,,,,,,,,,
3043,17/08/1986,2024-08-24 12:26:08,,,,,,,,,,,,,,,,,,
3045,09/07/1981,2024-08-24 12:36:31,,,,,,,,,,,,,,,,,,
3046,31/10/1985,2024-08-24 12:38:05,,,,,,,,,,,,,,,,,,
3048,22/07/1976,2024-08-24 13:00:04,,,,,,,,,,,,,,,,,,
3049,01/11/1990,2024-08-24 13:00:49,,,,,,,,,,,,,,,,,,
3050,19/10/1979,2024-08-24 13:01:19,,,,,,,,,,,,,,,,,,
3052,05/08/1998,2024-08-24 13:08:21,,,,,,,,,,,,,,,,,,
3053,22/05/1960,2024-08-24 13:23:12,,,,,,,,,,,,,,,,,,
3055,12/01/1976,2024-11-23 15:15:55,,,,,,,,,,,,,,,,,,
3057,26/11/1968,2024-10-23 15:34:03,,,,,,,,,,,,,,,,,,
3058,12/10/1982,2024-08-24 13:58:48,,,,,,,,,,,,,,,,,,
3060,08/10/1976,2024-08-24 14:08:08,,,,,,,,,,,,,,,,,,
3061,04/14/1072,2024-12-03 17:10:14,,,,,,,,,,,,,,,,,,
3062,31/05/1972,2024-08-24 14:21:58,,,,,,,,,,,,,,,,,,
3064,23/11/1974,2024-08-24 14:34:21,,,,,,,,,,,,,,,,,,
3065,20/09/1986,2024-08-24 14:57:58,,,,,,,,,,,,,,,,,,
3067,16/08/1971,2024-08-24 15:06:34,,,,,,,,,,,,,,,,,,
3069,25/12/1982,2024-08-24 15:37:00,,,,,,,,,,,,,,,,,,
3070,14/07/1982,2024-08-24 15:53:09,,,,,,,,,,,,,,,,,,
3071,28/08/1985,2024-08-24 15:54:48,,,,,,,,,,,,,,,,,,
3074,02/05/1985,2024-08-24 16:23:26,,,,,,,,,,,,,,,,,,
3075,23/01/1983,2024-08-24 16:26:35,,,,,,,,,,,,,,,,,,
3076,05/04/1979,2024-08-24 16:35:04,,,,,,,,,,,,,,,,,,
3077,16/08/1986,2024-08-24 16:44:39,,,,,,,,,,,,,,,,,,
3078,26/06/1981,2024-11-30 13:31:28,,,,,,,,,,,,,,,,,,
3081,24/11/1968,2024-08-24 17:12:40,,,,,,,,,,,,,,,,,,
3084,28/02/1982,2024-08-24 17:33:41,,,,,,,,,,,,,,,,,,
3085,27/04/1983,2024-08-24 17:34:24,,,,,,,,,,,,,,,,,,
3086,06/10/1965,2024-08-24 17:48:07,,,,,,,,,,,,,,,,,,
3087,31/10/1977,2024-08-24 18:08:32,,,,,,,,,,,,,,,,,,
3093,05/11/1982,2024-08-24 19:12:32,,,,,,,,,,,,,,,,,,
3095,27/08/1979,2024-08-24 19:14:23,,,,,,,,,,,,,,,,,,
3100,26/12/1982,2024-08-24 20:13:25,,,,,,,,,,,,,,,,,,
3101,20/08/1991,2024-08-24 20:15:07,,,,,,,,,,,,,,,,,,
3104,08/12/1976,2024-08-24 20:20:16,,,,,,,,,,,,,,,,,,
3105,14/02/1978,2024-08-24 20:23:14,,,,,,,,,,,,,,,,,,
3106,17/09/1981,2024-08-24 20:27:16,,,,,,,,,,,,,,,,,,
3107,21/05/1963,2024-08-24 20:31:55,,,,,,,,,,,,,,,,,,
3113,15/06/1977,2024-08-24 21:10:40,,,,,,,,,,,,,,,,,,
3116,21/10/1984,2024-11-30 21:28:58,,,,,,,,,,,,,,,,,,
3120,29/07/2000,2024-08-24 21:39:26,,,,,,,,,,,,,,,,,,
3124,14/07/1985,2024-08-24 22:08:53,,,,,,,,,,,,,,,,,,
3125,04/10/1989,2024-11-23 04:28:39,,,,,,,,,,,,,,,,,,
3126,05/07/1982,2024-08-24 22:19:45,,,,,,,,,,,,,,,,,,
3129,31/10/1979,2024-12-01 18:24:26,,,,,,,,,,,,,,,,,,
3130,11/03/1991,2024-08-24 22:48:10,,,,,,,,,,,,,,,,,,
3133,16/12/1986,2024-08-24 23:05:48,,,,,,,,,,,,,,,,,,
3137,16/03/1991,2024-08-24 23:15:26,,,,,,,,,,,,,,,,,,
3140,30/11/1989,2024-08-25 00:26:21,,,,,,,,,,,,,,,,,,
3141,29/03/1977,2024-12-19 18:59:53,,,,,,,,,,,,,,,,,,
3142,19/01/1982,2024-08-25 00:37:32,,,,,,,,,,,,,,,,,,
3143,20/10/1986,2024-08-25 00:48:14,,,,,,,,,,,,,,,,,,
3145,29/04/1961,2024-11-28 08:08:13,,,,,,,,,,,,,,,,,,
3147,09/12/1991,2024-08-25 00:55:14,,,,,,,,,,,,,,,,,,
3148,20/12/1969,2024-08-25 01:22:01,,,,,,,,,,,,,,,,,,
3153,08/08/1956,2024-08-25 04:32:18,,,,,,,,,,,,,,,,,,
3155,04/10/1982,2024-08-25 05:33:30,,,,,,,,,,,,,,,,,,
3158,17/12/1969,2024-08-25 06:40:34,,,,,,,,,,,,,,,,,,
3160,16/04/1975,2024-08-25 07:03:20,,,,,,,,,,,,,,,,,,
3161,09/12/1991,2024-08-25 07:30:30,,,,,,,,,,,,,,,,,,
3163,11/04/1978,2024-11-24 14:53:18,,,,,,,,,,,,,,,,,,
3164,20/11/1980,2024-08-25 09:06:46,,,,,,,,,,,,,,,,,,
3166,25/10/1970,2024-11-23 17:11:39,,,,,,,,,,,,,,,,,,
3167,08/10/1986,2024-08-25 10:40:03,,,,,,,,,,,,,,,,,,
3170,28/07/1997,2024-08-25 12:35:46,,,,,,,,,,,,,,,,,,
3171,20/09/1985,2024-08-25 13:09:27,,,,,,,,,,,,,,,,,,
3172,03/01/1995,2024-11-23 14:13:17,,,,,,,,,,,,,,,,,,
3174,01/12/1994,2024-08-25 13:24:27,,,,,,,,,,,,,,,,,,
3175,26/09/1981,2024-08-25 14:10:16,,,,,,,,,,,,,,,,,,
3178,25/10/1991,2024-12-17 21:10:01,,,,,,,,,,,,,,,,,,
3181,04/07/1978,2024-10-30 21:18:55,,,,,,,,,,,,,,,,,,
3185,15/08/1992,2024-08-25 15:24:17,,,,,,,,,,,,,,,,,,
3188,28/11/1986,2024-11-28 01:25:55,,,,,,,,,,,,,,,,,,
3191,07/02/1986,2024-08-25 16:41:46,,,,,,,,,,,,,,,,,,
3193,20/03/1968,2024-08-25 17:07:31,,,,,,,,,,,,,,,,,,
3194,17/05/1990,2024-08-25 17:10:52,,,,,,,,,,,,,,,,,,
3195,30/12/1977,2024-12-27 22:06:23,,,,,,,,,,,,,,,,,,
3196,25/12/1986,2024-08-25 17:33:56,,,,,,,,,,,,,,,,,,
3198,08/03/1996,2024-08-25 18:21:12,,,,,,,,,,,,,,,,,,
3202,22/09/1986,2024-08-25 18:53:37,,,,,,,,,,,,,,,,,,
3203,27/09/1981,2024-08-25 19:26:22,,,,,,,,,,,,,,,,,,
3204,07/11/1992,2024-08-25 19:30:32,,,,,,,,,,,,,,,,,,
3206,02/01/1989,2024-10-28 11:51:43,,,,,,,,,,,,,,,,,,
3209,22/07/1987,2024-11-18 11:40:21,,,,,,,,,,,,,,,,,,
3211,10/04/1989,2024-08-25 20:36:01,,,,,,,,,,,,,,,,,,
3214,29/03/1982,2024-08-25 21:01:03,,,,,,,,,,,,,,,,,,
3217,10/07/1983,2024-08-25 21:14:49,,,,,,,,,,,,,,,,,,
3218,19/12/1981,2024-08-25 21:18:23,,,,,,,,,,,,,,,,,,
3220,17/08/1972,2024-12-14 21:10:17,,,,,,,,,,,,,,,,,,
3221,07/03/1974,2024-08-25 21:45:04,,,,,,,,,,,,,,,,,,
3225,16/09/1992,2024-08-25 22:05:19,,,,,,,,,,,,,,,,,,
3226,25/03/1971,2024-08-25 22:10:19,,,,,,,,,,,,,,,,,,
3227,07/04/1997,2024-08-25 22:22:58,,,,,,,,,,,,,,,,,,
3231,05/03/1998,2024-08-25 22:31:31,,,,,,,,,,,,,,,,,,
3233,24/07/1980,2024-08-25 23:11:26,,,,,,,,,,,,,,,,,,
3234,10/10/1978,2024-08-25 23:47:30,,,,,,,,,,,,,,,,,,
3237,10/09/1977,2024-08-26 00:20:03,,,,,,,,,,,,,,,,,,
3239,15/02/1992,2024-08-26 01:06:49,,,,,,,,,,,,,,,,,,
3242,25/07/1981,2024-08-26 03:08:23,,,,,,,,,,,,,,,,,,
3244,13/11/1980,2024-08-26 04:49:09,,,,,,,,,,,,,,,,,,
3249,26/03/1977,2024-08-26 05:45:41,,,,,,,,,,,,,,,,,,
3253,05/05/1982,2024-08-26 08:04:44,,,,,,,,,,,,,,,,,,
3257,12/11/1974,2024-08-26 10:08:32,,,,,,,,,,,,,,,,,,
3258,29/11/1990,2024-08-26 10:12:30,,,,,,,,,,,,,,,,,,
3259,24/09/1966,2024-08-26 10:19:59,,,,,,,,,,,,,,,,,,
3264,16/08/1992,2024-08-26 11:34:57,,,,,,,,,,,,,,,,,,
3265,19/12/1978,2024-08-26 12:57:47,,,,,,,,,,,,,,,,,,
3266,15/08/1985,2024-10-21 00:01:18,,,,,,,,,,,,,,,,,,
3271,23/12/1982,2024-12-31 13:14:21,,,,,,,,,,,,,,,,,,
3273,14/03/1978,2024-10-24 13:52:38,,,,,,,,,,,,,,,,,,
3274,21/06/1966,2024-11-24 13:44:27,,,,,,,,,,,,,,,,,,
3275,19/07/1995,2024-08-26 14:20:37,,,,,,,,,,,,,,,,,,
3278,23/11/1981,2024-08-26 14:51:15,,,,,,,,,,,,,,,,,,
3280,29/03/1984,2024-08-26 15:19:30,,,,,,,,,,,,,,,,,,
3281,14/04/1991,2024-08-26 15:23:56,,,,,,,,,,,,,,,,,,
3283,14/12/1989,2024-08-26 15:59:14,,,,,,,,,,,,,,,,,,
3284,03/06/1998,2024-08-26 16:00:04,,,,,,,,,,,,,,,,,,
3285,08/04/1986,2024-11-30 12:37:47,,,,,,,,,,,,,,,,,,
3288,17/07/1982,2024-08-26 16:16:32,,,,,,,,,,,,,,,,,,
3294,11/01/1983,2024-08-26 16:48:00,,,,,,,,,,,,,,,,,,
3302,08/12/1985,2024-08-26 17:39:37,,,,,,,,,,,,,,,,,,
3305,20/12/1981,2024-08-26 18:36:59,,,,,,,,,,,,,,,,,,
3307,22/04/1976,2024-08-26 19:03:34,,,,,,,,,,,,,,,,,,
3309,15/03/1981,2024-08-26 19:12:58,,,,,,,,,,,,,,,,,,
3311,02/02/1996,2024-08-26 19:17:07,,,,,,,,,,,,,,,,,,
3313,18/06/1979,2024-08-26 19:30:38,,,,,,,,,,,,,,,,,,
3316,10/05/1973,2024-08-26 20:06:13,,,,,,,,,,,,,,,,,,
3317,15/11/1993,2024-08-26 20:07:03,,,,,,,,,,,,,,,,,,
3318,23/11/1987,2024-08-26 20:13:40,,,,,,,,,,,,,,,,,,
3319,23/05/1984,2024-08-26 20:19:29,,,,,,,,,,,,,,,,,,
3321,19/10/1980,2024-08-26 20:24:17,,,,,,,,,,,,,,,,,,
3327,10/10/1990,2024-08-26 20:51:42,,,,,,,,,,,,,,,,,,
3331,19/12/1984,2024-08-26 21:19:16,,,,,,,,,,,,,,,,,,
3333,05/02/1991,2024-08-26 21:29:42,,,,,,,,,,,,,,,,,,
3334,08/10/1986,2024-08-26 22:02:25,,,,,,,,,,,,,,,,,,
3335,26/04/1995,2024-08-26 22:04:24,,,,,,,,,,,,,,,,,,
3338,21/02/1968,2024-08-26 22:22:45,,,,,,,,,,,,,,,,,,
3343,30/01/1983,2024-08-26 22:59:12,,,,,,,,,,,,,,,,,,
3352,06/02/1974,2024-11-27 21:31:29,,,,,,,,,,,,,,,,,,
3355,12/03/1969,2024-08-27 03:14:18,,,,,,,,,,,,,,,,,,
3357,20/04/1970,2024-08-27 05:01:26,,,,,,,,,,,,,,,,,,
3359,28/03/1996,2024-08-27 05:31:59,,,,,,,,,,,,,,,,,,
3360,19/06/1978,2024-08-27 05:42:27,,,,,,,,,,,,,,,,,,
3363,06/12/1980,2024-08-27 05:54:46,,,,,,,,,,,,,,,,,,
3364,02/10/1972,2024-10-24 08:14:50,,,,,,,,,,,,,,,,,,
3365,14/12/1979,2024-08-27 07:07:42,,,,,,,,,,,,,,,,,,
3366,15/02/1978,2024-08-27 08:39:06,,,,,,,,,,,,,,,,,,
3368,21/06/1978,2024-08-27 09:15:18,,,,,,,,,,,,,,,,,,
3370,05/03/1983,2024-08-27 10:03:35,,,,,,,,,,,,,,,,,,
3375,06/11/1980,2024-08-27 11:29:14,,,,,,,,,,,,,,,,,,
3380,21/08/1994,2024-08-27 12:23:39,,,,,,,,,,,,,,,,,,
3381,30/01/1996,2024-08-27 12:25:17,,,,,,,,,,,,,,,,,,
3384,14/06/1981,2024-08-27 13:05:50,,,,,,,,,,,,,,,,,,
3385,04/07/1982,2024-08-27 13:26:31,,,,,,,,,,,,,,,,,,
3387,16/03/1991,2024-11-22 22:54:47,,,,,,,,,,,,,,,,,,
3388,23/06/1979,2024-08-27 14:33:47,,,,,,,,,,,,,,,,,,
3389,22/04/1982,2024-08-27 14:38:19,,,,,,,,,,,,,,,,,,
3390,21/08/1995,2024-12-11 13:56:35,,,,,,,,,,,,,,,,,,
3393,05/09/1989,2024-08-27 14:55:04,,,,,,,,,,,,,,,,,,
3394,25/12/1983,2024-08-27 15:02:19,,,,,,,,,,,,,,,,,,
3397,25/12/1981,2024-08-27 15:29:47,,,,,,,,,,,,,,,,,,
3398,18/10/1980,2024-08-27 15:44:45,,,,,,,,,,,,,,,,,,
3400,06/09/1987,2024-08-27 16:04:27,,,,,,,,,,,,,,,,,,
3402,19/03/1969,2024-08-27 17:07:32,,,,,,,,,,,,,,,,,,
3406,02/10/1980,2024-08-27 18:38:33,,,,,,,,,,,,,,,,,,
3409,03/04/1979,2024-08-27 18:39:04,,,,,,,,,,,,,,,,,,
3411,14/11/1990,2024-08-27 18:53:08,,,,,,,,,,,,,,,,,,
3418,07/04/2002,2024-08-27 20:26:20,,,,,,,,,,,,,,,,,,
3420,20/09/1987,2024-11-12 16:29:01,,,,,,,,,,,,,,,,,,
3424,16/01/1971,2024-11-26 15:18:48,,,,,,,,,,,,,,,,,,
3426,09/03/1993,2024-08-27 21:02:37,,,,,,,,,,,,,,,,,,
3427,26/09/1985,2024-10-27 17:07:38,,,,,,,,,,,,,,,,,,
3429,02/03/1993,2024-08-27 21:45:37,,,,,,,,,,,,,,,,,,
3432,17/01/1969,2024-08-27 22:09:52,,,,,,,,,,,,,,,,,,
3433,18/06/1996,2024-08-27 22:10:49,,,,,,,,,,,,,,,,,,
3434,26/12/1992,2024-08-27 22:11:44,,,,,,,,,,,,,,,,,,
3436,27/06/1989,2024-08-27 22:45:00,,,,,,,,,,,,,,,,,,
3437,20/09/1991,2024-08-27 23:26:41,,,,,,,,,,,,,,,,,,
3438,15/07/1993,2024-08-27 23:39:47,,,,,,,,,,,,,,,,,,
3447,24/06/1997,2024-08-28 06:00:16,,,,,,,,,,,,,,,,,,
3450,22/06/1987,2024-08-28 12:07:23,,,,,,,,,,,,,,,,,,
3452,21/08/1994,2024-08-28 14:34:39,,,,,,,,,,,,,,,,,,
3455,29/01/1983,2024-08-28 16:58:00,,,,,,,,,,,,,,,,,,
3457,01/03/1966,2024-08-28 17:24:40,,,,,,,,,,,,,,,,,,
3462,19/01/1991,2024-08-28 22:28:19,,,,,,,,,,,,,,,,,,
3463,20/09/1988,2024-08-28 22:28:25,,,,,,,,,,,,,,,,,,
3469,28/10/1980,2024-08-29 09:11:53,,,,,,,,,,,,,,,,,,
3473,29/09/1991,2024-12-22 17:33:44,,,,,,,,,,,,,,,,,,
3484,04/07/1985,2024-08-30 12:24:51,,,,,,,,,,,,,,,,,,
3486,20/12/1976,2024-08-30 13:21:03,,,,,,,,,,,,,,,,,,
3488,07/05/1988,2024-11-28 17:54:55,,,,,,,,,,,,,,,,,,
3489,01/11/1994,2024-08-30 14:23:48,,,,,,,,,,,,,,,,,,
3490,24/09/1977,2024-08-30 17:06:50,,,,,,,,,,,,,,,,,,
3491,26/08/1982,2024-08-30 18:23:07,,,,,,,,,,,,,,,,,,
3492,25/07/1980,2024-08-30 19:54:24,,,,,,,,,,,,,,,,,,
3495,30/08/1994,2024-08-30 21:11:55,,,,,,,,,,,,,,,,,,
3496,04/09/1955,2024-08-30 21:49:48,,,,,,,,,,,,,,,,,,
3498,08/12/1992,2024-08-30 22:40:49,,,,,,,,,,,,,,,,,,
3500,06/03/1979,2024-08-31 03:21:58,,,,,,,,,,,,,,,,,,
3506,09/03/1985,2024-08-31 08:43:12,,,,,,,,,,,,,,,,,,
3511,03/12/2004,2024-08-31 14:41:43,,,,,,,,,,,,,,,,,,
3514,20/04/1985,2024-08-31 17:17:06,,,,,,,,,,,,,,,,,,
3515,02/12/1974,2024-10-26 18:38:02,,,,,,,,,,,,,,,,,,
3519,27/11/1969,2024-11-23 03:37:57,,,,,,,,,,,,,,,,,,
3521,24/01/1993,2024-08-31 18:53:12,,,,,,,,,,,,,,,,,,
3522,16/03/1996,2024-08-31 21:03:46,,,,,,,,,,,,,,,,,,
3525,18/02/1973,2024-08-31 22:43:43,,,,,,,,,,,,,,,,,,
3529,03/11/1981,2024-08-31 23:04:42,,,,,,,,,,,,,,,,,,
3536,22/03/1974,2024-09-01 03:25:04,,,,,,,,,,,,,,,,,,
3542,21/11/1962,2024-09-01 08:58:21,,,,,,,,,,,,,,,,,,
3543,09/01/1969,2024-11-26 10:06:52,,,,,,,,,,,,,,,,,,
3544,16/04/1988,2024-09-01 14:05:14,,,,,,,,,,,,,,,,,,
3551,18/03/1981,2024-09-01 16:57:49,,,,,,,,,,,,,,,,,,
3553,27/09/2003,2024-09-01 17:55:30,,,,,,,,,,,,,,,,,,
3558,15/04/2000,2024-09-01 18:58:34,,,,,,,,,,,,,,,,,,
3564,20/11/1977,2024-09-01 20:46:04,,,,,,,,,,,,,,,,,,
3566,18/11/1969,2024-09-01 21:01:10,,,,,,,,,,,,,,,,,,
3567,20/01/1973,2024-09-01 21:38:46,,,,,,,,,,,,,,,,,,
3568,16/07/1980,2024-11-12 15:43:12,,,,,,,,,,,,,,,,,,
3569,04/05/1985,2024-09-01 23:37:48,,,,,,,,,,,,,,,,,,
3571,23/09/1959,2024-09-02 03:39:59,,,,,,,,,,,,,,,,,,
3578,11/02/2004,2024-10-22 09:34:16,,,,,,,,,,,,,,,,,,
3580,07/02/1979,2024-11-23 14:07:35,,,,,,,,,,,,,,,,,,
3584,20/09/1987,2024-09-02 13:31:45,,,,,,,,,,,,,,,,,,
3589,06/07/1981,2024-09-02 18:35:33,,,,,,,,,,,,,,,,,,
3592,21/02/1995,2024-09-02 19:25:16,,,,,,,,,,,,,,,,,,
3593,16/03/1976,2024-10-30 22:19:52,,,,,,,,,,,,,,,,,,
3596,13/06/1987,2024-10-27 22:22:33,,,,,,,,,,,,,,,,,,
3603,27/06/1998,2024-09-03 14:07:40,,,,,,,,,,,,,,,,,,
3604,22/05/1986,2024-09-03 14:12:28,,,,,,,,,,,,,,,,,,
3608,21/04/2004,2024-11-23 19:31:43,,,,,,,,,,,,,,,,,,
3611,17/06/1983,2024-09-03 18:17:40,,,,,,,,,,,,,,,,,,
3612,29/11/1994,2024-09-03 18:30:30,,,,,,,,,,,,,,,,,,
3613,05/04/1987,2024-09-03 19:38:30,,,,,,,,,,,,,,,,,,
3622,17/11/1976,2024-09-04 03:51:54,,,,,,,,,,,,,,,,,,
3624,14/08/1984,2024-09-04 07:38:58,,,,,,,,,,,,,,,,,,
3625,30/12/1976,2024-09-04 08:14:06,,,,,,,,,,,,,,,,,,
3626,25/08/1982,2024-09-04 10:43:06,,,,,,,,,,,,,,,,,,
3634,12/11/1990,2024-11-03 07:18:43,,,,,,,,,,,,,,,,,,
3635,05/01/1993,2024-09-04 17:43:44,,,,,,,,,,,,,,,,,,
3636,15/05/1979,2024-09-04 19:22:14,,,,,,,,,,,,,,,,,,
3638,29/12/1988,2024-09-04 19:55:54,,,,,,,,,,,,,,,,,,
3641,02/06/1993,2024-09-04 21:11:53,,,,,,,,,,,,,,,,,,
3647,07/09/1997,2024-09-05 00:06:16,,,,,,,,,,,,,,,,,,
3650,19/06/1994,2024-09-05 01:54:41,,,,,,,,,,,,,,,,,,
3652,28/05/1972,2024-09-05 07:20:27,,,,,,,,,,,,,,,,,,
3657,09/06/1998,2024-09-05 11:41:41,,,,,,,,,,,,,,,,,,
3659,13/05/1981,2024-09-05 14:25:05,,,,,,,,,,,,,,,,,,
3660,07/12/1988,2024-09-05 16:14:29,,,,,,,,,,,,,,,,,,
3663,10/08/1973,2024-11-23 10:53:52,,,,,,,,,,,,,,,,,,
3667,08/11/1994,2024-09-06 13:57:22,,,,,,,,,,,,,,,,,,
3673,01/06/1999,2024-09-06 19:58:15,,,,,,,,,,,,,,,,,,
3674,28/01/1983,2024-09-06 23:17:50,,,,,,,,,,,,,,,,,,
3677,13/11/1984,2024-09-07 13:03:19,,,,,,,,,,,,,,,,,,
3683,29/10/1989,2024-09-08 04:23:20,,,,,,,,,,,,,,,,,,
3687,14/10/1985,2024-09-08 11:47:17,,,,,,,,,,,,,,,,,,
3692,29/05/1995,2024-09-08 17:19:32,,,,,,,,,,,,,,,,,,
3695,16/03/1979,2024-09-08 21:27:28,,,,,,,,,,,,,,,,,,
3696,24/10/1996,2024-12-26 10:28:49,,,,,,,,,,,,,,,,,,
3700,28/04/1988,2024-09-09 08:48:24,,,,,,,,,,,,,,,,,,
3701,05/05/1998,2024-09-09 11:00:11,,,,,,,,,,,,,,,,,,
3702,08/05/1981,2024-09-09 12:56:36,,,,,,,,,,,,,,,,,,
3704,12/03/1980,2024-09-09 18:30:22,,,,,,,,,,,,,,,,,,
3705,25/07/1963,2024-09-09 22:23:47,,,,,,,,,,,,,,,,,,
3717,19/07/1989,2024-09-10 18:10:55,,,,,,,,,,,,,,,,,,
3719,09/06/1982,2024-09-10 19:36:26,,,,,,,,,,,,,,,,,,
3720,29/01/1986,2024-09-10 19:36:41,,,,,,,,,,,,,,,,,,
3721,26/01/1997,2024-09-10 19:45:13,,,,,,,,,,,,,,,,,,
3724,27/10/1970,2024-12-08 11:00:54,,,,,,,,,,,,,,,,,,
3725,13/02/1993,2024-09-10 20:08:36,,,,,,,,,,,,,,,,,,
3726,18/10/1973,2024-10-21 01:02:33,,,,,,,,,,,,,,,,,,
3728,08/01/1971,2024-10-22 19:23:21,,,,,,,,,,,,,,,,,,
3729,06/10/1992,2024-09-10 20:17:01,,,,,,,,,,,,,,,,,,
3730,13/06/1984,2024-11-23 08:57:56,,,,,,,,,,,,,,,,,,
3733,18/12/1975,2024-09-10 20:32:12,,,,,,,,,,,,,,,,,,
3734,23/10/1975,2024-10-21 04:55:24,,,,,,,,,,,,,,,,,,
3735,03/01/1992,2024-09-10 20:49:16,,,,,,,,,,,,,,,,,,
3736,23/10/1992,2024-09-10 21:12:58,,,,,,,,,,,,,,,,,,
3737,07/02/1961,2024-09-10 21:12:58,,,,,,,,,,,,,,,,,,
3740,05/09/1988,2024-09-10 21:21:40,,,,,,,,,,,,,,,,,,
3742,22/01/1975,2024-09-10 21:47:27,,,,,,,,,,,,,,,,,,
3743,12/06/1973,2024-09-10 21:47:27,,,,,,,,,,,,,,,,,,
3745,21/07/1977,2024-09-10 22:07:04,,,,,,,,,,,,,,,,,,
3746,01/12/1978,2024-09-10 22:39:57,,,,,,,,,,,,,,,,,,
3747,21/11/1985,2024-11-29 13:21:52,,,,,,,,,,,,,,,,,,
3749,20/10/1961,2024-09-10 23:07:17,,,,,,,,,,,,,,,,,,
3751,07/05/1967,2024-11-22 22:34:49,,,,,,,,,,,,,,,,,,
3752,14/11/1996,2024-09-11 00:15:28,,,,,,,,,,,,,,,,,,
3755,09/12/1961,2024-09-11 00:49:46,,,,,,,,,,,,,,,,,,
3759,08/02/1992,2024-09-11 03:17:31,,,,,,,,,,,,,,,,,,
3761,25/05/1961,2024-09-11 05:50:06,,,,,,,,,,,,,,,,,,
3763,22/12/1980,2024-11-22 23:52:18,,,,,,,,,,,,,,,,,,
3764,06/11/1969,2024-09-11 06:12:28,,,,,,,,,,,,,,,,,,
3765,14/03/1975,2024-09-11 07:02:44,,,,,,,,,,,,,,,,,,
3769,19/09/1991,2024-10-27 14:34:50,,,,,,,,,,,,,,,,,,
3770,02/01/1978,2024-12-08 17:01:42,,,,,,,,,,,,,,,,,,
3771,25/12/1983,2024-09-11 08:30:08,,,,,,,,,,,,,,,,,,
3775,13/01/1982,2024-11-03 12:52:42,,,,,,,,,,,,,,,,,,
3778,12/03/1975,2024-09-11 10:07:19,,,,,,,,,,,,,,,,,,
3780,15/04/1981,2024-09-11 10:18:39,,,,,,,,,,,,,,,,,,
3783,16/08/1993,2024-09-11 11:25:40,,,,,,,,,,,,,,,,,,
3784,27/01/1990,2024-09-11 11:39:33,,,,,,,,,,,,,,,,,,
3785,01/12/1986,2024-09-11 11:46:27,,,,,,,,,,,,,,,,,,
3786,06/12/1996,2024-12-21 14:21:36,,,,,,,,,,,,,,,,,,
3787,07/12/1983,2024-09-11 11:50:29,,,,,,,,,,,,,,,,,,
3788,11/05/1987,2024-09-11 11:51:25,,,,,,,,,,,,,,,,,,
3789,14/10/1998,2024-09-11 11:53:05,,,,,,,,,,,,,,,,,,
3790,11/12/1999,2024-11-29 22:39:58,,,,,,,,,,,,,,,,,,
3793,26/01/2000,2024-09-11 12:12:26,,,,,,,,,,,,,,,,,,
3794,23/03/1993,2024-09-11 12:14:14,,,,,,,,,,,,,,,,,,
3795,26/05/1978,2024-09-11 12:15:54,,,,,,,,,,,,,,,,,,
3796,12/01/1995,2024-09-11 12:16:32,,,,,,,,,,,,,,,,,,
3798,20/02/1989,2024-09-11 12:26:55,,,,,,,,,,,,,,,,,,
3799,18/04/1998,2024-12-02 18:40:34,,,,,,,,,,,,,,,,,,
3803,30/04/1996,2024-12-21 14:29:11,,,,,,,,,,,,,,,,,,
3804,14/07/1996,2024-09-11 13:07:08,,,,,,,,,,,,,,,,,,
3805,27/06/1987,2024-09-11 13:12:53,,,,,,,,,,,,,,,,,,
3807,25/09/1988,2024-09-11 13:23:02,,,,,,,,,,,,,,,,,,
3809,12/03/1992,2024-09-11 13:38:08,,,,,,,,,,,,,,,,,,
3810,24/04/2000,2024-09-11 13:41:05,,,,,,,,,,,,,,,,,,
3811,25/09/1991,2024-12-14 13:29:37,,,,,,,,,,,,,,,,,,
3813,17/06/1992,2024-09-11 13:52:13,,,,,,,,,,,,,,,,,,
3815,21/01/1991,2024-09-11 14:20:02,,,,,,,,,,,,,,,,,,
3816,04/09/1988,2024-09-11 14:29:24,,,,,,,,,,,,,,,,,,
3820,03/10/1994,2024-09-11 15:10:55,,,,,,,,,,,,,,,,,,
3821,19/08/1986,2024-11-30 00:11:31,,,,,,,,,,,,,,,,,,
3827,21/03/1954,2024-09-11 16:03:37,,,,,,,,,,,,,,,,,,
3828,06/06/1995,2024-09-11 16:11:56,,,,,,,,,,,,,,,,,,
3831,12/06/1988,2024-09-11 16:47:38,,,,,,,,,,,,,,,,,,
3833,05/02/1994,2024-09-11 17:22:21,,,,,,,,,,,,,,,,,,
3837,14/06/1967,2024-09-11 18:04:33,,,,,,,,,,,,,,,,,,
3838,13/10/1992,2024-11-30 01:55:08,,,,,,,,,,,,,,,,,,
3839,26/01/1986,2024-09-11 18:28:31,,,,,,,,,,,,,,,,,,
3840,09/05/1983,2024-09-11 18:35:06,,,,,,,,,,,,,,,,,,
3842,11/12/1971,2024-09-11 18:59:12,,,,,,,,,,,,,,,,,,
3843,23/01/1965,2024-09-11 19:02:19,,,,,,,,,,,,,,,,,,
3844,26/11/1987,2024-12-14 12:29:15,,,,,,,,,,,,,,,,,,
3845,25/10/1984,2024-09-11 19:17:42,,,,,,,,,,,,,,,,,,
3846,19/12/1971,2024-09-11 19:26:58,,,,,,,,,,,,,,,,,,
3849,16/03/1996,2024-10-27 15:19:41,,,,,,,,,,,,,,,,,,
3850,14/11/1970,2024-11-23 11:12:35,,,,,,,,,,,,,,,,,,
3855,29/10/1977,2024-09-11 20:49:45,,,,,,,,,,,,,,,,,,
3858,09/04/1978,2024-09-11 21:50:27,,,,,,,,,,,,,,,,,,
3864,17/01/1984,2024-09-11 22:27:44,,,,,,,,,,,,,,,,,,
3868,28/06/1988,2024-09-11 22:31:21,,,,,,,,,,,,,,,,,,
3869,21/01/1975,2024-09-11 23:07:13,,,,,,,,,,,,,,,,,,
3871,04/07/1993,2024-09-11 23:33:34,,,,,,,,,,,,,,,,,,
3875,05/05/1977,2024-09-12 07:14:38,,,,,,,,,,,,,,,,,,
3879,09/09/1987,2024-09-12 09:44:27,,,,,,,,,,,,,,,,,,
3881,27/01/1973,2024-11-28 18:50:00,,,,,,,,,,,,,,,,,,
3883,01/05/1949,2024-11-27 16:41:57,,,,,,,,,,,,,,,,,,
3885,12/09/1989,2024-09-12 12:32:50,,,,,,,,,,,,,,,,,,
3887,06/12/1991,2024-10-26 09:58:23,,,,,,,,,,,,,,,,,,
3888,08/02/1974,2024-09-12 13:31:42,,,,,,,,,,,,,,,,,,
3893,09/11/1989,2024-09-12 15:19:57,,,,,,,,,,,,,,,,,,
3895,02/01/1969,2024-09-12 16:10:05,,,,,,,,,,,,,,,,,,
3896,14/10/1984,2024-11-25 15:47:25,,,,,,,,,,,,,,,,,,
3898,15/08/1993,2024-11-30 20:41:39,,,,,,,,,,,,,,,,,,
3900,12/12/1977,2024-09-12 17:24:13,,,,,,,,,,,,,,,,,,
3902,27/06/1998,2024-09-12 17:43:06,,,,,,,,,,,,,,,,,,
3904,07/01/1970,2024-09-12 18:19:09,,,,,,,,,,,,,,,,,,
3906,09/04/1997,2024-10-30 09:44:20,,,,,,,,,,,,,,,,,,
3907,03/12/1991,2024-09-12 18:50:28,,,,,,,,,,,,,,,,,,
3912,22/12/1970,2024-09-12 19:20:48,,,,,,,,,,,,,,,,,,
3913,23/06/1994,2024-09-12 19:22:12,,,,,,,,,,,,,,,,,,
3914,30/10/1988,2024-09-12 19:41:46,,,,,,,,,,,,,,,,,,
3915,11/07/1985,2024-09-12 19:42:20,,,,,,,,,,,,,,,,,,
3916,14/02/1995,2024-09-12 19:46:41,,,,,,,,,,,,,,,,,,
3918,25/04/1990,2024-09-12 20:03:06,,,,,,,,,,,,,,,,,,
3919,09/06/1973,2024-10-22 16:28:15,,,,,,,,,,,,,,,,,,
3922,23/03/1980,2024-09-12 20:31:00,,,,,,,,,,,,,,,,,,
3925,22/04/1994,2024-09-12 20:42:29,,,,,,,,,,,,,,,,,,
3926,10/10/1972,2024-09-12 21:14:14,,,,,,,,,,,,,,,,,,
3927,04/08/1999,2024-09-12 21:35:15,,,,,,,,,,,,,,,,,,
3928,12/02/1995,2024-11-30 21:14:47,,,,,,,,,,,,,,,,,,
3929,22/06/1992,2024-09-12 21:37:38,,,,,,,,,,,,,,,,,,
3930,22/08/1992,2024-09-12 21:41:24,,,,,,,,,,,,,,,,,,
3931,14/03/1968,2024-09-12 21:50:24,,,,,,,,,,,,,,,,,,
3932,23/10/1995,2024-09-12 21:50:24,,,,,,,,,,,,,,,,,,
3934,17/06/1998,2024-09-12 21:51:20,,,,,,,,,,,,,,,,,,
3935,26/12/1995,2024-09-12 22:05:49,,,,,,,,,,,,,,,,,,
3936,21/09/1990,2024-09-12 22:11:29,,,,,,,,,,,,,,,,,,
3938,14/05/1986,2024-09-12 22:21:22,,,,,,,,,,,,,,,,,,
3940,27/08/2004,2024-09-12 22:26:27,,,,,,,,,,,,,,,,,,
3942,07/10/1990,2024-09-12 22:33:33,,,,,,,,,,,,,,,,,,
3944,13/10/2006,2024-09-12 22:49:00,,,,,,,,,,,,,,,,,,
3946,28/05/1997,2024-12-20 02:37:07,,,,,,,,,,,,,,,,,,
3947,01/12/1989,2024-09-12 23:22:34,,,,,,,,,,,,,,,,,,
3949,06/08/1990,2024-12-02 15:26:43,,,,,,,,,,,,,,,,,,
3953,02/06/1995,2024-09-13 00:39:46,,,,,,,,,,,,,,,,,,
3954,24/09/1986,2024-09-13 00:48:18,,,,,,,,,,,,,,,,,,
3955,29/09/1971,2024-09-13 04:50:19,,,,,,,,,,,,,,,,,,
3956,27/01/1998,2024-12-24 10:49:12,,,,,,,,,,,,,,,,,,
3957,20/07/1962,2024-12-27 06:31:05,,,,,,,,,,,,,,,,,,
3963,06/03/2001,2024-09-13 06:55:20,,,,,,,,,,,,,,,,,,
3966,23/09/1991,2024-09-13 07:28:04,,,,,,,,,,,,,,,,,,
3968,26/09/1982,2024-12-04 22:41:41,,,,,,,,,,,,,,,,,,
3970,26/01/1980,2024-09-13 08:32:29,,,,,,,,,,,,,,,,,,
3971,24/10/1988,2024-09-13 09:22:39,,,,,,,,,,,,,,,,,,
3973,17/10/1995,2024-09-13 09:46:24,,,,,,,,,,,,,,,,,,
3974,15/06/1997,2024-09-13 10:00:49,,,,,,,,,,,,,,,,,,
3978,21/05/1975,2024-11-07 13:45:41,,,,,,,,,,,,,,,,,,
3979,13/12/1989,2024-09-13 10:33:18,,,,,,,,,,,,,,,,,,
3981,18/10/1994,2024-09-13 11:55:57,,,,,,,,,,,,,,,,,,
3982,20/01/2001,2024-09-13 12:01:11,,,,,,,,,,,,,,,,,,
3983,04/10/1994,2024-09-13 12:09:23,,,,,,,,,,,,,,,,,,
3984,22/09/1994,2024-09-13 12:12:42,,,,,,,,,,,,,,,,,,
3985,22/09/1975,2024-10-29 18:28:13,,,,,,,,,,,,,,,,,,
3986,09/08/1981,2024-09-13 12:18:17,,,,,,,,,,,,,,,,,,
3987,17/12/1991,2024-09-13 12:19:00,,,,,,,,,,,,,,,,,,
3988,21/02/1997,2024-09-13 12:23:31,,,,,,,,,,,,,,,,,,
3989,26/01/1999,2024-09-13 12:36:01,,,,,,,,,,,,,,,,,,
3990,09/03/1995,2024-09-13 12:46:09,,,,,,,,,,,,,,,,,,
3992,09/10/1997,2024-09-13 13:34:03,,,,,,,,,,,,,,,,,,
3993,16/11/1994,2024-09-13 13:34:53,,,,,,,,,,,,,,,,,,
3995,21/02/1971,2024-11-24 12:53:04,,,,,,,,,,,,,,,,,,
3997,18/02/1970,2024-12-13 13:50:34,,,,,,,,,,,,,,,,,,
3999,16/07/1973,2024-09-13 14:37:41,,,,,,,,,,,,,,,,,,
4000,03/07/1993,2024-09-13 14:46:10,,,,,,,,,,,,,,,,,,
4005,30/07/1980,2024-10-21 07:57:42,,,,,,,,,,,,,,,,,,
4007,01/12/1997,2024-09-13 17:20:31,,,,,,,,,,,,,,,,,,
4011,29/09/1992,2024-09-13 18:16:18,,,,,,,,,,,,,,,,,,
4016,21/11/1981,2024-11-25 12:50:20,,,,,,,,,,,,,,,,,,
4019,03/02/1979,2024-09-13 20:31:11,,,,,,,,,,,,,,,,,,
4020,15/04/1988,2024-09-13 20:38:31,,,,,,,,,,,,,,,,,,
4021,26/08/1970,2024-10-31 16:17:31,,,,,,,,,,,,,,,,,,
4022,11/03/1967,2024-09-13 21:02:30,,,,,,,,,,,,,,,,,,
4023,21/02/1989,2024-09-13 21:24:29,,,,,,,,,,,,,,,,,,
4029,19/03/2005,2024-09-13 21:47:43,,,,,,,,,,,,,,,,,,
4033,27/07/1990,2024-09-13 22:14:58,,,,,,,,,,,,,,,,,,
4034,01/03/1984,2024-09-13 22:15:56,,,,,,,,,,,,,,,,,,
4044,21/04/1980,2024-09-14 00:20:07,,,,,,,,,,,,,,,,,,
4045,03/10/1969,2024-09-14 00:41:39,,,,,,,,,,,,,,,,,,
4046,13/07/1982,2024-09-14 02:53:15,,,,,,,,,,,,,,,,,,
4048,03/04/1994,2024-09-14 04:58:13,,,,,,,,,,,,,,,,,,
4050,06/06/2000,2024-09-14 07:16:23,,,,,,,,,,,,,,,,,,
4054,30/08/1991,2024-09-14 09:14:51,,,,,,,,,,,,,,,,,,
4056,07/04/1984,2024-09-14 10:54:08,,,,,,,,,,,,,,,,,,
4058,17/07/1969,2024-09-14 11:45:41,,,,,,,,,,,,,,,,,,
4060,19/03/1955,2024-09-14 12:11:51,,,,,,,,,,,,,,,,,,
4062,23/06/1993,2024-09-14 12:14:18,,,,,,,,,,,,,,,,,,
4063,01/04/1982,2024-11-26 11:26:52,,,,,,,,,,,,,,,,,,
4064,28/10/1979,2024-09-14 12:30:24,,,,,,,,,,,,,,,,,,
4068,10/08/1976,2024-09-14 13:29:35,,,,,,,,,,,,,,,,,,
4069,11/09/1998,2024-09-14 13:36:14,,,,,,,,,,,,,,,,,,
4070,02/10/1980,2024-09-14 13:42:13,,,,,,,,,,,,,,,,,,
4071,17/03/1982,2024-09-14 14:02:44,,,,,,,,,,,,,,,,,,
4076,14/04/1957,2024-09-14 14:40:00,,,,,,,,,,,,,,,,,,
4081,18/07/1989,2024-09-14 15:35:41,,,,,,,,,,,,,,,,,,
4083,13/09/1971,2024-10-21 17:51:33,,,,,,,,,,,,,,,,,,
4086,09/06/1982,2024-09-14 17:31:16,,,,,,,,,,,,,,,,,,
4087,26/04/1972,2024-11-23 16:07:59,,,,,,,,,,,,,,,,,,
4091,02/02/1970,2024-09-14 19:03:09,,,,,,,,,,,,,,,,,,
4096,02/12/1980,2024-09-14 20:56:19,,,,,,,,,,,,,,,,,,
4099,08/12/1968,2024-11-25 23:07:58,,,,,,,,,,,,,,,,,,
4100,11/01/1997,2024-09-14 21:36:25,,,,,,,,,,,,,,,,,,
4104,31/03/1990,2024-12-01 07:39:15,,,,,,,,,,,,,,,,,,
4105,11/02/1996,2024-09-14 22:29:57,,,,,,,,,,,,,,,,,,
4107,05/11/1987,2024-09-14 22:52:22,,,,,,,,,,,,,,,,,,
4109,16/02/1994,2024-11-25 15:57:49,,,,,,,,,,,,,,,,,,
4110,21/10/1974,2024-09-14 23:25:54,,,,,,,,,,,,,,,,,,
4112,18/03/1974,2024-09-14 23:49:17,,,,,,,,,,,,,,,,,,
4114,31/10/1971,2024-09-14 23:55:21,,,,,,,,,,,,,,,,,,
4115,07/09/1990,2024-09-14 23:56:29,,,,,,,,,,,,,,,,,,
4116,08/10/1985,2024-09-15 00:12:04,,,,,,,,,,,,,,,,,,
4117,12/10/1973,2024-09-15 00:21:21,,,,,,,,,,,,,,,,,,
4119,04/05/1983,2024-09-15 01:31:47,,,,,,,,,,,,,,,,,,
4122,20/01/1992,2024-09-15 05:05:57,,,,,,,,,,,,,,,,,,
4127,11/06/1996,2024-09-15 07:17:03,,,,,,,,,,,,,,,,,,
4130,14/10/1957,2024-10-21 12:09:33,,,,,,,,,,,,,,,,,,
4131,07/02/1959,2024-09-15 08:19:08,,,,,,,,,,,,,,,,,,
4133,18/02/1996,2024-09-15 08:34:59,,,,,,,,,,,,,,,,,,
4134,28/03/1995,2024-11-23 04:48:46,,,,,,,,,,,,,,,,,,
4137,25/01/1992,2024-09-15 10:43:33,,,,,,,,,,,,,,,,,,
4145,17/12/1990,2024-09-15 13:20:06,,,,,,,,,,,,,,,,,,
4146,12/02/1998,2024-11-10 13:14:02,,,,,,,,,,,,,,,,,,
4148,09/03/1980,2024-09-15 15:20:29,,,,,,,,,,,,,,,,,,
4149,14/11/1979,2024-11-18 14:32:12,,,,,,,,,,,,,,,,,,
4150,27/12/1975,2024-09-15 16:24:57,,,,,,,,,,,,,,,,,,
4151,24/07/1973,2024-09-15 16:42:12,,,,,,,,,,,,,,,,,,
4152,30/03/1990,2024-09-15 17:10:46,,,,,,,,,,,,,,,,,,
4153,06/07/1967,2024-10-30 13:29:37,,,,,,,,,,,,,,,,,,
4154,23/10/1973,2024-09-15 18:13:00,,,,,,,,,,,,,,,,,,
4155,19/02/1999,2024-09-15 19:26:15,,,,,,,,,,,,,,,,,,
4157,03/01/1974,2024-09-15 19:38:11,,,,,,,,,,,,,,,,,,
4159,23/10/1992,2024-09-15 20:04:07,,,,,,,,,,,,,,,,,,
4160,20/03/1992,2024-09-15 20:47:14,,,,,,,,,,,,,,,,,,
4161,03/08/1978,2024-09-15 20:49:24,,,,,,,,,,,,,,,,,,
4163,08/12/1986,2024-09-15 21:05:59,,,,,,,,,,,,,,,,,,
4165,30/09/1980,2024-09-15 21:08:38,,,,,,,,,,,,,,,,,,
4169,09/05/1965,2024-09-15 21:51:45,,,,,,,,,,,,,,,,,,
4170,02/08/1991,2024-09-15 22:02:19,,,,,,,,,,,,,,,,,,
4171,02/07/1985,2024-09-15 22:12:53,,,,,,,,,,,,,,,,,,
4172,24/07/1986,2024-09-15 22:13:59,,,,,,,,,,,,,,,,,,
4173,15/05/1986,2024-09-15 22:27:36,,,,,,,,,,,,,,,,,,
4174,15/09/1987,2024-09-15 22:43:52,,,,,,,,,,,,,,,,,,
4176,10/08/1983,2024-09-15 22:51:15,,,,,,,,,,,,,,,,,,
4177,09/06/1987,2024-09-15 22:59:23,,,,,,,,,,,,,,,,,,
4179,09/10/1975,2024-12-04 15:32:54,,,,,,,,,,,,,,,,,,
4180,11/01/1981,2024-09-16 00:09:06,,,,,,,,,,,,,,,,,,
4181,27/07/1976,2024-09-16 01:59:57,,,,,,,,,,,,,,,,,,
4182,14/11/1982,2024-09-16 02:34:11,,,,,,,,,,,,,,,,,,
4184,01/12/1983,2024-09-16 07:15:42,,,,,,,,,,,,,,,,,,
4185,20/08/1968,2024-11-23 11:16:08,,,,,,,,,,,,,,,,,,
4186,01/01/2000,2024-09-16 07:23:30,,,,,,,,,,,,,,,,,,
4190,25/04/1987,2024-09-16 08:44:14,,,,,,,,,,,,,,,,,,
4192,17/11/1988,2024-09-16 09:18:50,,,,,,,,,,,,,,,,,,
4193,25/06/1997,2024-09-16 09:37:03,,,,,,,,,,,,,,,,,,
4195,19/12/1985,2024-09-16 10:44:31,,,,,,,,,,,,,,,,,,
4197,27/07/1969,2024-12-18 17:23:36,,,,,,,,,,,,,,,,,,
4198,25/04/1993,2024-11-25 21:18:59,,,,,,,,,,,,,,,,,,
4200,31/12/1992,2024-09-16 11:44:40,,,,,,,,,,,,,,,,,,
4201,20/03/1984,2024-09-16 11:49:46,,,,,,,,,,,,,,,,,,
4202,06/08/1978,2024-09-16 12:08:03,,,,,,,,,,,,,,,,,,
4204,06/11/1984,2024-12-01 06:27:15,,,,,,,,,,,,,,,,,,
4205,02/10/1993,2024-09-16 13:58:24,,,,,,,,,,,,,,,,,,
4206,14/02/1980,2024-09-16 14:08:47,,,,,,,,,,,,,,,,,,
4209,30/12/1979,2024-09-16 14:23:56,,,,,,,,,,,,,,,,,,
4215,26/02/1955,2024-09-16 16:46:16,,,,,,,,,,,,,,,,,,
4217,26/11/1977,2024-09-16 17:21:51,,,,,,,,,,,,,,,,,,
4219,09/03/1994,2024-12-30 15:40:46,,,,,,,,,,,,,,,,,,
4220,21/10/1982,2024-11-30 11:33:07,,,,,,,,,,,,,,,,,,
4221,05/10/1994,2024-09-16 18:29:01,,,,,,,,,,,,,,,,,,
4223,20/07/1987,2024-09-16 19:06:23,,,,,,,,,,,,,,,,,,
4224,29/11/1995,2024-10-25 18:46:33,,,,,,,,,,,,,,,,,,
4226,16/10/1979,2024-11-25 16:13:54,,,,,,,,,,,,,,,,,,
4227,27/08/1980,2024-09-16 20:51:34,,,,,,,,,,,,,,,,,,
4228,29/06/1990,2024-09-16 21:28:22,,,,,,,,,,,,,,,,,,
4229,27/10/1993,2024-09-16 22:18:10,,,,,,,,,,,,,,,,,,
4230,05/09/1991,2024-11-02 23:23:22,,,,,,,,,,,,,,,,,,
4237,01/11/1999,2024-09-17 02:06:13,,,,,,,,,,,,,,,,,,
4239,02/07/1988,2024-11-23 13:11:11,,,,,,,,,,,,,,,,,,
4244,11/11/1994,2024-09-17 09:47:11,,,,,,,,,,,,,,,,,,
4245,08/10/1987,2024-12-28 12:03:20,,,,,,,,,,,,,,,,,,
4248,10/10/1984,2024-09-17 10:03:11,,,,,,,,,,,,,,,,,,
4251,24/03/1961,2024-09-17 11:59:44,,,,,,,,,,,,,,,,,,
4253,11/08/2002,2024-09-17 12:27:39,,,,,,,,,,,,,,,,,,
4254,13/05/1998,2024-11-25 23:50:31,,,,,,,,,,,,,,,,,,
4255,30/03/1977,2024-09-17 12:51:47,,,,,,,,,,,,,,,,,,
4256,03/11/1992,2024-09-17 12:51:47,,,,,,,,,,,,,,,,,,
4257,03/11/1971,2024-11-27 06:17:50,,,,,,,,,,,,,,,,,,
4260,12/11/1996,2024-09-17 14:49:21,,,,,,,,,,,,,,,,,,
4262,02/08/1969,2024-09-17 15:23:15,,,,,,,,,,,,,,,,,,
4264,22/03/2001,2024-09-17 15:55:48,,,,,,,,,,,,,,,,,,
4266,29/11/1997,2024-10-28 19:52:34,,,,,,,,,,,,,,,,,,
4268,19/04/1993,2024-09-17 16:26:16,,,,,,,,,,,,,,,,,,
4271,10/12/1968,2024-12-15 17:46:50,,,,,,,,,,,,,,,,,,
4274,28/08/1992,2024-09-17 17:46:24,,,,,,,,,,,,,,,,,,
4275,19/02/1995,2024-09-17 17:54:30,,,,,,,,,,,,,,,,,,
4276,17/11/1996,2024-09-17 18:17:47,,,,,,,,,,,,,,,,,,
4277,30/09/1976,2024-10-27 20:33:25,,,,,,,,,,,,,,,,,,
4278,01/07/1987,2024-09-17 18:30:08,,,,,,,,,,,,,,,,,,
4279,07/10/1994,2024-09-17 18:38:20,,,,,,,,,,,,,,,,,,
4281,18/02/1991,2024-09-17 20:01:27,,,,,,,,,,,,,,,,,,
4282,17/02/1990,2024-09-17 20:42:40,,,,,,,,,,,,,,,,,,
4284,15/09/1996,2024-09-17 20:48:19,,,,,,,,,,,,,,,,,,
4289,21/11/1967,2024-09-18 00:04:17,,,,,,,,,,,,,,,,,,
4290,20/07/1975,2024-09-18 00:11:00,,,,,,,,,,,,,,,,,,
4294,26/04/1994,2024-09-18 08:49:05,,,,,,,,,,,,,,,,,,
4295,20/07/1985,2024-09-18 11:20:42,,,,,,,,,,,,,,,,,,
4304,07/12/1984,2024-09-18 21:31:50,,,,,,,,,,,,,,,,,,
4305,26/06/1977,2024-11-29 22:42:42,,,,,,,,,,,,,,,,,,
4309,19/08/1990,2024-09-19 06:44:15,,,,,,,,,,,,,,,,,,
4310,02/02/1966,2024-12-25 11:28:26,,,,,,,,,,,,,,,,,,
4322,19/06/1968,2024-09-20 07:07:55,,,,,,,,,,,,,,,,,,
4325,13/08/1963,2024-09-20 11:08:38,,,,,,,,,,,,,,,,,,
4327,22/12/1991,2024-09-20 14:29:35,,,,,,,,,,,,,,,,,,
4331,28/08/1978,2024-09-20 19:08:20,,,,,,,,,,,,,,,,,,
4334,12/11/1993,2024-09-21 06:57:14,,,,,,,,,,,,,,,,,,
4335,19/01/1979,2024-09-21 10:25:49,,,,,,,,,,,,,,,,,,
4336,05/07/1988,2024-09-21 12:38:32,,,,,,,,,,,,,,,,,,
4339,27/06/1989,2024-09-21 18:22:49,,,,,,,,,,,,,,,,,,
4341,19/09/1980,2024-09-22 09:40:36,,,,,,,,,,,,,,,,,,
4349,07/12/1993,2024-11-23 01:42:24,,,,,,,,,,,,,,,,,,
4350,29/05/1990,2024-09-23 21:36:48,,,,,,,,,,,,,,,,,,
4352,21/03/1987,2024-09-23 21:47:50,,,,,,,,,,,,,,,,,,
4353,18/06/1988,2024-09-23 22:14:55,,,,,,,,,,,,,,,,,,
4357,06/11/1982,2024-09-24 07:54:42,,,,,,,,,,,,,,,,,,
4358,04/01/2003,2024-09-24 10:14:47,,,,,,,,,,,,,,,,,,
4360,10/07/1992,2024-09-24 15:54:46,,,,,,,,,,,,,,,,,,
4367,08/03/1994,2024-09-24 21:52:26,,,,,,,,,,,,,,,,,,
4369,22/12/1997,2024-09-25 01:06:18,,,,,,,,,,,,,,,,,,
4374,04/06/1997,2024-09-25 14:57:54,,,,,,,,,,,,,,,,,,
4378,13/09/2004,2024-09-26 02:30:53,,,,,,,,,,,,,,,,,,
4379,14/08/1971,2024-10-20 21:47:15,,,,,,,,,,,,,,,,,,
4380,13/10/1981,2024-10-23 18:32:01,,,,,,,,,,,,,,,,,,
4384,08/08/1977,2024-09-26 12:34:02,,,,,,,,,,,,,,,,,,
4385,06/11/1958,2024-09-27 09:04:34,,,,,,,,,,,,,,,,,,
4387,09/04/1988,2024-09-27 13:45:36,,,,,,,,,,,,,,,,,,
4388,04/04/1992,2024-09-27 13:55:42,,,,,,,,,,,,,,,,,,
4389,24/06/1989,2024-09-27 13:55:56,,,,,,,,,,,,,,,,,,
4390,09/12/1991,2024-09-27 14:01:38,,,,,,,,,,,,,,,,,,
4391,19/11/1986,2024-09-27 14:02:30,,,,,,,,,,,,,,,,,,
4392,08/11/1993,2024-11-30 14:44:08,,,,,,,,,,,,,,,,,,
4394,21/09/1993,2024-09-27 14:31:53,,,,,,,,,,,,,,,,,,
4395,16/01/1993,2024-09-27 19:09:45,,,,,,,,,,,,,,,,,,
4397,29/09/1995,2024-09-27 20:44:50,,,,,,,,,,,,,,,,,,
4400,28/03/1997,2024-09-27 23:12:48,,,,,,,,,,,,,,,,,,
4401,10/09/1996,2024-09-28 00:11:04,,,,,,,,,,,,,,,,,,
4402,28/02/1984,2024-09-28 00:16:05,,,,,,,,,,,,,,,,,,
4403,24/08/1996,2024-09-28 07:55:28,,,,,,,,,,,,,,,,,,
4406,03/11/2002,2024-09-28 12:01:52,,,,,,,,,,,,,,,,,,
4407,03/07/1991,2024-09-28 12:02:17,,,,,,,,,,,,,,,,,,
4409,27/03/1999,2024-09-28 12:08:46,,,,,,,,,,,,,,,,,,
4410,23/04/2000,2024-11-29 22:55:35,,,,,,,,,,,,,,,,,,
4411,31/01/1997,2024-09-28 12:08:46,,,,,,,,,,,,,,,,,,
4414,23/08/1994,2024-09-28 12:13:10,,,,,,,,,,,,,,,,,,
4415,29/12/1992,2024-09-28 12:13:43,,,,,,,,,,,,,,,,,,
4416,12/04/1982,2024-09-28 12:15:13,,,,,,,,,,,,,,,,,,
4417,03/07/1990,2024-09-28 12:16:34,,,,,,,,,,,,,,,,,,
4418,23/03/1987,2024-09-28 12:17:49,,,,,,,,,,,,,,,,,,
4419,17/10/1997,2024-12-03 12:59:44,,,,,,,,,,,,,,,,,,
4420,03/10/1992,2024-09-28 12:19:21,,,,,,,,,,,,,,,,,,
4421,12/02/1991,2024-09-28 12:21:14,,,,,,,,,,,,,,,,,,
4423,14/04/1987,2024-09-28 12:24:34,,,,,,,,,,,,,,,,,,
4425,19/10/1994,2024-09-28 12:27:49,,,,,,,,,,,,,,,,,,
4426,30/03/1995,2024-12-17 21:19:28,,,,,,,,,,,,,,,,,,
4428,31/12/2000,2024-09-28 12:30:47,,,,,,,,,,,,,,,,,,
4429,15/02/1981,2024-12-29 15:55:44,,,,,,,,,,,,,,,,,,
4430,01/05/1995,2024-09-28 12:33:00,,,,,,,,,,,,,,,,,,
4431,08/09/1998,2024-09-28 12:36:10,,,,,,,,,,,,,,,,,,
4432,16/06/1998,2024-12-23 19:20:37,,,,,,,,,,,,,,,,,,
4437,08/09/2024,2024-09-28 12:46:27,,,,,,,,,,,,,,,,,,
4438,12/12/1992,2024-09-28 12:49:00,,,,,,,,,,,,,,,,,,
4441,16/11/1996,2024-09-28 12:49:16,,,,,,,,,,,,,,,,,,
4444,19/06/1992,2024-09-28 12:54:10,,,,,,,,,,,,,,,,,,
4445,16/11/1983,2024-09-28 12:55:16,,,,,,,,,,,,,,,,,,
4450,30/04/1988,2024-09-28 13:03:08,,,,,,,,,,,,,,,,,,
4452,08/04/1986,2024-09-28 13:07:45,,,,,,,,,,,,,,,,,,
4453,23/08/1984,2024-09-28 13:11:22,,,,,,,,,,,,,,,,,,
4455,14/08/1997,2024-09-28 13:16:48,,,,,,,,,,,,,,,,,,
4456,03/07/1998,2024-09-28 13:19:06,,,,,,,,,,,,,,,,,,
4457,31/01/1997,2024-09-28 13:19:28,,,,,,,,,,,,,,,,,,
4458,18/04/1987,2024-09-28 13:19:42,,,,,,,,,,,,,,,,,,
4467,17/02/1994,2024-11-01 15:38:06,,,,,,,,,,,,,,,,,,
4471,19/06/1994,2024-09-28 13:32:01,,,,,,,,,,,,,,,,,,
4475,09/10/1994,2024-12-26 10:46:30,,,,,,,,,,,,,,,,,,
4478,08/08/1995,2024-09-28 13:35:33,,,,,,,,,,,,,,,,,,
4480,13/12/1994,2024-09-28 13:35:55,,,,,,,,,,,,,,,,,,
4481,31/10/1994,2024-09-28 13:36:35,,,,,,,,,,,,,,,,,,
4482,21/11/1990,2024-09-28 13:38:26,,,,,,,,,,,,,,,,,,
4485,18/06/1966,2024-12-24 20:01:28,,,,,,,,,,,,,,,,,,
4486,09/12/1984,2024-09-28 13:40:19,,,,,,,,,,,,,,,,,,
4490,20/04/1986,2024-09-28 13:45:12,,,,,,,,,,,,,,,,,,
4492,27/11/1978,2024-09-28 13:50:02,,,,,,,,,,,,,,,,,,
4493,21/11/1964,2024-09-28 13:50:34,,,,,,,,,,,,,,,,,,
4495,09/04/2001,2024-09-28 13:51:14,,,,,,,,,,,,,,,,,,
4496,08/02/1994,2024-09-28 13:56:14,,,,,,,,,,,,,,,,,,
4497,21/10/1981,2024-09-28 13:56:21,,,,,,,,,,,,,,,,,,
4500,21/11/1996,2024-09-28 13:58:17,,,,,,,,,,,,,,,,,,
4501,14/06/1993,2024-09-28 13:59:39,,,,,,,,,,,,,,,,,,
4502,14/12/2002,2024-09-28 14:00:11,,,,,,,,,,,,,,,,,,
4503,23/12/1988,2024-09-28 14:01:39,,,,,,,,,,,,,,,,,,
4505,05/11/1994,2024-09-28 14:13:33,,,,,,,,,,,,,,,,,,
4506,22/03/1987,2024-11-30 09:39:19,,,,,,,,,,,,,,,,,,
4508,04/01/1989,2024-09-28 14:24:39,,,,,,,,,,,,,,,,,,
4511,13/02/1995,2024-09-28 14:30:32,,,,,,,,,,,,,,,,,,
4513,07/07/1993,2024-09-28 14:36:01,,,,,,,,,,,,,,,,,,
4514,11/06/2002,2024-09-28 14:38:15,,,,,,,,,,,,,,,,,,
4515,27/02/1987,2024-09-28 14:38:15,,,,,,,,,,,,,,,,,,
4517,28/05/1989,2024-09-28 15:00:16,,,,,,,,,,,,,,,,,,
4518,12/06/1995,2024-12-15 20:02:18,,,,,,,,,,,,,,,,,,
4520,17/06/1990,2024-12-02 18:45:47,,,,,,,,,,,,,,,,,,
4521,23/04/1968,2024-09-28 15:11:06,,,,,,,,,,,,,,,,,,
4522,29/04/1991,2024-09-28 15:13:44,,,,,,,,,,,,,,,,,,
4523,27/05/1967,2024-09-28 15:13:44,,,,,,,,,,,,,,,,,,
4524,07/02/1994,2024-09-28 15:26:52,,,,,,,,,,,,,,,,,,
4525,30/05/1986,2024-09-28 15:26:52,,,,,,,,,,,,,,,,,,
4526,20/03/1983,2024-09-28 15:28:34,,,,,,,,,,,,,,,,,,
4527,10/03/1981,2024-10-22 10:08:03,,,,,,,,,,,,,,,,,,
4528,03/08/1992,2024-12-16 20:38:04,,,,,,,,,,,,,,,,,,
4529,18/07/1990,2024-11-25 21:28:38,,,,,,,,,,,,,,,,,,
4530,10/02/1995,2024-09-28 16:21:41,,,,,,,,,,,,,,,,,,
4531,20/02/1996,2024-11-29 22:58:53,,,,,,,,,,,,,,,,,,
4532,29/06/1994,2024-09-28 16:28:10,,,,,,,,,,,,,,,,,,
4533,24/10/1988,2024-09-28 16:48:37,,,,,,,,,,,,,,,,,,
4534,01/09/1989,2024-09-28 16:49:39,,,,,,,,,,,,,,,,,,
4535,08/03/1990,2024-09-28 16:51:23,,,,,,,,,,,,,,,,,,
4536,20/10/1993,2024-09-28 16:54:41,,,,,,,,,,,,,,,,,,
4537,13/03/1988,2024-11-30 08:03:34,,,,,,,,,,,,,,,,,,
4538,19/10/1997,2024-09-28 17:20:32,,,,,,,,,,,,,,,,,,
4539,23/10/1989,2024-09-28 17:28:59,,,,,,,,,,,,,,,,,,
4540,07/01/1987,2024-09-28 17:34:08,,,,,,,,,,,,,,,,,,
4541,05/04/1979,2024-09-28 17:43:52,,,,,,,,,,,,,,,,,,
4542,15/09/1996,2024-09-28 17:51:11,,,,,,,,,,,,,,,,,,
4545,13/05/1998,2024-09-28 18:05:08,,,,,,,,,,,,,,,,,,
4546,29/03/1990,2024-09-28 18:05:08,,,,,,,,,,,,,,,,,,
4548,13/07/1992,2024-09-28 18:12:41,,,,,,,,,,,,,,,,,,
4549,30/08/1980,2024-09-28 18:14:37,,,,,,,,,,,,,,,,,,
4551,17/02/1993,2024-09-28 18:33:39,,,,,,,,,,,,,,,,,,
4552,19/06/1976,2024-09-28 18:42:42,,,,,,,,,,,,,,,,,,
4553,29/11/1984,2024-12-25 13:40:44,,,,,,,,,,,,,,,,,,
4555,29/03/1968,2024-09-28 18:49:57,,,,,,,,,,,,,,,,,,
4556,08/07/1990,2024-12-03 00:36:01,,,,,,,,,,,,,,,,,,
4557,11/03/1990,2024-09-28 19:15:16,,,,,,,,,,,,,,,,,,
4558,23/02/1979,2024-09-28 19:20:08,,,,,,,,,,,,,,,,,,
4559,28/09/1996,2024-09-28 19:22:38,,,,,,,,,,,,,,,,,,
4561,06/07/1995,2024-09-28 19:28:17,,,,,,,,,,,,,,,,,,
4562,24/05/1992,2024-09-28 19:29:42,,,,,,,,,,,,,,,,,,
4563,09/10/2001,2024-09-28 19:39:48,,,,,,,,,,,,,,,,,,
4564,09/09/1996,2024-11-29 22:36:54,,,,,,,,,,,,,,,,,,
4565,02/06/1968,2024-09-28 20:05:16,,,,,,,,,,,,,,,,,,
4566,01/09/1999,2024-12-02 19:20:23,,,,,,,,,,,,,,,,,,
4567,20/12/1987,2024-09-28 20:11:47,,,,,,,,,,,,,,,,,,
4568,22/01/1995,2024-09-28 20:20:03,,,,,,,,,,,,,,,,,,
4570,25/04/1993,2024-12-19 22:07:03,,,,,,,,,,,,,,,,,,
4575,31/03/1992,2024-09-28 21:47:08,,,,,,,,,,,,,,,,,,
4576,21/02/1984,2024-09-28 21:49:21,,,,,,,,,,,,,,,,,,
4578,26/09/1977,2024-09-28 22:16:37,,,,,,,,,,,,,,,,,,
4579,27/04/1987,2024-09-28 22:59:39,,,,,,,,,,,,,,,,,,
4585,31/08/1983,2024-09-29 00:19:25,,,,,,,,,,,,,,,,,,
4586,16/02/1999,2024-09-29 00:23:15,,,,,,,,,,,,,,,,,,
4587,02/10/1988,2024-09-29 02:43:42,,,,,,,,,,,,,,,,,,
4589,19/08/1986,2024-09-29 04:21:23,,,,,,,,,,,,,,,,,,
4591,21/03/1982,2024-09-29 04:45:04,,,,,,,,,,,,,,,,,,
4593,26/12/1995,2024-09-29 05:55:50,,,,,,,,,,,,,,,,,,
4594,22/10/1990,2024-09-29 06:40:47,,,,,,,,,,,,,,,,,,
4595,10/04/1976,2024-11-07 14:04:58,,,,,,,,,,,,,,,,,,
4600,28/12/1970,2024-09-29 07:32:28,,,,,,,,,,,,,,,,,,
4601,06/08/1990,2024-09-29 07:36:14,,,,,,,,,,,,,,,,,,
4602,13/10/1992,2024-09-29 08:15:56,,,,,,,,,,,,,,,,,,
4603,04/04/1999,2024-09-29 08:57:24,,,,,,,,,,,,,,,,,,
4604,30/04/1977,2024-09-29 09:53:20,,,,,,,,,,,,,,,,,,
4605,17/12/1987,2024-09-29 11:02:30,,,,,,,,,,,,,,,,,,
4607,09/09/1988,2024-09-29 11:31:49,,,,,,,,,,,,,,,,,,
4610,03/12/1993,2024-09-29 12:14:33,,,,,,,,,,,,,,,,,,
4611,25/03/1988,2024-09-29 12:24:05,,,,,,,,,,,,,,,,,,
4612,20/12/1992,2024-09-29 13:03:41,,,,,,,,,,,,,,,,,,
4614,27/10/1999,2024-09-29 13:25:06,,,,,,,,,,,,,,,,,,
4618,20/10/1979,2024-09-29 13:48:27,,,,,,,,,,,,,,,,,,
4619,17/09/1982,2024-09-29 14:30:16,,,,,,,,,,,,,,,,,,
4621,03/02/1991,2024-12-03 21:39:10,,,,,,,,,,,,,,,,,,
4624,27/07/1962,2024-11-28 21:41:21,,,,,,,,,,,,,,,,,,
4625,12/08/1986,2024-09-29 18:32:02,,,,,,,,,,,,,,,,,,
4626,15/07/1973,2024-09-29 18:55:03,,,,,,,,,,,,,,,,,,
4631,10/10/1980,2024-10-26 12:29:48,,,,,,,,,,,,,,,,,,
4639,12/01/1995,2024-09-29 21:44:08,,,,,,,,,,,,,,,,,,
4641,29/05/1994,2024-09-29 21:55:20,,,,,,,,,,,,,,,,,,
4642,19/09/1997,2024-09-29 22:01:43,,,,,,,,,,,,,,,,,,
4643,21/06/1993,2024-09-29 23:07:37,,,,,,,,,,,,,,,,,,
4644,06/07/1986,2024-11-09 14:21:39,,,,,,,,,,,,,,,,,,
4647,01/02/1991,2024-09-30 00:43:19,,,,,,,,,,,,,,,,,,
4648,25/06/1977,2024-09-30 01:18:39,,,,,,,,,,,,,,,,,,
4650,07/02/1965,2024-09-30 06:30:35,,,,,,,,,,,,,,,,,,
4651,31/12/1975,2024-11-20 07:29:58,,,,,,,,,,,,,,,,,,
4653,15/03/1964,2024-11-25 16:40:19,,,,,,,,,,,,,,,,,,
4661,18/07/1989,2024-11-30 20:40:09,,,,,,,,,,,,,,,,,,
4662,06/03/1984,2024-09-30 11:08:07,,,,,,,,,,,,,,,,,,
4663,21/11/1966,2024-10-30 06:48:17,,,,,,,,,,,,,,,,,,
4666,03/06/1977,2024-09-30 13:12:48,,,,,,,,,,,,,,,,,,
4668,22/03/1989,2024-09-30 16:41:51,,,,,,,,,,,,,,,,,,
4669,20/08/1971,2024-10-31 19:13:37,,,,,,,,,,,,,,,,,,
4670,31/07/1996,2024-09-30 17:45:22,,,,,,,,,,,,,,,,,,
4671,16/06/1981,2024-09-30 17:56:26,,,,,,,,,,,,,,,,,,
4672,30/01/1968,2024-09-30 18:08:18,,,,,,,,,,,,,,,,,,
4673,13/04/1984,2024-10-26 23:42:57,,,,,,,,,,,,,,,,,,
4674,06/04/1983,2024-09-30 18:15:17,,,,,,,,,,,,,,,,,,
4675,03/01/1993,2024-09-30 18:33:39,,,,,,,,,,,,,,,,,,
4677,12/11/1990,2024-09-30 18:35:53,,,,,,,,,,,,,,,,,,
4680,18/12/1949,2024-09-30 18:41:58,,,,,,,,,,,,,,,,,,
4681,24/09/1980,2024-09-30 18:57:36,,,,,,,,,,,,,,,,,,
4682,08/12/1971,2024-09-30 18:59:21,,,,,,,,,,,,,,,,,,
4684,23/03/1983,2024-09-30 19:10:32,,,,,,,,,,,,,,,,,,
4686,10/04/1975,2024-09-30 19:14:31,,,,,,,,,,,,,,,,,,
4688,06/06/1956,2024-09-30 19:24:31,,,,,,,,,,,,,,,,,,
4690,22/01/1991,2024-09-30 19:25:28,,,,,,,,,,,,,,,,,,
4696,02/05/1981,2024-09-30 20:21:44,,,,,,,,,,,,,,,,,,
4701,09/04/1989,2024-11-23 19:18:19,,,,,,,,,,,,,,,,,,
4702,03/04/1982,2024-11-29 18:11:26,,,,,,,,,,,,,,,,,,
4706,30/12/1983,2024-09-30 21:51:12,,,,,,,,,,,,,,,,,,
4708,13/02/1983,2024-09-30 22:04:42,,,,,,,,,,,,,,,,,,
4710,27/04/1994,2024-09-30 22:09:22,,,,,,,,,,,,,,,,,,
4713,30/01/1995,2024-09-30 22:44:47,,,,,,,,,,,,,,,,,,
4715,20/04/1990,2024-12-14 18:29:47,,,,,,,,,,,,,,,,,,
4716,14/02/1974,2024-09-30 23:12:24,,,,,,,,,,,,,,,,,,
4720,08/05/1958,2024-10-23 13:23:01,,,,,,,,,,,,,,,,,,
4724,23/09/1991,2024-11-23 17:07:08,,,,,,,,,,,,,,,,,,
4725,04/02/1989,2024-09-30 23:44:43,,,,,,,,,,,,,,,,,,
4726,11/08/1993,2024-10-23 00:33:06,,,,,,,,,,,,,,,,,,
4729,13/04/1983,2024-10-01 00:26:36,,,,,,,,,,,,,,,,,,
4730,08/09/1974,2024-10-01 01:00:35,,,,,,,,,,,,,,,,,,
4733,21/03/1984,2024-12-01 18:48:11,,,,,,,,,,,,,,,,,,
4734,17/04/1977,2024-10-23 18:12:03,,,,,,,,,,,,,,,,,,
4735,05/05/1981,2024-11-26 12:55:05,,,,,,,,,,,,,,,,,,
4736,31/08/1985,2024-10-01 06:08:43,,,,,,,,,,,,,,,,,,
4737,17/12/1984,2024-10-01 06:37:36,,,,,,,,,,,,,,,,,,
4738,15/05/1969,2024-10-01 06:40:17,,,,,,,,,,,,,,,,,,
4739,27/05/1988,2024-10-01 07:27:53,,,,,,,,,,,,,,,,,,
4740,24/03/1992,2024-10-01 07:40:57,,,,,,,,,,,,,,,,,,
4741,08/08/1978,2024-10-01 07:44:02,,,,,,,,,,,,,,,,,,
4742,27/10/1976,2024-10-01 09:31:11,,,,,,,,,,,,,,,,,,
4743,18/05/1996,2024-10-01 09:54:35,,,,,,,,,,,,,,,,,,
4744,24/06/1972,2024-10-01 09:55:30,,,,,,,,,,,,,,,,,,
4745,12/06/1978,2024-10-01 10:02:43,,,,,,,,,,,,,,,,,,
4748,22/10/1986,2024-10-01 10:49:21,,,,,,,,,,,,,,,,,,
4751,21/04/1973,2024-12-13 19:33:30,,,,,,,,,,,,,,,,,,
4752,14/06/1979,2024-10-01 11:34:12,,,,,,,,,,,,,,,,,,
4753,21/08/1979,2024-10-01 11:36:00,,,,,,,,,,,,,,,,,,
4755,04/11/1980,2024-10-01 12:10:27,,,,,,,,,,,,,,,,,,
4762,26/06/1997,2024-12-22 17:22:09,,,,,,,,,,,,,,,,,,
4763,06/11/1988,2024-10-01 13:00:43,,,,,,,,,,,,,,,,,,
4764,10/05/2002,2024-11-30 21:23:54,,,,,,,,,,,,,,,,,,
4766,13/07/1998,2024-12-02 22:21:58,,,,,,,,,,,,,,,,,,
4768,24/06/1983,2024-10-01 13:40:57,,,,,,,,,,,,,,,,,,
4770,28/09/1978,2024-10-01 14:08:21,,,,,,,,,,,,,,,,,,
4774,18/11/1966,2024-10-01 14:44:16,,,,,,,,,,,,,,,,,,
4778,25/10/1965,2024-10-01 15:03:34,,,,,,,,,,,,,,,,,,
4780,18/05/1989,2024-10-01 15:23:50,,,,,,,,,,,,,,,,,,
4782,30/05/1967,2024-10-01 15:35:43,,,,,,,,,,,,,,,,,,
4784,29/04/1990,2024-10-01 15:48:13,,,,,,,,,,,,,,,,,,
4792,03/10/1970,2024-10-01 18:07:22,,,,,,,,,,,,,,,,,,
4799,07/11/1984,2024-10-01 19:09:01,,,,,,,,,,,,,,,,,,
4801,19/06/1983,2024-10-01 19:37:03,,,,,,,,,,,,,,,,,,
4802,23/05/1947,2024-10-01 19:37:29,,,,,,,,,,,,,,,,,,
4809,02/01/1998,2024-10-21 09:46:33,,,,,,,,,,,,,,,,,,
4811,11/03/1995,2024-10-30 20:31:44,,,,,,,,,,,,,,,,,,
4815,13/05/1976,2024-10-01 21:58:03,,,,,,,,,,,,,,,,,,
4816,19/09/1989,2024-10-01 21:59:35,,,,,,,,,,,,,,,,,,
4818,28/03/1996,2024-10-01 22:25:45,,,,,,,,,,,,,,,,,,
4820,03/03/1978,2024-10-01 22:59:27,,,,,,,,,,,,,,,,,,
4821,05/06/1995,2024-10-01 23:19:44,,,,,,,,,,,,,,,,,,
4823,27/01/1993,2024-10-02 00:54:56,,,,,,,,,,,,,,,,,,
4827,07/08/1986,2024-10-02 03:02:08,,,,,,,,,,,,,,,,,,
4831,28/07/1959,2024-10-02 06:42:05,,,,,,,,,,,,,,,,,,
4834,24/06/1979,2024-10-02 07:49:51,,,,,,,,,,,,,,,,,,
4835,15/05/1999,2024-10-02 08:09:17,,,,,,,,,,,,,,,,,,
4836,10/04/1983,2024-11-28 05:12:28,,,,,,,,,,,,,,,,,,
4837,18/03/1981,2024-11-20 20:01:52,,,,,,,,,,,,,,,,,,
4838,28/04/1994,2024-10-02 09:53:52,,,,,,,,,,,,,,,,,,
4848,20/07/1959,2024-10-02 12:41:06,,,,,,,,,,,,,,,,,,
4850,27/12/1995,2024-10-29 21:48:13,,,,,,,,,,,,,,,,,,
4851,11/07/1976,2024-10-02 12:53:51,,,,,,,,,,,,,,,,,,
4858,08/08/1984,2024-10-02 14:31:11,,,,,,,,,,,,,,,,,,
4861,08/09/1985,2024-10-02 15:10:27,,,,,,,,,,,,,,,,,,
4866,03/04/1976,2024-10-02 16:01:44,,,,,,,,,,,,,,,,,,
4867,25/02/1983,2024-10-02 16:02:58,,,,,,,,,,,,,,,,,,
4868,13/04/1979,2024-10-02 16:20:50,,,,,,,,,,,,,,,,,,
4872,08/09/1991,2024-10-02 19:04:18,,,,,,,,,,,,,,,,,,
4873,27/05/1980,2024-12-14 21:37:50,,,,,,,,,,,,,,,,,,
4874,18/12/1980,2024-10-02 19:30:08,,,,,,,,,,,,,,,,,,
4876,11/07/1983,2024-10-02 19:49:20,,,,,,,,,,,,,,,,,,
4883,15/10/1988,2024-10-02 21:03:38,,,,,,,,,,,,,,,,,,
4884,03/10/1972,2024-10-30 13:55:19,,,,,,,,,,,,,,,,,,
4886,13/06/1996,2024-10-02 21:40:23,,,,,,,,,,,,,,,,,,
4897,12/01/1982,2024-10-03 11:04:45,,,,,,,,,,,,,,,,,,
4899,02/10/1988,2024-10-03 11:56:53,,,,,,,,,,,,,,,,,,
4901,22/01/1979,2024-10-30 17:10:08,,,,,,,,,,,,,,,,,,
4906,29/07/1996,2024-10-03 16:05:49,,,,,,,,,,,,,,,,,,
4912,04/03/1974,2024-11-13 18:54:55,,,,,,,,,,,,,,,,,,
4913,28/04/1978,2024-10-29 23:25:49,,,,,,,,,,,,,,,,,,
4921,18/03/1980,2024-12-01 18:31:51,,,,,,,,,,,,,,,,,,
4924,27/06/1994,2024-10-04 03:03:22,,,,,,,,,,,,,,,,,,
4925,14/06/1991,2024-10-28 14:48:30,,,,,,,,,,,,,,,,,,
4930,18/04/1972,2024-10-04 09:11:55,,,,,,,,,,,,,,,,,,
4933,01/01/1986,2024-10-04 11:24:25,,,,,,,,,,,,,,,,,,
4934,21/09/1990,2024-10-04 11:42:19,,,,,,,,,,,,,,,,,,
4935,15/03/1980,2024-10-04 11:59:42,,,,,,,,,,,,,,,,,,
4939,10/02/1971,2024-10-04 13:25:54,,,,,,,,,,,,,,,,,,
4941,12/02/1969,2024-10-04 13:34:46,,,,,,,,,,,,,,,,,,
4944,08/09/1978,2024-11-23 06:55:36,,,,,,,,,,,,,,,,,,
4946,26/01/1961,2024-12-23 19:43:00,,,,,,,,,,,,,,,,,,
4948,25/06/1994,2024-10-04 19:27:22,,,,,,,,,,,,,,,,,,
4949,04/01/1984,2024-10-04 19:53:36,,,,,,,,,,,,,,,,,,
4952,28/03/1986,2024-10-04 20:48:34,,,,,,,,,,,,,,,,,,
4958,04/08/1991,2024-10-04 22:48:54,,,,,,,,,,,,,,,,,,
4959,07/01/1993,2024-10-05 03:36:09,,,,,,,,,,,,,,,,,,
4961,20/03/1971,2024-11-26 13:23:53,,,,,,,,,,,,,,,,,,
4962,04/11/1967,2024-10-21 09:28:56,,,,,,,,,,,,,,,,,,
4966,08/01/1993,2024-10-06 11:30:03,,,,,,,,,,,,,,,,,,
4967,09/09/2002,2024-10-06 13:28:12,,,,,,,,,,,,,,,,,,
4975,16/12/1982,2024-10-07 20:32:23,,,,,,,,,,,,,,,,,,
4976,11/09/1986,2024-10-07 21:11:06,,,,,,,,,,,,,,,,,,
4984,10/12/1986,2024-10-08 10:49:34,,,,,,,,,,,,,,,,,,
4985,19/11/1980,2024-10-31 15:31:42,,,,,,,,,,,,,,,,,,
4986,21/11/1983,2024-10-08 17:21:14,,,,,,,,,,,,,,,,,,
4988,20/02/1985,2024-10-09 08:47:26,,,,,,,,,,,,,,,,,,
4992,26/01/1970,2024-10-09 10:58:27,,,,,,,,,,,,,,,,,,
4993,31/10/1993,2024-10-09 19:26:34,,,,,,,,,,,,,,,,,,
4998,30/11/1994,2024-10-09 20:44:31,,,,,,,,,,,,,,,,,,
4999,27/04/1989,2024-10-10 08:12:23,,,,,,,,,,,,,,,,,,
5000,27/10/1987,2024-10-10 08:24:55,,,,,,,,,,,,,,,,,,
5001,23/10/1992,2024-10-10 09:51:35,,,,,,,,,,,,,,,,,,
5002,04/01/1993,2024-10-10 13:38:12,,,,,,,,,,,,,,,,,,
5005,04/06/1990,2024-10-10 16:33:27,,,,,,,,,,,,,,,,,,
5010,09/07/1998,2024-10-11 08:49:34,,,,,,,,,,,,,,,,,,
5017,17/06/1986,2024-10-12 10:58:21,,,,,,,,,,,,,,,,,,
5018,13/01/1970,2024-12-05 18:57:03,,,,,,,,,,,,,,,,,,
5020,24/03/1964,2024-11-02 15:27:15,,,,,,,,,,,,,,,,,,
5021,26/04/1990,2024-11-15 11:45:13,,,,,,,,,,,,,,,,,,
5022,09/09/1984,2024-10-12 20:50:29,,,,,,,,,,,,,,,,,,
5024,28/06/1987,2024-11-03 00:13:10,,,,,,,,,,,,,,,,,,
5026,06/05/1979,2024-10-13 06:03:58,,,,,,,,,,,,,,,,,,
5029,13/04/1971,2024-10-28 15:32:02,,,,,,,,,,,,,,,,,,
5030,17/12/1991,2024-10-29 07:37:22,,,,,,,,,,,,,,,,,,
5034,07/09/1992,2024-10-14 06:08:05,,,,,,,,,,,,,,,,,,
5036,17/03/1971,2024-10-14 10:57:39,,,,,,,,,,,,,,,,,,
5038,07/09/1978,2024-10-14 13:57:14,,,,,,,,,,,,,,,,,,
5044,20/11/1991,2024-10-14 19:47:48,,,,,,,,,,,,,,,,,,
5047,07/06/1995,2024-10-22 20:53:15,,,,,,,,,,,,,,,,,,
5049,18/06/1990,2024-10-15 09:43:20,,,,,,,,,,,,,,,,,,
5054,26/02/1984,2024-10-15 15:23:46,,,,,,,,,,,,,,,,,,
5058,08/01/1996,2024-10-15 17:32:37,,,,,,,,,,,,,,,,,,
5063,24/06/1982,2024-10-21 21:23:51,,,,,,,,,,,,,,,,,,
5064,16/07/1998,2024-10-15 22:38:47,,,,,,,,,,,,,,,,,,
5066,19/04/1984,2024-10-16 00:22:30,,,,,,,,,,,,,,,,,,
5073,07/03/1999,2024-10-17 08:25:49,,,,,,,,,,,,,,,,,,
5079,11/06/1992,2024-10-30 18:58:43,,,,,,,,,,,,,,,,,,
5080,28/04/1991,2024-10-17 21:23:14,,,,,,,,,,,,,,,,,,
5082,18/02/1992,2024-10-18 12:39:18,,,,,,,,,,,,,,,,,,
5085,09/07/2002,2024-10-21 13:32:29,,,,,,,,,,,,,,,,,,
5091,25/10/1989,2024-10-25 11:34:26,,,,,,,,,,,,,,,,,,
5092,02/04/1970,2024-10-21 06:41:12,,,,,,,,,,,,,,,,,,
5094,24/10/1989,2024-10-21 10:41:05,,,,,,,,,,,,,,,,,,
5095,30/10/1990,2024-10-23 18:10:03,,,,,,,,,,,,,,,,,,
5096,08/04/1969,2024-10-21 11:11:40,,,,,,,,,,,,,,,,,,
5098,28/09/1992,2024-10-21 11:30:39,,,,,,,,,,,,,,,,,,
5106,01/01/1989,2024-10-21 15:27:16,,,,,,,,,,,,,,,,,,
5109,09/04/1973,2024-10-21 21:48:19,,,,,,,,,,,,,,,,,,
5113,22/12/1992,2024-10-21 22:45:30,,,,,,,,,,,,,,,,,,
5114,13/01/1999,2024-10-21 23:23:57,,,,,,,,,,,,,,,,,,
5116,01/10/1982,2024-10-22 05:58:45,,,,,,,,,,,,,,,,,,
5119,04/07/1997,2024-10-22 09:39:24,,,,,,,,,,,,,,,,,,
5125,12/11/1981,2024-10-22 15:42:54,,,,,,,,,,,,,,,,,,
5127,30/11/1977,2024-11-26 13:02:51,,,,,,,,,,,,,,,,,,
5128,15/10/2001,2024-10-22 23:36:48,,,,,,,,,,,,,,,,,,
5131,08/01/1971,2024-10-23 09:13:23,,,,,,,,,,,,,,,,,,
5133,28/05/1988,2024-10-23 08:41:12,,,,,,,,,,,,,,,,,,
5136,21/10/1999,2024-10-23 10:58:45,,,,,,,,,,,,,,,,,,
5140,18/09/1989,2024-10-23 12:43:12,,,,,,,,,,,,,,,,,,
5142,12/06/1996,2024-10-23 14:27:55,,,,,,,,,,,,,,,,,,
5146,13/03/1987,2024-10-23 15:35:37,,,,,,,,,,,,,,,,,,
5151,22/09/1998,2024-10-23 18:43:15,,,,,,,,,,,,,,,,,,
5152,14/02/2000,2024-10-23 19:43:37,,,,,,,,,,,,,,,,,,
5153,19/11/1994,2024-10-23 22:12:29,,,,,,,,,,,,,,,,,,
5155,28/03/1973,2024-10-23 22:30:05,,,,,,,,,,,,,,,,,,
5156,22/12/1996,2024-10-23 23:13:19,,,,,,,,,,,,,,,,,,
5158,20/09/1996,2024-10-24 08:33:42,,,,,,,,,,,,,,,,,,
5159,07/09/1990,2024-10-24 08:55:34,,,,,,,,,,,,,,,,,,
5160,12/05/1996,2024-10-24 10:03:52,,,,,,,,,,,,,,,,,,
5161,26/09/1998,2024-10-24 10:45:28,,,,,,,,,,,,,,,,,,
5163,03/09/1988,2024-10-24 11:49:23,,,,,,,,,,,,,,,,,,
5164,22/05/1991,2024-12-02 15:45:28,,,,,,,,,,,,,,,,,,
5165,19/09/1985,2024-10-24 14:36:20,,,,,,,,,,,,,,,,,,
5166,26/05/1986,2024-10-24 14:41:54,,,,,,,,,,,,,,,,,,
5168,29/12/1978,2024-10-25 10:50:41,,,,,,,,,,,,,,,,,,
5169,10/01/1990,2024-10-24 23:27:53,,,,,,,,,,,,,,,,,,
5171,12/03/1993,2024-10-25 06:06:36,,,,,,,,,,,,,,,,,,
5174,19/12/1998,2024-10-25 10:26:20,,,,,,,,,,,,,,,,,,
5177,26/03/1971,2024-10-25 14:10:13,,,,,,,,,,,,,,,,,,
5178,24/08/1995,2024-10-25 15:02:42,,,,,,,,,,,,,,,,,,
5185,03/09/1971,2024-10-28 04:36:00,,,,,,,,,,,,,,,,,,
5188,28/06/2002,2024-10-25 19:29:25,,,,,,,,,,,,,,,,,,
5189,03/02/1997,2024-10-25 20:41:20,,,,,,,,,,,,,,,,,,
5192,13/03/1984,2024-10-30 09:54:53,,,,,,,,,,,,,,,,,,
5196,11/06/1965,2024-10-26 18:54:40,,,,,,,,,,,,,,,,,,
5197,21/01/1993,2024-10-26 21:20:01,,,,,,,,,,,,,,,,,,
5198,16/05/1964,2024-10-27 00:02:03,,,,,,,,,,,,,,,,,,
5200,17/11/1996,2024-10-27 11:35:05,,,,,,,,,,,,,,,,,,
5201,22/10/1984,2024-10-27 13:55:53,,,,,,,,,,,,,,,,,,
5202,25/08/1992,2024-10-28 10:43:41,,,,,,,,,,,,,,,,,,
5203,16/10/1992,2024-10-27 18:16:58,,,,,,,,,,,,,,,,,,
5206,29/11/1976,2024-10-27 19:47:42,,,,,,,,,,,,,,,,,,
5207,16/09/1993,2024-10-27 21:52:29,,,,,,,,,,,,,,,,,,
5208,05/03/1994,2024-10-27 22:50:29,,,,,,,,,,,,,,,,,,
5210,21/12/1987,2024-12-18 23:12:57,,,,,,,,,,,,,,,,,,
5218,17/07/1975,2024-10-28 15:51:47,,,,,,,,,,,,,,,,,,
5219,24/03/1984,2024-10-28 19:19:19,,,,,,,,,,,,,,,,,,
5220,04/05/1986,2024-10-28 19:29:58,,,,,,,,,,,,,,,,,,
5222,04/07/1998,2024-10-29 10:36:07,,,,,,,,,,,,,,,,,,
5223,02/07/1967,2024-10-29 11:09:28,,,,,,,,,,,,,,,,,,
5231,23/06/1997,2024-10-30 00:51:14,,,,,,,,,,,,,,,,,,
5232,03/06/1998,2024-10-30 01:02:01,,,,,,,,,,,,,,,,,,
5233,09/03/1982,2024-10-30 01:20:07,,,,,,,,,,,,,,,,,,
5235,26/12/1996,2024-11-15 10:36:03,,,,,,,,,,,,,,,,,,
5236,24/03/1992,2024-10-30 08:21:28,,,,,,,,,,,,,,,,,,
5237,13/06/1976,2024-10-30 08:48:43,,,,,,,,,,,,,,,,,,
5239,17/03/1994,2024-10-30 12:21:52,,,,,,,,,,,,,,,,,,
5240,11/10/1976,2024-10-30 13:27:35,,,,,,,,,,,,,,,,,,
5246,09/12/1987,2024-10-30 20:55:25,,,,,,,,,,,,,,,,,,
5252,22/04/1996,2024-10-31 11:23:49,,,,,,,,,,,,,,,,,,
5253,07/07/1994,2024-10-31 12:10:31,,,,,,,,,,,,,,,,,,
5254,23/12/1993,2024-10-31 14:36:54,,,,,,,,,,,,,,,,,,
5264,25/08/2009,2024-11-02 10:16:28,,,,,,,,,,,,,,,,,,
5265,15/05/1992,2024-11-02 13:40:36,,,,,,,,,,,,,,,,,,
5266,19/03/1992,2024-11-02 15:44:22,,,,,,,,,,,,,,,,,,
5269,29/04/1982,2024-11-04 13:02:57,,,,,,,,,,,,,,,,,,
5282,10/02/1998,2024-11-06 13:29:46,,,,,,,,,,,,,,,,,,
5284,12/04/1971,2024-11-06 21:21:49,,,,,,,,,,,,,,,,,,
5285,31/10/1986,2024-11-07 11:48:53,,,,,,,,,,,,,,,,,,
5288,28/12/1998,2024-11-07 17:14:18,,,,,,,,,,,,,,,,,,
5291,04/11/1994,2024-11-07 20:04:54,,,,,,,,,,,,,,,,,,
5292,27/01/2002,2024-11-07 20:29:03,,,,,,,,,,,,,,,,,,
5297,24/04/1987,2024-11-08 15:36:26,,,,,,,,,,,,,,,,,,
5299,03/02/1987,2024-11-09 11:13:02,,,,,,,,,,,,,,,,,,
5300,26/07/2001,2024-11-09 11:46:25,,,,,,,,,,,,,,,,,,
5304,09/08/1963,2024-11-09 12:50:13,,,,,,,,,,,,,,,,,,
5305,16/03/1990,2024-11-11 13:01:29,,,,,,,,,,,,,,,,,,
5307,09/12/1997,2024-11-09 22:33:58,,,,,,,,,,,,,,,,,,
5310,12/01/1998,2024-11-11 13:23:12,,,,,,,,,,,,,,,,,,
5311,19/07/1994,2024-11-10 16:32:25,,,,,,,,,,,,,,,,,,
5313,19/07/1978,2024-11-10 19:03:58,,,,,,,,,,,,,,,,,,
5315,12/10/2005,2024-11-11 18:20:41,,,,,,,,,,,,,,,,,,
5316,26/01/1991,2024-11-11 11:10:12,,,,,,,,,,,,,,,,,,
5320,08/10/1987,2024-11-11 15:29:11,,,,,,,,,,,,,,,,,,
5323,10/08/1996,2024-11-11 22:58:29,,,,,,,,,,,,,,,,,,
5328,13/09/1990,2024-11-15 11:15:22,,,,,,,,,,,,,,,,,,
5329,07/12/2003,2024-11-14 12:49:17,,,,,,,,,,,,,,,,,,
5334,09/07/1973,2024-11-12 14:07:05,,,,,,,,,,,,,,,,,,
5336,06/05/1986,2024-11-12 22:03:22,,,,,,,,,,,,,,,,,,
5338,26/01/1980,2024-11-13 09:22:05,,,,,,,,,,,,,,,,,,
5347,06/08/1999,2024-11-13 14:17:04,,,,,,,,,,,,,,,,,,
5356,25/09/1993,2024-11-15 09:56:08,,,,,,,,,,,,,,,,,,
5361,12/04/2002,2024-11-15 10:04:49,,,,,,,,,,,,,,,,,,
5363,22/02/1999,2024-11-15 12:58:19,,,,,,,,,,,,,,,,,,
5368,19/09/1991,2024-11-15 20:11:30,,,,,,,,,,,,,,,,,,
5370,12/12/2003,2024-11-15 20:19:12,,,,,,,,,,,,,,,,,,
5371,06/07/2003,2024-11-15 20:22:09,,,,,,,,,,,,,,,,,,
5373,04/05/1987,2024-11-15 22:00:40,,,,,,,,,,,,,,,,,,
5376,03/02/1989,2024-11-16 05:44:29,,,,,,,,,,,,,,,,,,
5377,27/03/2003,2024-11-16 10:41:28,,,,,,,,,,,,,,,,,,
5378,02/03/2002,2024-11-16 10:47:09,,,,,,,,,,,,,,,,,,
5380,09/08/1986,2024-11-16 13:50:47,,,,,,,,,,,,,,,,,,
5383,17/09/1988,2024-11-16 19:25:36,,,,,,,,,,,,,,,,,,
5384,25/01/1995,2024-11-16 22:18:31,,,,,,,,,,,,,,,,,,
5388,25/12/1998,2024-11-17 14:54:22,,,,,,,,,,,,,,,,,,
5390,07/08/1999,2024-11-17 18:45:58,,,,,,,,,,,,,,,,,,
5393,21/08/1983,2024-11-17 20:32:55,,,,,,,,,,,,,,,,,,
5394,14/12/2004,2024-11-17 22:07:33,,,,,,,,,,,,,,,,,,
5403,19/03/1994,2024-11-18 18:59:22,,,,,,,,,,,,,,,,,,
5404,22/12/2005,2024-11-18 23:14:50,,,,,,,,,,,,,,,,,,
5414,14/07/1992,2024-11-20 00:22:58,,,,,,,,,,,,,,,,,,
5415,26/12/1993,2024-11-20 08:22:04,,,,,,,,,,,,,,,,,,
5416,07/06/1993,2024-12-10 11:15:52,,,,,,,,,,,,,,,,,,
5424,10/06/1985,2024-11-21 09:59:13,,,,,,,,,,,,,,,,,,
5428,15/10/1979,2024-11-21 13:39:52,,,,,,,,,,,,,,,,,,
5431,30/04/2004,2024-11-21 17:22:11,,,,,,,,,,,,,,,,,,
5432,25/11/1985,2024-11-21 19:21:00,,,,,,,,,,,,,,,,,,
5433,10/10/1982,2024-11-21 20:41:59,,,,,,,,,,,,,,,,,,
5437,11/04/1986,2024-11-22 18:47:22,,,,,,,,,,,,,,,,,,
5438,31/12/1998,2024-11-22 20:11:27,,,,,,,,,,,,,,,,,,
5440,12/02/1994,2024-11-22 21:42:15,,,,,,,,,,,,,,,,,,
5442,15/09/1983,2024-11-22 22:35:39,,,,,,,,,,,,,,,,,,
5444,06/08/1992,2024-11-22 22:46:23,,,,,,,,,,,,,,,,,,
5446,16/10/1981,2024-11-22 22:47:57,,,,,,,,,,,,,,,,,,
5449,08/08/1971,2024-11-22 22:50:55,,,,,,,,,,,,,,,,,,
5455,10/08/1990,2024-11-22 23:12:58,,,,,,,,,,,,,,,,,,
5457,17/01/1977,2024-11-22 23:08:40,,,,,,,,,,,,,,,,,,
5461,06/12/1985,2024-12-19 18:02:14,,,,,,,,,,,,,,,,,,
5463,30/10/1994,2024-11-22 23:46:01,,,,,,,,,,,,,,,,,,
5468,27/10/1992,2024-11-22 23:26:33,,,,,,,,,,,,,,,,,,
5469,04/06/1973,2024-11-22 23:32:36,,,,,,,,,,,,,,,,,,
5470,02/11/1992,2024-11-22 23:28:23,,,,,,,,,,,,,,,,,,
5471,24/01/1985,2024-11-23 16:14:27,,,,,,,,,,,,,,,,,,
5474,17/11/1988,2024-11-22 23:37:16,,,,,,,,,,,,,,,,,,
5475,18/06/1998,2024-11-22 23:43:46,,,,,,,,,,,,,,,,,,
5477,23/09/1984,2024-12-13 15:04:15,,,,,,,,,,,,,,,,,,
5479,18/08/1992,2024-11-22 23:52:03,,,,,,,,,,,,,,,,,,
5481,31/03/1994,2024-11-22 23:56:59,,,,,,,,,,,,,,,,,,
5483,17/12/1986,2024-11-23 00:09:13,,,,,,,,,,,,,,,,,,
5484,21/12/1976,2024-11-23 00:28:26,,,,,,,,,,,,,,,,,,
5485,06/06/1993,2024-11-23 00:13:53,,,,,,,,,,,,,,,,,,
5486,12/06/1994,2024-11-23 00:10:44,,,,,,,,,,,,,,,,,,
5489,13/10/1983,2024-11-23 00:19:35,,,,,,,,,,,,,,,,,,
5492,05/03/1991,2024-11-23 00:34:07,,,,,,,,,,,,,,,,,,
5494,31/10/1993,2024-11-23 06:35:04,,,,,,,,,,,,,,,,,,
5495,14/05/1995,2024-11-23 00:39:04,,,,,,,,,,,,,,,,,,
5497,07/05/1990,2024-11-23 00:43:34,,,,,,,,,,,,,,,,,,
5501,06/07/1996,2024-11-23 01:17:52,,,,,,,,,,,,,,,,,,
5502,16/10/1969,2024-11-23 01:18:59,,,,,,,,,,,,,,,,,,
5508,11/01/1977,2024-11-23 01:48:31,,,,,,,,,,,,,,,,,,
5511,10/08/1991,2024-11-23 01:55:33,,,,,,,,,,,,,,,,,,
5513,23/09/1987,2024-11-23 02:06:25,,,,,,,,,,,,,,,,,,
5517,29/04/1976,2024-11-23 02:47:00,,,,,,,,,,,,,,,,,,
5518,18/12/1994,2024-11-23 02:29:03,,,,,,,,,,,,,,,,,,
5519,03/12/1989,2024-11-23 02:31:29,,,,,,,,,,,,,,,,,,
5521,04/09/1957,2024-11-23 03:03:44,,,,,,,,,,,,,,,,,,
5524,11/09/1975,2024-11-23 03:41:35,,,,,,,,,,,,,,,,,,
5527,21/11/1973,2024-12-14 13:19:37,,,,,,,,,,,,,,,,,,
5531,16/08/1985,2024-11-23 04:16:28,,,,,,,,,,,,,,,,,,
5539,16/08/1975,2024-11-23 05:27:10,,,,,,,,,,,,,,,,,,
5540,10/03/1993,2024-11-23 08:32:21,,,,,,,,,,,,,,,,,,
5543,02/03/1989,2024-12-13 12:42:59,,,,,,,,,,,,,,,,,,
5546,15/01/1995,2024-11-23 06:08:03,,,,,,,,,,,,,,,,,,
5548,17/05/1982,2024-11-23 05:54:47,,,,,,,,,,,,,,,,,,
5549,05/08/1978,2024-12-22 06:12:10,,,,,,,,,,,,,,,,,,
5554,02/05/1993,2024-11-23 06:33:29,,,,,,,,,,,,,,,,,,
5556,11/08/1987,2024-11-23 06:59:47,,,,,,,,,,,,,,,,,,
5557,27/01/1982,2024-11-23 06:40:33,,,,,,,,,,,,,,,,,,
5561,03/10/1973,2024-11-23 06:54:58,,,,,,,,,,,,,,,,,,
5567,06/11/1975,2024-11-23 07:59:43,,,,,,,,,,,,,,,,,,
5568,01/10/1974,2024-11-23 07:40:39,,,,,,,,,,,,,,,,,,
5569,20/02/1993,2024-11-23 08:06:47,,,,,,,,,,,,,,,,,,
5570,16/01/1994,2024-11-23 07:44:41,,,,,,,,,,,,,,,,,,
5572,06/05/1991,2024-11-23 07:56:29,,,,,,,,,,,,,,,,,,
5576,20/04/1992,2024-12-01 19:42:47,,,,,,,,,,,,,,,,,,
5578,18/09/1988,2024-11-23 08:19:08,,,,,,,,,,,,,,,,,,
5579,26/10/1989,2024-11-23 08:35:27,,,,,,,,,,,,,,,,,,
5582,23/10/1991,2024-11-23 08:39:12,,,,,,,,,,,,,,,,,,
5583,03/12/1991,2024-11-23 08:45:03,,,,,,,,,,,,,,,,,,
5584,30/04/1962,2024-11-23 08:47:22,,,,,,,,,,,,,,,,,,
5589,11/10/1977,2024-11-23 08:58:31,,,,,,,,,,,,,,,,,,
5592,25/12/1992,2024-11-23 09:01:02,,,,,,,,,,,,,,,,,,
5593,28/11/1991,2024-11-23 08:59:44,,,,,,,,,,,,,,,,,,
5595,12/03/1990,2024-11-23 09:16:12,,,,,,,,,,,,,,,,,,
5596,03/11/1997,2024-11-23 09:19:49,,,,,,,,,,,,,,,,,,
5599,06/04/1990,2024-11-23 09:20:22,,,,,,,,,,,,,,,,,,
5600,13/08/1982,2024-11-23 09:25:40,,,,,,,,,,,,,,,,,,
5601,27/07/1995,2024-11-23 09:38:02,,,,,,,,,,,,,,,,,,
5602,17/01/1974,2024-11-23 09:33:52,,,,,,,,,,,,,,,,,,
5603,03/04/1972,2024-11-23 09:39:20,,,,,,,,,,,,,,,,,,
5606,09/04/1979,2024-11-23 09:48:40,,,,,,,,,,,,,,,,,,
5610,21/11/1976,2024-11-23 09:56:39,,,,,,,,,,,,,,,,,,
5611,04/06/1959,2024-11-23 10:00:59,,,,,,,,,,,,,,,,,,
5613,06/09/1968,2024-11-23 10:08:26,,,,,,,,,,,,,,,,,,
5614,24/08/1988,2024-11-23 10:06:52,,,,,,,,,,,,,,,,,,
5615,23/01/1989,2024-11-23 10:57:24,,,,,,,,,,,,,,,,,,
5617,20/04/1995,2024-11-23 10:40:36,,,,,,,,,,,,,,,,,,
5619,06/11/1976,2024-11-23 10:58:43,,,,,,,,,,,,,,,,,,
5622,17/01/1993,2024-11-23 10:53:32,,,,,,,,,,,,,,,,,,
5624,20/05/1975,2024-11-23 11:15:49,,,,,,,,,,,,,,,,,,
5626,14/12/1976,2024-11-23 11:08:57,,,,,,,,,,,,,,,,,,
5627,30/06/1969,2024-11-23 11:13:10,,,,,,,,,,,,,,,,,,
5629,09/06/1987,2024-11-23 11:23:59,,,,,,,,,,,,,,,,,,
5632,13/02/1965,2024-11-23 11:45:49,,,,,,,,,,,,,,,,,,
5633,05/12/1988,2024-11-23 11:44:33,,,,,,,,,,,,,,,,,,
5634,02/03/1989,2024-11-23 11:37:06,,,,,,,,,,,,,,,,,,
5637,10/12/1986,2024-11-23 11:42:17,,,,,,,,,,,,,,,,,,
5640,18/01/1990,2024-11-23 12:13:30,,,,,,,,,,,,,,,,,,
5643,10/12/1990,2024-11-23 12:11:13,,,,,,,,,,,,,,,,,,
5645,19/07/1988,2024-11-23 12:24:34,,,,,,,,,,,,,,,,,,
5648,01/06/1960,2024-11-25 08:34:32,,,,,,,,,,,,,,,,,,
5650,24/03/1983,2024-11-23 12:21:52,,,,,,,,,,,,,,,,,,
5654,03/02/1988,2024-11-23 12:29:05,,,,,,,,,,,,,,,,,,
5656,21/12/1977,2024-11-23 12:38:55,,,,,,,,,,,,,,,,,,
5661,30/09/1988,2024-11-23 12:57:55,,,,,,,,,,,,,,,,,,
5662,27/12/1971,2024-11-23 12:49:13,,,,,,,,,,,,,,,,,,
5665,06/12/1982,2024-11-23 12:53:02,,,,,,,,,,,,,,,,,,
5667,21/05/1978,2024-11-23 13:55:09,,,,,,,,,,,,,,,,,,
5671,05/10/1996,2024-11-23 13:20:36,,,,,,,,,,,,,,,,,,
5674,19/11/1980,2024-11-23 22:40:30,,,,,,,,,,,,,,,,,,
5675,05/11/1998,2024-11-23 13:21:26,,,,,,,,,,,,,,,,,,
5677,09/08/1978,2024-11-23 13:24:22,,,,,,,,,,,,,,,,,,
5678,04/09/1984,2024-11-23 13:26:15,,,,,,,,,,,,,,,,,,
5680,30/12/1994,2024-11-23 14:08:40,,,,,,,,,,,,,,,,,,
5681,10/01/1990,2024-11-23 13:37:28,,,,,,,,,,,,,,,,,,
5683,26/07/1951,2024-11-23 13:47:04,,,,,,,,,,,,,,,,,,
5684,15/04/1996,2024-11-23 13:42:57,,,,,,,,,,,,,,,,,,
5687,08/09/1988,2024-11-23 13:58:01,,,,,,,,,,,,,,,,,,
5688,10/12/1987,2024-11-23 13:53:35,,,,,,,,,,,,,,,,,,
5690,07/03/1980,2024-11-23 13:57:27,,,,,,,,,,,,,,,,,,
5691,12/06/1994,2024-11-23 14:01:04,,,,,,,,,,,,,,,,,,
5692,11/11/1983,2024-11-23 14:57:52,,,,,,,,,,,,,,,,,,
5693,30/07/1973,2024-11-23 14:03:39,,,,,,,,,,,,,,,,,,
5695,17/04/1988,2024-11-23 14:06:17,,,,,,,,,,,,,,,,,,
5702,21/10/1986,2024-11-23 14:14:46,,,,,,,,,,,,,,,,,,
5703,28/07/1992,2024-11-23 14:15:26,,,,,,,,,,,,,,,,,,
5704,22/04/1985,2024-11-23 14:18:19,,,,,,,,,,,,,,,,,,
5708,11/09/2001,2024-11-23 14:25:29,,,,,,,,,,,,,,,,,,
5709,12/02/1983,2024-11-23 14:31:31,,,,,,,,,,,,,,,,,,
5710,26/12/1978,2024-12-09 17:56:28,,,,,,,,,,,,,,,,,,
5715,19/09/1989,2024-11-23 15:01:38,,,,,,,,,,,,,,,,,,
5719,03/07/1996,2024-11-23 15:09:33,,,,,,,,,,,,,,,,,,
5720,14/10/1995,2024-11-23 15:07:59,,,,,,,,,,,,,,,,,,
5722,30/01/1991,2024-11-23 15:11:17,,,,,,,,,,,,,,,,,,
5728,11/10/1994,2024-11-23 15:39:59,,,,,,,,,,,,,,,,,,
5731,26/01/1995,2024-11-23 15:45:06,,,,,,,,,,,,,,,,,,
5732,25/07/1986,2024-11-23 15:50:51,,,,,,,,,,,,,,,,,,
5733,08/10/1997,2024-11-23 16:00:46,,,,,,,,,,,,,,,,,,
5735,03/04/1985,2024-11-23 15:55:15,,,,,,,,,,,,,,,,,,
5736,03/08/1984,2024-11-23 15:58:08,,,,,,,,,,,,,,,,,,
5737,15/05/1993,2024-11-23 15:59:18,,,,,,,,,,,,,,,,,,
5745,03/06/1972,2024-11-23 16:24:48,,,,,,,,,,,,,,,,,,
5750,24/08/1994,2024-11-23 17:01:23,,,,,,,,,,,,,,,,,,
5752,18/01/1993,2024-11-23 16:58:39,,,,,,,,,,,,,,,,,,
5753,17/11/1985,2024-11-23 17:00:17,,,,,,,,,,,,,,,,,,
5754,27/03/1997,2024-11-23 17:02:53,,,,,,,,,,,,,,,,,,
5756,20/06/1993,2024-11-23 17:08:17,,,,,,,,,,,,,,,,,,
5757,25/07/1980,2024-11-23 17:06:03,,,,,,,,,,,,,,,,,,
5772,10/10/1985,2024-11-23 18:12:06,,,,,,,,,,,,,,,,,,
5779,06/08/1994,2024-11-23 18:16:31,,,,,,,,,,,,,,,,,,
5780,01/07/1990,2024-11-23 18:07:23,,,,,,,,,,,,,,,,,,
5787,31/01/1995,2024-11-23 18:58:39,,,,,,,,,,,,,,,,,,
5791,08/04/1979,2024-11-23 19:08:10,,,,,,,,,,,,,,,,,,
5793,26/09/1975,2024-11-23 19:23:00,,,,,,,,,,,,,,,,,,
5798,05/08/1986,2024-11-23 19:33:53,,,,,,,,,,,,,,,,,,
5805,03/12/1991,2024-11-23 20:01:17,,,,,,,,,,,,,,,,,,
5806,31/01/1992,2024-11-23 19:58:15,,,,,,,,,,,,,,,,,,
5809,25/06/1981,2024-11-23 20:14:24,,,,,,,,,,,,,,,,,,
5812,16/09/1982,2024-11-23 20:34:41,,,,,,,,,,,,,,,,,,
5813,25/03/1989,2024-11-28 19:23:08,,,,,,,,,,,,,,,,,,
5814,03/09/1996,2024-11-23 21:08:05,,,,,,,,,,,,,,,,,,
5817,09/12/1972,2024-11-23 22:04:15,,,,,,,,,,,,,,,,,,
5821,18/07/1993,2024-11-24 17:10:19,,,,,,,,,,,,,,,,,,
5824,27/01/1995,2024-11-23 21:23:51,,,,,,,,,,,,,,,,,,
5828,15/06/1990,2024-11-23 21:34:01,,,,,,,,,,,,,,,,,,
5830,25/02/1970,2024-11-26 16:01:10,,,,,,,,,,,,,,,,,,
5831,08/12/1977,2024-11-23 21:35:54,,,,,,,,,,,,,,,,,,
5834,09/12/1975,2024-11-23 21:45:20,,,,,,,,,,,,,,,,,,
5835,09/09/1980,2024-11-24 20:53:02,,,,,,,,,,,,,,,,,,
5837,27/11/1985,2024-11-25 21:52:17,,,,,,,,,,,,,,,,,,
5839,09/11/1981,2024-11-23 22:31:39,,,,,,,,,,,,,,,,,,
5842,24/11/1969,2024-11-25 19:16:21,,,,,,,,,,,,,,,,,,
5846,07/04/1987,2024-11-23 22:58:06,,,,,,,,,,,,,,,,,,
5849,17/03/1976,2024-11-23 23:01:36,,,,,,,,,,,,,,,,,,
5851,17/07/1991,2024-11-23 23:07:15,,,,,,,,,,,,,,,,,,
5852,15/04/1980,2024-11-23 23:05:59,,,,,,,,,,,,,,,,,,
5853,05/04/1987,2024-11-23 23:13:23,,,,,,,,,,,,,,,,,,
5857,28/08/1997,2024-11-23 23:16:39,,,,,,,,,,,,,,,,,,
5858,05/09/1986,2024-11-23 23:24:04,,,,,,,,,,,,,,,,,,
5859,06/09/1975,2024-11-23 23:19:39,,,,,,,,,,,,,,,,,,
5862,10/01/1991,2024-11-23 23:43:31,,,,,,,,,,,,,,,,,,
5864,08/02/1984,2024-11-23 23:44:48,,,,,,,,,,,,,,,,,,
5866,01/08/1991,2024-11-23 23:47:32,,,,,,,,,,,,,,,,,,
5869,12/03/1989,2024-12-13 16:49:41,,,,,,,,,,,,,,,,,,
5871,19/08/1977,2024-11-24 00:27:52,,,,,,,,,,,,,,,,,,
5874,26/07/1976,2024-11-24 00:52:37,,,,,,,,,,,,,,,,,,
5879,12/05/1986,2024-11-24 02:44:26,,,,,,,,,,,,,,,,,,
5880,11/08/1986,2024-11-24 02:51:16,,,,,,,,,,,,,,,,,,
5882,16/01/1970,2024-11-24 04:57:57,,,,,,,,,,,,,,,,,,
5884,14/02/1994,2024-11-24 04:34:42,,,,,,,,,,,,,,,,,,
5887,15/09/1976,2024-11-24 05:23:37,,,,,,,,,,,,,,,,,,
5892,12/10/1978,2024-11-24 16:54:36,,,,,,,,,,,,,,,,,,
5894,07/08/1989,2024-11-25 12:39:57,,,,,,,,,,,,,,,,,,
5896,04/10/1987,2024-11-24 06:47:50,,,,,,,,,,,,,,,,,,
5897,04/11/1959,2024-11-24 06:50:27,,,,,,,,,,,,,,,,,,
5898,02/06/1982,2024-11-24 06:58:02,,,,,,,,,,,,,,,,,,
5901,30/10/1988,2024-11-24 07:01:01,,,,,,,,,,,,,,,,,,
5902,01/10/1990,2024-11-24 12:05:56,,,,,,,,,,,,,,,,,,
5903,10/08/1991,2024-11-24 07:14:58,,,,,,,,,,,,,,,,,,
5904,31/12/1979,2024-11-24 07:12:55,,,,,,,,,,,,,,,,,,
5908,03/11/1997,2024-11-24 07:25:32,,,,,,,,,,,,,,,,,,
5912,12/08/1968,2024-11-24 07:46:00,,,,,,,,,,,,,,,,,,
5917,07/12/1980,2024-11-24 08:07:09,,,,,,,,,,,,,,,,,,
5918,11/11/1983,2024-11-24 08:05:42,,,,,,,,,,,,,,,,,,
5922,31/10/1978,2024-12-27 14:17:47,,,,,,,,,,,,,,,,,,
5923,20/10/1987,2024-11-24 08:56:51,,,,,,,,,,,,,,,,,,
5926,09/02/1982,2024-11-24 09:09:51,,,,,,,,,,,,,,,,,,
5928,16/06/1970,2024-11-24 09:16:05,,,,,,,,,,,,,,,,,,
5939,18/04/1996,2024-11-24 10:17:14,,,,,,,,,,,,,,,,,,
5940,04/10/1994,2024-11-24 10:33:41,,,,,,,,,,,,,,,,,,
5943,05/02/1976,2024-11-24 10:26:31,,,,,,,,,,,,,,,,,,
5944,27/06/1976,2024-11-24 10:31:48,,,,,,,,,,,,,,,,,,
5945,14/05/1975,2024-11-24 10:35:47,,,,,,,,,,,,,,,,,,
5949,10/12/1993,2024-11-24 11:06:58,,,,,,,,,,,,,,,,,,
5950,28/05/1991,2024-11-24 11:04:36,,,,,,,,,,,,,,,,,,
5952,14/09/1995,2024-11-24 11:09:58,,,,,,,,,,,,,,,,,,
5954,07/06/1984,2024-11-24 11:18:31,,,,,,,,,,,,,,,,,,
5956,25/02/1978,2024-11-24 11:40:17,,,,,,,,,,,,,,,,,,
5958,21/12/1988,2024-11-24 12:04:21,,,,,,,,,,,,,,,,,,
5963,04/04/1996,2024-11-24 13:18:14,,,,,,,,,,,,,,,,,,
5965,16/06/1984,2024-11-24 13:08:32,,,,,,,,,,,,,,,,,,
5967,22/10/1994,2024-11-24 13:10:35,,,,,,,,,,,,,,,,,,
5968,12/10/1960,2024-11-25 07:56:08,,,,,,,,,,,,,,,,,,
5969,20/04/1997,2024-11-24 15:32:59,,,,,,,,,,,,,,,,,,
5978,14/08/1979,2024-11-24 13:37:33,,,,,,,,,,,,,,,,,,
5981,01/03/1992,2024-11-24 13:39:13,,,,,,,,,,,,,,,,,,
5983,30/01/1991,2024-11-24 13:48:32,,,,,,,,,,,,,,,,,,
5986,12/08/1978,2024-11-24 14:04:16,,,,,,,,,,,,,,,,,,
5987,22/10/1997,2024-11-24 14:06:19,,,,,,,,,,,,,,,,,,
5993,20/09/1988,2024-11-25 20:27:13,,,,,,,,,,,,,,,,,,
5994,24/10/1985,2024-11-24 14:38:24,,,,,,,,,,,,,,,,,,
5995,08/11/1990,2024-11-24 14:29:01,,,,,,,,,,,,,,,,,,
5999,31/08/1999,2024-11-24 14:41:44,,,,,,,,,,,,,,,,,,
6000,21/02/1981,2024-11-24 14:47:00,,,,,,,,,,,,,,,,,,
6001,23/08/1994,2024-12-05 09:03:13,,,,,,,,,,,,,,,,,,
6005,15/11/1996,2024-11-24 15:18:12,,,,,,,,,,,,,,,,,,
6013,22/01/1985,2024-11-24 15:29:09,,,,,,,,,,,,,,,,,,
6014,02/12/1985,2024-11-24 15:28:01,,,,,,,,,,,,,,,,,,
6015,18/11/1996,2024-11-24 15:35:34,,,,,,,,,,,,,,,,,,
6020,24/01/1995,2024-11-24 15:46:25,,,,,,,,,,,,,,,,,,
6023,17/02/1990,2024-11-24 15:57:28,,,,,,,,,,,,,,,,,,
6024,09/04/1998,2024-11-24 15:55:56,,,,,,,,,,,,,,,,,,
6027,10/03/1993,2024-11-24 16:07:52,,,,,,,,,,,,,,,,,,
6028,06/12/1990,2024-11-24 16:19:32,,,,,,,,,,,,,,,,,,
6031,23/07/1986,2024-11-24 16:08:58,,,,,,,,,,,,,,,,,,
6032,24/10/1983,2024-11-24 16:15:58,,,,,,,,,,,,,,,,,,
6036,26/11/1969,2024-11-24 16:30:20,,,,,,,,,,,,,,,,,,
6042,25/08/1992,2024-11-24 17:01:49,,,,,,,,,,,,,,,,,,
6043,10/09/2002,2024-11-24 16:44:41,,,,,,,,,,,,,,,,,,
6044,26/12/1985,2024-11-24 17:02:33,,,,,,,,,,,,,,,,,,
6046,14/01/1982,2024-11-24 17:18:21,,,,,,,,,,,,,,,,,,
6049,08/03/1996,2024-11-24 17:33:58,,,,,,,,,,,,,,,,,,
6051,26/08/1987,2024-11-24 17:31:23,,,,,,,,,,,,,,,,,,
6053,28/10/1970,2024-11-24 17:49:11,,,,,,,,,,,,,,,,,,
6054,08/06/1988,2024-11-24 17:53:24,,,,,,,,,,,,,,,,,,
6055,29/10/1970,2024-11-24 18:09:09,,,,,,,,,,,,,,,,,,
6056,02/02/1990,2024-11-24 17:57:34,,,,,,,,,,,,,,,,,,
6057,06/01/1979,2024-11-24 18:00:15,,,,,,,,,,,,,,,,,,
6059,26/08/1977,2024-11-24 18:18:40,,,,,,,,,,,,,,,,,,
6062,24/05/1989,2024-11-24 18:32:29,,,,,,,,,,,,,,,,,,
6065,13/09/1984,2024-11-24 18:54:51,,,,,,,,,,,,,,,,,,
6066,24/11/1993,2024-11-28 20:42:44,,,,,,,,,,,,,,,,,,
6068,21/05/1981,2024-11-24 19:04:10,,,,,,,,,,,,,,,,,,
6070,02/12/1992,2024-11-24 19:12:32,,,,,,,,,,,,,,,,,,
6071,04/11/1990,2024-11-24 20:12:31,,,,,,,,,,,,,,,,,,
6072,08/06/1990,2024-11-24 19:44:17,,,,,,,,,,,,,,,,,,
6073,06/12/1986,2024-11-24 19:28:24,,,,,,,,,,,,,,,,,,
6075,30/10/1992,2024-12-29 16:59:05,,,,,,,,,,,,,,,,,,
6076,27/04/1987,2024-11-24 19:31:56,,,,,,,,,,,,,,,,,,
6078,04/08/1983,2024-11-24 19:46:00,,,,,,,,,,,,,,,,,,
6085,05/04/1973,2024-11-24 20:14:48,,,,,,,,,,,,,,,,,,
6087,21/03/1966,2024-11-24 20:19:00,,,,,,,,,,,,,,,,,,
6089,29/08/1985,2024-11-24 20:34:58,,,,,,,,,,,,,,,,,,
6091,06/08/1990,2024-11-24 20:46:13,,,,,,,,,,,,,,,,,,
6092,17/03/1989,2024-11-24 20:40:45,,,,,,,,,,,,,,,,,,
6093,03/04/1989,2024-11-24 21:10:00,,,,,,,,,,,,,,,,,,
6098,29/08/1974,2024-11-24 21:13:49,,,,,,,,,,,,,,,,,,
6105,07/05/1993,2024-11-24 21:29:41,,,,,,,,,,,,,,,,,,
6117,02/09/1983,2024-11-24 21:58:47,,,,,,,,,,,,,,,,,,
6119,09/09/1984,2024-11-24 22:11:00,,,,,,,,,,,,,,,,,,
6122,23/08/1983,2024-11-24 22:30:56,,,,,,,,,,,,,,,,,,
6125,21/07/1985,2024-11-24 22:49:21,,,,,,,,,,,,,,,,,,
6126,24/11/1983,2024-11-24 23:03:30,,,,,,,,,,,,,,,,,,
6127,28/01/1986,2024-11-24 23:10:29,,,,,,,,,,,,,,,,,,
6129,22/08/1993,2024-11-24 23:09:38,,,,,,,,,,,,,,,,,,
6132,01/11/1987,2024-11-25 07:04:03,,,,,,,,,,,,,,,,,,
6134,07/03/1986,2024-11-25 00:45:45,,,,,,,,,,,,,,,,,,
6135,13/08/1981,2024-11-24 23:37:17,,,,,,,,,,,,,,,,,,
6136,11/11/1996,2024-11-24 23:42:21,,,,,,,,,,,,,,,,,,
6141,04/11/1976,2024-11-25 00:04:33,,,,,,,,,,,,,,,,,,
6142,17/07/1980,2024-11-25 00:11:16,,,,,,,,,,,,,,,,,,
6149,17/10/1985,2024-11-25 01:15:17,,,,,,,,,,,,,,,,,,
6150,14/07/1989,2024-11-25 01:47:11,,,,,,,,,,,,,,,,,,
6154,04/12/1983,2024-11-25 02:32:11,,,,,,,,,,,,,,,,,,
6158,14/02/1962,2024-11-25 03:36:45,,,,,,,,,,,,,,,,,,
6159,03/01/1995,2024-11-25 03:50:33,,,,,,,,,,,,,,,,,,
6166,26/03/1985,2024-11-25 05:48:25,,,,,,,,,,,,,,,,,,
6168,15/07/1980,2024-11-25 06:01:01,,,,,,,,,,,,,,,,,,
6170,28/09/1982,2024-11-25 06:08:05,,,,,,,,,,,,,,,,,,
6171,15/02/1996,2024-11-25 06:09:53,,,,,,,,,,,,,,,,,,
6172,23/07/1957,2024-11-25 06:16:26,,,,,,,,,,,,,,,,,,
6173,12/07/1992,2024-11-25 06:34:52,,,,,,,,,,,,,,,,,,
6182,23/08/1980,2024-11-25 07:36:12,,,,,,,,,,,,,,,,,,
6183,14/08/1974,2024-11-25 09:15:02,,,,,,,,,,,,,,,,,,
6184,24/06/1996,2024-11-25 08:27:53,,,,,,,,,,,,,,,,,,
6185,01/10/1974,2024-11-25 07:38:34,,,,,,,,,,,,,,,,,,
6187,14/05/1984,2024-11-25 07:49:00,,,,,,,,,,,,,,,,,,
6191,22/03/1981,2024-11-25 08:09:13,,,,,,,,,,,,,,,,,,
6192,28/10/1995,2024-11-25 08:08:24,,,,,,,,,,,,,,,,,,
6193,22/10/1984,2024-11-25 08:26:21,,,,,,,,,,,,,,,,,,
6194,03/10/1992,2024-11-25 08:25:19,,,,,,,,,,,,,,,,,,
6198,02/09/1974,2024-11-25 08:50:18,,,,,,,,,,,,,,,,,,
6200,04/09/1994,2024-11-25 09:04:54,,,,,,,,,,,,,,,,,,
6205,01/09/1981,2024-11-25 09:11:00,,,,,,,,,,,,,,,,,,
6207,02/08/1981,2024-11-25 09:27:03,,,,,,,,,,,,,,,,,,
6211,22/02/1993,2024-11-25 09:27:55,,,,,,,,,,,,,,,,,,
6212,04/09/1989,2024-11-25 09:36:42,,,,,,,,,,,,,,,,,,
6215,29/10/1983,2024-11-25 09:50:19,,,,,,,,,,,,,,,,,,
6216,27/09/1990,2024-11-25 19:23:43,,,,,,,,,,,,,,,,,,
6217,20/07/1975,2024-11-25 09:57:22,,,,,,,,,,,,,,,,,,
6218,16/10/1987,2024-11-25 10:15:39,,,,,,,,,,,,,,,,,,
6219,11/05/1994,2024-11-25 10:04:03,,,,,,,,,,,,,,,,,,
6220,02/08/1996,2024-11-25 10:05:21,,,,,,,,,,,,,,,,,,
6223,07/04/1977,2024-11-25 10:44:25,,,,,,,,,,,,,,,,,,
6224,27/04/1997,2024-11-29 00:16:20,,,,,,,,,,,,,,,,,,
6225,14/09/1992,2024-11-25 10:38:38,,,,,,,,,,,,,,,,,,
6226,20/12/1987,2024-11-25 10:23:57,,,,,,,,,,,,,,,,,,
6227,05/05/1991,2024-11-25 10:43:11,,,,,,,,,,,,,,,,,,
6229,18/10/1981,2024-11-25 10:45:55,,,,,,,,,,,,,,,,,,
6232,10/01/1983,2024-11-25 10:54:44,,,,,,,,,,,,,,,,,,
6234,05/07/1982,2024-11-25 11:09:49,,,,,,,,,,,,,,,,,,
6235,10/06/1979,2024-11-25 11:03:58,,,,,,,,,,,,,,,,,,
6237,27/09/1990,2024-11-25 11:08:06,,,,,,,,,,,,,,,,,,
6239,02/07/1996,2024-11-25 11:16:26,,,,,,,,,,,,,,,,,,
6240,07/01/1997,2024-11-25 11:21:57,,,,,,,,,,,,,,,,,,
6241,10/02/1973,2024-11-25 11:29:58,,,,,,,,,,,,,,,,,,
6250,02/10/1984,2024-11-25 11:57:09,,,,,,,,,,,,,,,,,,
6254,15/08/1994,2024-11-25 11:55:32,,,,,,,,,,,,,,,,,,
6255,06/07/1988,2024-11-25 11:58:51,,,,,,,,,,,,,,,,,,
6256,19/02/1990,2024-11-25 12:05:05,,,,,,,,,,,,,,,,,,
6257,13/06/1981,2024-11-25 12:07:44,,,,,,,,,,,,,,,,,,
6258,07/07/1989,2024-11-25 12:25:06,,,,,,,,,,,,,,,,,,
6259,12/03/1976,2024-11-25 12:26:58,,,,,,,,,,,,,,,,,,
6260,19/09/1991,2024-11-25 12:28:44,,,,,,,,,,,,,,,,,,
6262,07/04/1988,2024-11-25 12:34:10,,,,,,,,,,,,,,,,,,
6263,25/11/1995,2024-11-25 17:14:30,,,,,,,,,,,,,,,,,,
6265,14/06/1982,2024-11-25 12:48:55,,,,,,,,,,,,,,,,,,
6266,20/04/1986,2024-11-25 12:47:08,,,,,,,,,,,,,,,,,,
6267,08/06/1974,2024-11-25 12:51:14,,,,,,,,,,,,,,,,,,
6268,16/08/1980,2024-11-25 12:53:17,,,,,,,,,,,,,,,,,,
6270,14/04/1979,2024-11-25 13:08:32,,,,,,,,,,,,,,,,,,
6272,13/04/1994,2024-11-25 13:11:26,,,,,,,,,,,,,,,,,,
6273,19/12/1975,2024-11-25 13:37:09,,,,,,,,,,,,,,,,,,
6280,14/04/1974,2024-11-25 13:43:05,,,,,,,,,,,,,,,,,,
6283,11/03/1990,2024-11-25 13:50:47,,,,,,,,,,,,,,,,,,
6286,13/12/1995,2024-11-25 13:57:10,,,,,,,,,,,,,,,,,,
6288,30/03/1987,2024-11-25 14:04:29,,,,,,,,,,,,,,,,,,
6291,09/09/1974,2024-11-25 14:31:26,,,,,,,,,,,,,,,,,,
6292,15/04/1966,2024-11-25 14:34:48,,,,,,,,,,,,,,,,,,
6295,08/08/1981,2024-11-25 14:49:24,,,,,,,,,,,,,,,,,,
6297,18/03/1968,2024-11-25 14:44:43,,,,,,,,,,,,,,,,,,
6304,03/12/1975,2024-11-25 15:18:36,,,,,,,,,,,,,,,,,,
6305,23/06/1983,2024-11-25 15:20:31,,,,,,,,,,,,,,,,,,
6309,13/09/1979,2024-11-25 15:45:28,,,,,,,,,,,,,,,,,,
6311,31/12/1987,2024-11-26 07:37:03,,,,,,,,,,,,,,,,,,
6314,18/10/1990,2024-11-25 16:09:15,,,,,,,,,,,,,,,,,,
6316,04/09/1989,2024-11-25 16:11:31,,,,,,,,,,,,,,,,,,
6320,24/10/1967,2024-11-25 16:30:26,,,,,,,,,,,,,,,,,,
6321,12/03/1985,2024-11-25 16:31:47,,,,,,,,,,,,,,,,,,
6325,23/06/1984,2024-11-25 16:57:42,,,,,,,,,,,,,,,,,,
6328,03/06/1993,2024-11-25 17:01:49,,,,,,,,,,,,,,,,,,
6329,26/12/1987,2024-11-26 07:18:34,,,,,,,,,,,,,,,,,,
6333,09/11/1986,2024-11-25 17:09:44,,,,,,,,,,,,,,,,,,
6337,22/09/1991,2024-11-25 17:27:46,,,,,,,,,,,,,,,,,,
6339,06/02/1998,2024-11-25 17:35:33,,,,,,,,,,,,,,,,,,
6344,10/05/1972,2024-11-25 17:52:40,,,,,,,,,,,,,,,,,,
6345,06/05/1994,2024-11-25 19:17:57,,,,,,,,,,,,,,,,,,
6348,27/07/1990,2024-11-27 08:08:17,,,,,,,,,,,,,,,,,,
6349,23/11/1988,2024-11-25 17:49:53,,,,,,,,,,,,,,,,,,
6350,16/10/1990,2024-11-25 17:57:22,,,,,,,,,,,,,,,,,,
6353,24/02/1995,2024-11-25 18:13:40,,,,,,,,,,,,,,,,,,
6354,02/02/1992,2024-11-25 18:27:37,,,,,,,,,,,,,,,,,,
6355,25/03/1993,2024-11-25 18:33:35,,,,,,,,,,,,,,,,,,
6360,05/05/1982,2024-11-25 18:55:37,,,,,,,,,,,,,,,,,,
6363,19/04/1971,2024-11-25 21:15:53,,,,,,,,,,,,,,,,,,
6364,25/04/1987,2024-11-25 20:04:17,,,,,,,,,,,,,,,,,,
6365,19/10/1986,2024-11-25 19:43:31,,,,,,,,,,,,,,,,,,
6368,04/09/1990,2024-11-25 19:58:33,,,,,,,,,,,,,,,,,,
6369,25/10/1987,2024-11-25 20:05:22,,,,,,,,,,,,,,,,,,
6372,22/12/1971,2024-11-25 20:46:57,,,,,,,,,,,,,,,,,,
6375,16/03/1986,2024-11-25 21:23:54,,,,,,,,,,,,,,,,,,
6376,05/01/1970,2024-11-26 20:04:02,,,,,,,,,,,,,,,,,,
6380,26/04/1992,2024-11-25 20:47:37,,,,,,,,,,,,,,,,,,
6382,11/05/1980,2024-11-25 20:53:53,,,,,,,,,,,,,,,,,,
6387,12/12/1983,2024-11-25 21:28:49,,,,,,,,,,,,,,,,,,
6388,18/09/1974,2024-11-25 21:27:22,,,,,,,,,,,,,,,,,,
6389,06/08/1977,2024-11-25 21:30:06,,,,,,,,,,,,,,,,,,
6391,20/06/1986,2024-11-25 21:49:09,,,,,,,,,,,,,,,,,,
6393,14/01/1969,2024-12-26 18:51:43,,,,,,,,,,,,,,,,,,
6399,26/03/1996,2024-11-25 23:03:05,,,,,,,,,,,,,,,,,,
6403,27/07/1980,2024-11-25 22:40:15,,,,,,,,,,,,,,,,,,
6410,17/05/1987,2024-11-25 23:17:26,,,,,,,,,,,,,,,,,,
6412,08/10/1982,2024-11-25 23:26:00,,,,,,,,,,,,,,,,,,
6413,19/04/1996,2024-11-25 23:40:12,,,,,,,,,,,,,,,,,,
6416,13/04/1971,2024-11-25 23:44:36,,,,,,,,,,,,,,,,,,
6422,03/08/1989,2024-11-28 23:44:40,,,,,,,,,,,,,,,,,,
6424,27/07/1988,2024-11-26 01:54:23,,,,,,,,,,,,,,,,,,
6435,01/09/1977,2024-11-26 03:50:21,,,,,,,,,,,,,,,,,,
6437,24/07/1970,2024-11-26 04:42:27,,,,,,,,,,,,,,,,,,
6438,26/11/1977,2024-11-26 05:10:48,,,,,,,,,,,,,,,,,,
6442,08/01/1975,2024-11-26 05:48:50,,,,,,,,,,,,,,,,,,
6445,04/09/1973,2024-11-26 05:55:15,,,,,,,,,,,,,,,,,,
6447,12/11/1994,2024-11-26 06:33:40,,,,,,,,,,,,,,,,,,
6467,20/02/1978,2024-11-26 09:28:55,,,,,,,,,,,,,,,,,,
6476,24/11/1973,2024-11-26 10:04:45,,,,,,,,,,,,,,,,,,
6478,18/09/1998,2024-11-26 10:15:14,,,,,,,,,,,,,,,,,,
6481,25/05/1981,2024-11-26 10:45:24,,,,,,,,,,,,,,,,,,
6482,11/06/1975,2024-11-26 11:01:52,,,,,,,,,,,,,,,,,,
6483,04/11/1978,2024-11-26 10:59:42,,,,,,,,,,,,,,,,,,
6485,13/01/1997,2024-11-26 11:14:08,,,,,,,,,,,,,,,,,,
6486,02/01/1986,2024-11-26 12:32:13,,,,,,,,,,,,,,,,,,
6488,17/05/1998,2024-11-26 11:23:42,,,,,,,,,,,,,,,,,,
6490,20/05/1992,2024-11-26 11:31:47,,,,,,,,,,,,,,,,,,
6492,10/10/1982,2024-11-26 11:33:40,,,,,,,,,,,,,,,,,,
6493,28/09/1981,2024-11-26 11:35:48,,,,,,,,,,,,,,,,,,
6494,23/09/1994,2024-11-26 11:38:07,,,,,,,,,,,,,,,,,,
6495,04/05/1978,2024-11-26 11:41:11,,,,,,,,,,,,,,,,,,
6497,12/04/1996,2024-11-26 11:58:38,,,,,,,,,,,,,,,,,,
6505,21/09/1982,2024-11-26 12:58:10,,,,,,,,,,,,,,,,,,
6508,15/01/1969,2024-11-26 12:58:46,,,,,,,,,,,,,,,,,,
6509,16/06/1985,2024-11-26 12:59:34,,,,,,,,,,,,,,,,,,
6510,14/09/1988,2024-11-26 13:21:39,,,,,,,,,,,,,,,,,,
6516,06/03/1990,2024-11-26 13:48:26,,,,,,,,,,,,,,,,,,
6520,12/05/1993,2024-11-26 14:10:12,,,,,,,,,,,,,,,,,,
6523,18/08/1988,2024-11-26 14:34:26,,,,,,,,,,,,,,,,,,
6524,22/03/1981,2024-11-26 14:29:03,,,,,,,,,,,,,,,,,,
6530,27/06/1974,2024-11-27 13:32:02,,,,,,,,,,,,,,,,,,
6537,03/01/1996,2024-11-27 20:30:49,,,,,,,,,,,,,,,,,,
6538,27/03/1996,2024-11-26 15:41:23,,,,,,,,,,,,,,,,,,
6539,14/01/1994,2024-11-29 15:51:19,,,,,,,,,,,,,,,,,,
6541,28/11/1979,2024-11-26 15:56:46,,,,,,,,,,,,,,,,,,
6545,30/11/1983,2024-11-26 16:13:14,,,,,,,,,,,,,,,,,,
6546,25/05/1981,2024-12-26 01:56:15,,,,,,,,,,,,,,,,,,
6547,18/10/1991,2024-11-26 16:31:41,,,,,,,,,,,,,,,,,,
6548,16/01/1980,2024-11-26 16:34:19,,,,,,,,,,,,,,,,,,
6549,24/01/1994,2024-11-26 16:40:45,,,,,,,,,,,,,,,,,,
6551,30/06/1990,2024-11-26 16:52:39,,,,,,,,,,,,,,,,,,
6555,11/10/1991,2024-11-26 17:24:47,,,,,,,,,,,,,,,,,,
6556,11/07/1995,2024-11-26 17:31:02,,,,,,,,,,,,,,,,,,
6557,04/11/1991,2024-11-26 17:44:20,,,,,,,,,,,,,,,,,,
6560,02/02/1998,2024-11-26 17:46:05,,,,,,,,,,,,,,,,,,
6563,19/10/1995,2024-11-26 17:49:54,,,,,,,,,,,,,,,,,,
6567,27/12/1977,2024-11-26 18:07:38,,,,,,,,,,,,,,,,,,
6568,22/02/1997,2024-11-26 18:09:45,,,,,,,,,,,,,,,,,,
6571,04/02/1986,2024-11-26 18:18:21,,,,,,,,,,,,,,,,,,
6572,20/07/1983,2024-11-26 18:23:49,,,,,,,,,,,,,,,,,,
6575,30/12/1992,2024-11-26 18:25:24,,,,,,,,,,,,,,,,,,
6576,03/02/1993,2024-11-26 18:30:22,,,,,,,,,,,,,,,,,,
6577,18/11/1988,2024-11-26 18:42:58,,,,,,,,,,,,,,,,,,
6579,21/07/1993,2024-11-26 18:40:11,,,,,,,,,,,,,,,,,,
6587,22/11/1996,2024-11-26 19:06:11,,,,,,,,,,,,,,,,,,
6588,07/04/2006,2024-11-26 19:04:47,,,,,,,,,,,,,,,,,,
6591,18/01/1984,2024-11-26 19:18:46,,,,,,,,,,,,,,,,,,
6592,25/07/1990,2024-11-26 19:26:29,,,,,,,,,,,,,,,,,,
6599,06/04/1982,2024-11-26 19:41:38,,,,,,,,,,,,,,,,,,
6602,22/09/1978,2024-11-26 19:57:57,,,,,,,,,,,,,,,,,,
6608,18/04/1987,2024-11-26 20:18:41,,,,,,,,,,,,,,,,,,
6613,03/09/1988,2024-11-26 23:28:24,,,,,,,,,,,,,,,,,,
6614,26/07/1964,2024-11-26 20:57:57,,,,,,,,,,,,,,,,,,
6617,09/07/1984,2024-11-26 20:51:43,,,,,,,,,,,,,,,,,,
6627,19/12/1989,2024-11-26 21:05:21,,,,,,,,,,,,,,,,,,
6628,06/07/1984,2024-12-02 13:40:10,,,,,,,,,,,,,,,,,,
6630,10/05/1993,2024-11-26 21:14:31,,,,,,,,,,,,,,,,,,
6632,26/07/1995,2024-11-26 21:22:06,,,,,,,,,,,,,,,,,,
6636,19/08/1996,2024-11-26 21:38:59,,,,,,,,,,,,,,,,,,
6637,19/02/1979,2024-11-26 21:43:35,,,,,,,,,,,,,,,,,,
6642,10/08/1994,2024-11-26 22:15:46,,,,,,,,,,,,,,,,,,
6644,04/04/1979,2024-11-26 22:23:30,,,,,,,,,,,,,,,,,,
6648,23/02/1981,2024-11-26 22:35:01,,,,,,,,,,,,,,,,,,
6649,01/07/1964,2024-11-26 22:38:45,,,,,,,,,,,,,,,,,,
6650,27/11/1981,2024-11-26 22:37:25,,,,,,,,,,,,,,,,,,
6654,19/03/1997,2024-11-26 22:42:14,,,,,,,,,,,,,,,,,,
6655,28/12/1992,2024-11-26 22:46:47,,,,,,,,,,,,,,,,,,
6656,09/04/1998,2024-11-26 22:53:53,,,,,,,,,,,,,,,,,,
6658,24/05/1995,2024-11-26 23:03:02,,,,,,,,,,,,,,,,,,
6661,05/05/1977,2024-11-26 23:14:06,,,,,,,,,,,,,,,,,,
6663,14/07/1988,2024-11-29 21:22:00,,,,,,,,,,,,,,,,,,
6665,30/01/1990,2024-11-26 23:36:01,,,,,,,,,,,,,,,,,,
6667,22/12/1988,2024-11-26 23:31:15,,,,,,,,,,,,,,,,,,
6669,04/09/1995,2024-11-26 23:37:30,,,,,,,,,,,,,,,,,,
6675,22/12/1997,2024-11-27 00:22:10,,,,,,,,,,,,,,,,,,
6678,13/06/1963,2024-11-29 11:43:40,,,,,,,,,,,,,,,,,,
6679,14/03/1992,2024-11-27 08:41:02,,,,,,,,,,,,,,,,,,
6680,27/05/1977,2024-11-30 06:38:45,,,,,,,,,,,,,,,,,,
6684,18/10/1983,2024-11-27 02:18:24,,,,,,,,,,,,,,,,,,
6688,27/07/1978,2024-11-27 05:42:46,,,,,,,,,,,,,,,,,,
6689,26/06/1980,2024-11-27 04:08:38,,,,,,,,,,,,,,,,,,
6692,11/06/1986,2024-11-27 04:35:41,,,,,,,,,,,,,,,,,,
6694,04/04/1990,2024-11-27 04:55:12,,,,,,,,,,,,,,,,,,
6695,16/03/1983,2024-11-27 05:12:10,,,,,,,,,,,,,,,,,,
6697,10/09/1981,2024-11-27 05:36:37,,,,,,,,,,,,,,,,,,
6698,02/07/1979,2024-11-27 05:41:08,,,,,,,,,,,,,,,,,,
6701,02/10/1985,2024-11-27 05:57:11,,,,,,,,,,,,,,,,,,
6704,18/03/1982,2024-11-27 06:19:38,,,,,,,,,,,,,,,,,,
6706,03/10/1977,2024-11-27 06:47:51,,,,,,,,,,,,,,,,,,
6707,16/07/1960,2024-11-27 06:56:55,,,,,,,,,,,,,,,,,,
6708,30/05/1977,2024-11-27 06:49:00,,,,,,,,,,,,,,,,,,
6710,17/02/1974,2024-11-29 07:42:07,,,,,,,,,,,,,,,,,,
6714,11/07/1974,2024-11-27 09:16:17,,,,,,,,,,,,,,,,,,
6715,13/10/1979,2024-11-27 07:56:34,,,,,,,,,,,,,,,,,,
6716,15/11/1997,2024-11-27 08:09:24,,,,,,,,,,,,,,,,,,
6717,19/08/1983,2024-11-27 08:10:14,,,,,,,,,,,,,,,,,,
6718,07/08/1971,2024-11-27 08:11:32,,,,,,,,,,,,,,,,,,
6723,18/09/1981,2024-11-28 16:10:26,,,,,,,,,,,,,,,,,,
6726,07/09/1984,2024-11-27 09:21:54,,,,,,,,,,,,,,,,,,
6735,15/06/1993,2024-11-27 10:11:23,,,,,,,,,,,,,,,,,,
6738,30/06/1992,2024-11-27 10:22:59,,,,,,,,,,,,,,,,,,
6741,28/07/1997,2024-11-27 11:05:01,,,,,,,,,,,,,,,,,,
6744,18/05/1974,2024-11-27 11:00:56,,,,,,,,,,,,,,,,,,
6745,16/10/1985,2024-11-27 11:02:55,,,,,,,,,,,,,,,,,,
6746,29/07/1996,2024-11-27 10:59:25,,,,,,,,,,,,,,,,,,
6748,13/05/1977,2024-11-27 11:06:18,,,,,,,,,,,,,,,,,,
6749,21/10/1980,2024-11-27 11:37:50,,,,,,,,,,,,,,,,,,
6751,12/10/1977,2024-11-27 11:16:34,,,,,,,,,,,,,,,,,,
6753,26/05/1981,2024-11-27 11:30:02,,,,,,,,,,,,,,,,,,
6754,01/03/1991,2024-11-27 11:32:42,,,,,,,,,,,,,,,,,,
6756,06/06/1984,2024-11-27 11:46:56,,,,,,,,,,,,,,,,,,
6758,20/01/1983,2024-11-27 11:41:11,,,,,,,,,,,,,,,,,,
6759,24/01/1998,2024-11-27 11:48:06,,,,,,,,,,,,,,,,,,
6761,31/12/1994,2024-11-27 13:33:55,,,,,,,,,,,,,,,,,,
6765,02/05/1988,2024-11-27 12:25:58,,,,,,,,,,,,,,,,,,
6769,21/03/1987,2024-11-27 12:35:08,,,,,,,,,,,,,,,,,,
6772,22/05/1976,2024-12-19 20:01:17,,,,,,,,,,,,,,,,,,
6775,15/12/1985,2024-11-27 13:11:21,,,,,,,,,,,,,,,,,,
6776,02/07/1982,2024-11-27 13:16:39,,,,,,,,,,,,,,,,,,
6777,25/09/1981,2024-11-27 13:23:30,,,,,,,,,,,,,,,,,,
6783,05/10/1998,2024-11-27 14:04:08,,,,,,,,,,,,,,,,,,
6784,22/08/1986,2024-11-27 14:06:45,,,,,,,,,,,,,,,,,,
6788,28/03/1992,2024-11-27 14:11:31,,,,,,,,,,,,,,,,,,
6789,28/11/1963,2024-11-27 14:13:10,,,,,,,,,,,,,,,,,,
6792,20/03/1982,2024-11-27 14:34:56,,,,,,,,,,,,,,,,,,
6797,07/12/1977,2024-11-27 14:44:43,,,,,,,,,,,,,,,,,,
6803,02/06/1976,2024-11-27 14:57:16,,,,,,,,,,,,,,,,,,
6806,14/06/1982,2024-11-27 15:15:24,,,,,,,,,,,,,,,,,,
6807,28/05/1981,2024-11-27 15:16:33,,,,,,,,,,,,,,,,,,
6812,09/07/1986,2024-11-27 15:37:58,,,,,,,,,,,,,,,,,,
6815,21/11/1989,2024-11-27 15:50:22,,,,,,,,,,,,,,,,,,
6820,13/11/1987,2024-11-27 15:56:53,,,,,,,,,,,,,,,,,,
6822,14/09/1987,2024-11-27 15:58:01,,,,,,,,,,,,,,,,,,
6826,03/01/1973,2024-11-27 16:04:13,,,,,,,,,,,,,,,,,,
6832,29/04/1982,2024-11-27 16:30:56,,,,,,,,,,,,,,,,,,
6833,05/10/1985,2024-11-27 16:42:32,,,,,,,,,,,,,,,,,,
6836,25/02/1976,2024-11-27 16:46:01,,,,,,,,,,,,,,,,,,
6837,14/09/1994,2024-11-27 16:47:43,,,,,,,,,,,,,,,,,,
6838,15/06/1983,2024-11-27 16:53:35,,,,,,,,,,,,,,,,,,
6843,30/11/1982,2024-11-27 17:17:14,,,,,,,,,,,,,,,,,,
6844,04/01/1958,2024-11-27 17:25:18,,,,,,,,,,,,,,,,,,
6845,22/03/1987,2024-11-27 17:34:21,,,,,,,,,,,,,,,,,,
6846,23/05/1982,2024-11-27 17:26:08,,,,,,,,,,,,,,,,,,
6848,27/12/1977,2024-11-27 17:29:01,,,,,,,,,,,,,,,,,,
6849,29/09/1992,2024-11-27 17:30:45,,,,,,,,,,,,,,,,,,
6851,11/01/1994,2024-11-27 18:00:37,,,,,,,,,,,,,,,,,,
6856,01/01/1992,2024-11-27 18:13:04,,,,,,,,,,,,,,,,,,
6857,08/11/1968,2024-11-27 18:17:50,,,,,,,,,,,,,,,,,,
6858,17/01/1997,2024-11-27 18:20:02,,,,,,,,,,,,,,,,,,
6859,26/07/1981,2024-11-28 11:08:18,,,,,,,,,,,,,,,,,,
6860,04/04/1985,2024-11-27 19:56:47,,,,,,,,,,,,,,,,,,
6861,11/01/1994,2024-11-27 18:39:13,,,,,,,,,,,,,,,,,,
6863,12/06/1975,2024-11-27 18:46:26,,,,,,,,,,,,,,,,,,
6869,01/07/1986,2024-11-27 20:08:58,,,,,,,,,,,,,,,,,,
6870,10/09/1986,2024-11-28 09:12:25,,,,,,,,,,,,,,,,,,
6871,22/07/1994,2024-11-27 19:51:43,,,,,,,,,,,,,,,,,,
6873,26/01/1989,2024-11-27 19:49:28,,,,,,,,,,,,,,,,,,
6874,22/09/1976,2024-11-27 19:50:50,,,,,,,,,,,,,,,,,,
6877,26/05/1977,2024-11-27 20:07:52,,,,,,,,,,,,,,,,,,
6878,13/12/1983,2024-12-04 12:42:46,,,,,,,,,,,,,,,,,,
6883,23/04/1995,2024-11-27 20:42:15,,,,,,,,,,,,,,,,,,
6886,24/06/1988,2024-11-27 20:52:57,,,,,,,,,,,,,,,,,,
6887,20/01/1975,2024-11-27 20:54:21,,,,,,,,,,,,,,,,,,
6888,21/05/1993,2024-11-27 21:00:51,,,,,,,,,,,,,,,,,,
6890,16/06/1989,2024-11-27 21:24:00,,,,,,,,,,,,,,,,,,
6895,13/08/1983,2024-11-27 21:41:12,,,,,,,,,,,,,,,,,,
6897,11/04/1981,2024-11-28 11:27:32,,,,,,,,,,,,,,,,,,
6898,09/11/1987,2024-11-28 08:48:12,,,,,,,,,,,,,,,,,,
6900,28/02/1991,2024-11-27 21:54:16,,,,,,,,,,,,,,,,,,
6906,27/04/1995,2024-11-27 22:12:57,,,,,,,,,,,,,,,,,,
6908,17/02/1984,2024-11-27 22:18:10,,,,,,,,,,,,,,,,,,
6909,24/04/1990,2024-11-27 22:21:38,,,,,,,,,,,,,,,,,,
6922,10/08/1988,2024-11-27 23:10:57,,,,,,,,,,,,,,,,,,
6925,11/10/1996,2024-11-27 23:20:18,,,,,,,,,,,,,,,,,,
6931,09/11/1995,2024-11-27 23:32:04,,,,,,,,,,,,,,,,,,
6936,29/12/1996,2024-11-28 06:47:03,,,,,,,,,,,,,,,,,,
6945,15/06/1986,2024-11-28 03:24:47,,,,,,,,,,,,,,,,,,
6950,28/11/1983,2024-11-28 03:44:40,,,,,,,,,,,,,,,,,,
6951,19/06/1996,2024-11-28 03:46:31,,,,,,,,,,,,,,,,,,
6955,19/05/1981,2024-11-28 07:58:25,,,,,,,,,,,,,,,,,,
6958,27/03/1974,2024-12-14 11:05:46,,,,,,,,,,,,,,,,,,
6963,01/12/1995,2024-11-28 06:54:42,,,,,,,,,,,,,,,,,,
6966,10/08/1982,2024-11-29 18:42:58,,,,,,,,,,,,,,,,,,
6967,07/12/1976,2024-11-28 07:15:20,,,,,,,,,,,,,,,,,,
6979,26/06/1970,2024-11-28 08:52:11,,,,,,,,,,,,,,,,,,
6981,01/09/1994,2024-11-28 09:15:05,,,,,,,,,,,,,,,,,,
6982,05/04/1979,2024-11-28 09:27:02,,,,,,,,,,,,,,,,,,
6986,12/04/1981,2024-11-28 09:48:25,,,,,,,,,,,,,,,,,,
6987,05/02/1988,2024-11-28 09:45:59,,,,,,,,,,,,,,,,,,
6992,20/03/1991,2024-11-28 10:08:05,,,,,,,,,,,,,,,,,,
6996,13/01/1997,2024-11-28 10:16:05,,,,,,,,,,,,,,,,,,
6997,29/11/1982,2024-11-28 10:18:27,,,,,,,,,,,,,,,,,,
7000,28/08/1986,2024-11-28 10:20:31,,,,,,,,,,,,,,,,,,
7001,08/04/1997,2024-11-28 10:50:47,,,,,,,,,,,,,,,,,,
7002,28/10/1963,2024-11-28 10:29:09,,,,,,,,,,,,,,,,,,
7003,30/12/1972,2024-11-28 10:30:52,,,,,,,,,,,,,,,,,,
7006,27/09/1988,2024-11-28 11:30:22,,,,,,,,,,,,,,,,,,
7007,14/12/1980,2024-11-28 11:08:59,,,,,,,,,,,,,,,,,,
7008,31/03/1971,2024-11-28 11:40:15,,,,,,,,,,,,,,,,,,
7018,17/11/1993,2024-11-28 12:35:21,,,,,,,,,,,,,,,,,,
7021,02/07/1968,2024-11-28 12:21:17,,,,,,,,,,,,,,,,,,
7024,05/04/1971,2024-11-28 12:40:20,,,,,,,,,,,,,,,,,,
7027,26/06/1994,2024-11-28 12:48:03,,,,,,,,,,,,,,,,,,
7034,23/05/1976,2024-11-28 13:25:36,,,,,,,,,,,,,,,,,,
7037,23/01/1989,2024-11-28 13:39:19,,,,,,,,,,,,,,,,,,
7038,12/11/1986,2024-11-28 13:36:22,,,,,,,,,,,,,,,,,,
7042,11/03/1982,2024-11-28 14:14:37,,,,,,,,,,,,,,,,,,
7043,29/08/1988,2024-11-28 14:21:36,,,,,,,,,,,,,,,,,,
7044,23/11/1973,2024-11-28 15:04:18,,,,,,,,,,,,,,,,,,
7047,01/02/1997,2024-11-28 14:32:46,,,,,,,,,,,,,,,,,,
7048,03/12/1988,2024-11-28 14:34:10,,,,,,,,,,,,,,,,,,
7049,02/08/1968,2024-11-28 14:48:16,,,,,,,,,,,,,,,,,,
7051,06/06/1998,2024-11-28 15:01:54,,,,,,,,,,,,,,,,,,
7055,28/10/1988,2024-12-29 20:24:27,,,,,,,,,,,,,,,,,,
7057,24/11/1981,2024-11-28 15:16:19,,,,,,,,,,,,,,,,,,
7059,24/08/1989,2024-11-28 17:23:03,,,,,,,,,,,,,,,,,,
7063,13/09/1992,2024-11-28 15:26:20,,,,,,,,,,,,,,,,,,
7068,09/03/1989,2024-11-28 15:36:28,,,,,,,,,,,,,,,,,,
7069,18/04/1995,2024-11-28 15:41:21,,,,,,,,,,,,,,,,,,
7071,29/01/1991,2024-11-29 10:48:00,,,,,,,,,,,,,,,,,,
7074,28/08/1961,2024-11-28 16:00:47,,,,,,,,,,,,,,,,,,
7075,30/12/1988,2024-11-28 16:02:49,,,,,,,,,,,,,,,,,,
7078,27/05/1986,2024-11-28 16:07:57,,,,,,,,,,,,,,,,,,
7081,07/09/1982,2024-11-28 16:15:06,,,,,,,,,,,,,,,,,,
7083,08/09/1992,2024-11-28 16:31:12,,,,,,,,,,,,,,,,,,
7087,12/09/1979,2024-11-28 16:43:04,,,,,,,,,,,,,,,,,,
7089,21/05/1996,2024-11-28 16:50:04,,,,,,,,,,,,,,,,,,
7091,19/03/1980,2024-11-28 17:13:22,,,,,,,,,,,,,,,,,,
7094,02/03/1981,2024-11-28 17:33:42,,,,,,,,,,,,,,,,,,
7095,03/01/1990,2024-11-28 17:30:50,,,,,,,,,,,,,,,,,,
7097,31/01/1994,2024-12-03 14:16:04,,,,,,,,,,,,,,,,,,
7098,26/08/1994,2024-11-28 17:58:41,,,,,,,,,,,,,,,,,,
7108,14/11/1993,2024-11-28 18:39:58,,,,,,,,,,,,,,,,,,
7113,17/03/1988,2024-12-26 06:25:25,,,,,,,,,,,,,,,,,,
7115,20/08/1991,2024-11-28 19:26:05,,,,,,,,,,,,,,,,,,
7117,29/04/1991,2024-11-28 19:50:57,,,,,,,,,,,,,,,,,,
7120,13/05/1993,2024-11-28 19:36:45,,,,,,,,,,,,,,,,,,
7122,11/04/1977,2024-11-28 19:41:13,,,,,,,,,,,,,,,,,,
7125,22/03/1994,2024-11-28 19:46:00,,,,,,,,,,,,,,,,,,
7129,09/01/1996,2024-11-28 20:20:58,,,,,,,,,,,,,,,,,,
7130,25/06/1976,2024-11-28 20:28:29,,,,,,,,,,,,,,,,,,
7133,27/04/1988,2024-11-28 20:29:50,,,,,,,,,,,,,,,,,,
7137,23/06/1986,2024-11-28 20:53:37,,,,,,,,,,,,,,,,,,
7138,29/10/1966,2024-11-28 20:51:21,,,,,,,,,,,,,,,,,,
7142,02/06/1987,2024-11-28 21:04:13,,,,,,,,,,,,,,,,,,
7144,18/05/2001,2024-11-28 21:05:11,,,,,,,,,,,,,,,,,,
7153,19/06/1978,2024-11-28 21:26:16,,,,,,,,,,,,,,,,,,
7154,04/02/1976,2024-11-28 21:29:22,,,,,,,,,,,,,,,,,,
7156,10/04/1997,2024-11-28 21:38:54,,,,,,,,,,,,,,,,,,
7157,28/07/1990,2024-11-28 21:40:51,,,,,,,,,,,,,,,,,,
7160,14/07/1991,2024-11-29 11:56:53,,,,,,,,,,,,,,,,,,
7162,26/01/1984,2024-11-28 22:12:25,,,,,,,,,,,,,,,,,,
7163,26/06/1976,2024-11-28 22:19:33,,,,,,,,,,,,,,,,,,
7164,01/03/1981,2024-11-29 04:09:22,,,,,,,,,,,,,,,,,,
7166,13/10/1982,2024-11-28 22:24:46,,,,,,,,,,,,,,,,,,
7167,04/09/1989,2024-11-28 22:43:15,,,,,,,,,,,,,,,,,,
7168,29/01/1992,2024-11-28 22:42:01,,,,,,,,,,,,,,,,,,
7170,05/05/1984,2024-11-30 19:58:55,,,,,,,,,,,,,,,,,,
7172,02/01/1993,2024-11-28 22:48:06,,,,,,,,,,,,,,,,,,
7173,10/08/1993,2024-11-28 22:58:48,,,,,,,,,,,,,,,,,,
7180,20/11/1995,2024-11-28 23:38:53,,,,,,,,,,,,,,,,,,
7183,28/08/1989,2024-11-28 23:49:35,,,,,,,,,,,,,,,,,,
7185,14/02/1995,2024-11-29 00:12:03,,,,,,,,,,,,,,,,,,
7191,20/05/1991,2024-11-29 21:07:45,,,,,,,,,,,,,,,,,,
7195,13/08/1979,2024-11-29 01:00:45,,,,,,,,,,,,,,,,,,
7203,18/09/1984,2024-11-29 03:58:10,,,,,,,,,,,,,,,,,,
7204,02/03/1984,2024-11-29 04:14:21,,,,,,,,,,,,,,,,,,
7205,12/04/1979,2024-11-29 04:42:06,,,,,,,,,,,,,,,,,,
7206,30/09/1971,2024-12-10 13:37:41,,,,,,,,,,,,,,,,,,
7214,26/09/1976,2024-11-29 06:20:21,,,,,,,,,,,,,,,,,,
7217,01/08/1987,2024-11-29 06:38:14,,,,,,,,,,,,,,,,,,
7219,15/06/1980,2024-11-29 07:45:26,,,,,,,,,,,,,,,,,,
7224,16/07/1991,2024-11-29 07:00:05,,,,,,,,,,,,,,,,,,
7225,20/05/1983,2024-11-29 07:30:43,,,,,,,,,,,,,,,,,,
7229,29/03/1985,2024-11-29 07:54:00,,,,,,,,,,,,,,,,,,
7230,21/11/1988,2024-11-29 07:55:53,,,,,,,,,,,,,,,,,,
7231,25/10/1976,2024-11-29 07:59:09,,,,,,,,,,,,,,,,,,
7232,26/06/1990,2024-11-29 08:12:05,,,,,,,,,,,,,,,,,,
7233,18/08/1995,2024-11-29 08:17:53,,,,,,,,,,,,,,,,,,
7235,27/11/1995,2024-11-29 08:51:57,,,,,,,,,,,,,,,,,,
7236,04/11/1969,2024-12-14 04:04:45,,,,,,,,,,,,,,,,,,
7238,31/08/1968,2024-11-29 09:01:35,,,,,,,,,,,,,,,,,,
7244,15/08/1990,2024-11-29 09:23:39,,,,,,,,,,,,,,,,,,
7245,14/08/1981,2024-11-29 09:25:03,,,,,,,,,,,,,,,,,,
7251,23/08/1983,2024-11-29 10:04:32,,,,,,,,,,,,,,,,,,
7254,17/08/1992,2024-11-29 10:48:51,,,,,,,,,,,,,,,,,,
7260,10/10/1970,2024-11-29 10:36:09,,,,,,,,,,,,,,,,,,
7262,03/03/1992,2024-11-29 10:44:33,,,,,,,,,,,,,,,,,,
7265,17/02/1982,2024-11-29 10:42:27,,,,,,,,,,,,,,,,,,
7270,26/06/1981,2024-11-29 11:28:30,,,,,,,,,,,,,,,,,,
7273,20/01/1997,2024-11-29 12:32:27,,,,,,,,,,,,,,,,,,
7276,14/04/1996,2024-11-29 12:24:07,,,,,,,,,,,,,,,,,,
7278,24/03/2002,2024-11-29 12:05:38,,,,,,,,,,,,,,,,,,
7284,12/02/1974,2024-11-29 12:45:00,,,,,,,,,,,,,,,,,,
7290,31/03/1974,2024-11-29 13:21:14,,,,,,,,,,,,,,,,,,
7291,18/07/1976,2024-11-29 13:22:31,,,,,,,,,,,,,,,,,,
7293,11/03/1983,2024-11-29 13:28:37,,,,,,,,,,,,,,,,,,
7294,08/12/2003,2024-11-29 13:26:54,,,,,,,,,,,,,,,,,,
7295,15/09/1974,2024-11-29 13:30:33,,,,,,,,,,,,,,,,,,
7301,08/04/1987,2024-11-29 14:09:03,,,,,,,,,,,,,,,,,,
7302,21/10/1988,2024-11-29 13:57:57,,,,,,,,,,,,,,,,,,
7306,08/01/1993,2024-11-29 14:14:40,,,,,,,,,,,,,,,,,,
7309,24/10/1971,2024-11-29 14:07:34,,,,,,,,,,,,,,,,,,
7312,12/01/1997,2024-11-29 14:18:02,,,,,,,,,,,,,,,,,,
7315,19/09/1987,2024-11-29 14:32:27,,,,,,,,,,,,,,,,,,
7316,14/10/1981,2024-11-29 14:29:43,,,,,,,,,,,,,,,,,,
7317,09/08/1985,2024-11-29 14:33:53,,,,,,,,,,,,,,,,,,
7319,15/09/1993,2024-11-29 14:36:01,,,,,,,,,,,,,,,,,,
7320,21/06/1990,2024-12-14 06:49:23,,,,,,,,,,,,,,,,,,
7323,28/08/1981,2024-11-29 14:48:22,,,,,,,,,,,,,,,,,,
7324,06/10/1997,2024-11-29 14:49:22,,,,,,,,,,,,,,,,,,
7326,10/07/1970,2024-11-29 14:54:59,,,,,,,,,,,,,,,,,,
7327,09/04/1984,2024-11-29 15:02:40,,,,,,,,,,,,,,,,,,
7333,24/11/1990,2024-11-29 15:13:04,,,,,,,,,,,,,,,,,,
7334,09/06/1992,2024-11-29 15:14:53,,,,,,,,,,,,,,,,,,
7337,13/07/1974,2024-11-29 15:18:42,,,,,,,,,,,,,,,,,,
7339,18/05/1984,2024-11-29 15:23:20,,,,,,,,,,,,,,,,,,
7340,19/10/1990,2024-11-29 15:30:03,,,,,,,,,,,,,,,,,,
7347,13/06/1996,2024-11-29 15:47:50,,,,,,,,,,,,,,,,,,
7354,15/10/1995,2024-11-29 15:54:28,,,,,,,,,,,,,,,,,,
7356,27/08/1976,2024-11-29 16:02:57,,,,,,,,,,,,,,,,,,
7357,08/11/1976,2024-11-29 16:14:59,,,,,,,,,,,,,,,,,,
7360,09/05/1982,2024-11-29 16:26:33,,,,,,,,,,,,,,,,,,
7362,26/11/1980,2024-11-29 16:51:42,,,,,,,,,,,,,,,,,,
7368,17/03/1984,2024-11-29 16:55:36,,,,,,,,,,,,,,,,,,
7374,09/04/1983,2024-11-29 17:23:53,,,,,,,,,,,,,,,,,,
7380,28/04/1991,2024-11-29 17:45:14,,,,,,,,,,,,,,,,,,
7387,01/07/1969,2024-12-01 12:52:36,,,,,,,,,,,,,,,,,,
7389,28/02/1998,2024-12-24 12:52:53,,,,,,,,,,,,,,,,,,
7394,15/04/1996,2024-11-29 19:04:01,,,,,,,,,,,,,,,,,,
7395,12/05/1993,2024-11-29 21:23:21,,,,,,,,,,,,,,,,,,
7399,29/12/1976,2024-11-29 19:19:31,,,,,,,,,,,,,,,,,,
7405,25/06/1983,2024-11-29 19:57:47,,,,,,,,,,,,,,,,,,
7415,20/09/1976,2024-11-29 20:46:06,,,,,,,,,,,,,,,,,,
7420,04/11/1992,2024-11-29 21:10:04,,,,,,,,,,,,,,,,,,
7424,29/01/1971,2024-11-29 21:13:52,,,,,,,,,,,,,,,,,,
7431,11/06/1965,2024-11-29 21:49:28,,,,,,,,,,,,,,,,,,
7433,23/04/1987,2024-11-29 21:45:44,,,,,,,,,,,,,,,,,,
7436,20/06/1986,2024-11-29 22:07:50,,,,,,,,,,,,,,,,,,
7441,21/12/1985,2024-11-29 22:24:03,,,,,,,,,,,,,,,,,,
7446,28/06/1982,2024-11-29 22:59:54,,,,,,,,,,,,,,,,,,
7447,21/05/2002,2024-12-17 12:38:46,,,,,,,,,,,,,,,,,,
7448,19/11/1994,2024-11-29 22:34:58,,,,,,,,,,,,,,,,,,
7449,05/01/1991,2024-11-29 22:37:12,,,,,,,,,,,,,,,,,,
7451,16/05/1988,2024-12-16 01:40:39,,,,,,,,,,,,,,,,,,
7452,06/06/1998,2024-11-29 22:41:08,,,,,,,,,,,,,,,,,,
7457,27/08/1997,2024-11-29 22:44:42,,,,,,,,,,,,,,,,,,
7459,12/08/1972,2024-11-29 22:57:52,,,,,,,,,,,,,,,,,,
7460,14/12/1997,2024-11-29 22:50:16,,,,,,,,,,,,,,,,,,
7461,19/03/1983,2024-11-29 23:06:51,,,,,,,,,,,,,,,,,,
7462,01/06/1967,2024-11-29 22:57:19,,,,,,,,,,,,,,,,,,
7464,06/08/1995,2024-12-16 12:11:42,,,,,,,,,,,,,,,,,,
7465,21/09/2000,2024-11-29 23:03:50,,,,,,,,,,,,,,,,,,
7467,10/07/1987,2024-11-29 23:10:43,,,,,,,,,,,,,,,,,,
7469,17/07/1995,2024-11-29 23:16:23,,,,,,,,,,,,,,,,,,
7470,15/03/1995,2024-11-29 23:18:14,,,,,,,,,,,,,,,,,,
7472,18/03/1996,2024-11-29 23:26:44,,,,,,,,,,,,,,,,,,
7474,09/08/1991,2024-11-29 23:23:10,,,,,,,,,,,,,,,,,,
7475,16/06/1996,2024-11-30 10:13:34,,,,,,,,,,,,,,,,,,
7477,05/05/1989,2024-11-29 23:39:22,,,,,,,,,,,,,,,,,,
7478,20/11/1992,2024-11-30 09:12:26,,,,,,,,,,,,,,,,,,
7483,09/03/1982,2024-11-30 00:02:09,,,,,,,,,,,,,,,,,,
7484,02/02/1999,2024-11-29 23:51:06,,,,,,,,,,,,,,,,,,
7488,15/11/1987,2024-11-30 00:23:10,,,,,,,,,,,,,,,,,,
7489,19/07/1990,2024-11-30 00:22:12,,,,,,,,,,,,,,,,,,
7490,04/10/1993,2024-11-30 00:33:48,,,,,,,,,,,,,,,,,,
7493,29/12/1999,2024-11-30 00:39:12,,,,,,,,,,,,,,,,,,
7495,06/02/1998,2024-11-30 00:45:27,,,,,,,,,,,,,,,,,,
7500,04/09/1994,2024-11-30 01:10:00,,,,,,,,,,,,,,,,,,
7506,30/01/1996,2024-11-30 02:50:16,,,,,,,,,,,,,,,,,,
7508,16/04/2004,2024-11-30 03:20:07,,,,,,,,,,,,,,,,,,
7509,25/10/1996,2024-11-30 03:47:58,,,,,,,,,,,,,,,,,,
7514,27/08/1982,2024-11-30 06:05:56,,,,,,,,,,,,,,,,,,
7521,01/03/1972,2024-11-30 06:53:47,,,,,,,,,,,,,,,,,,
7522,18/04/1985,2024-11-30 15:07:14,,,,,,,,,,,,,,,,,,
7525,08/01/1993,2024-11-30 07:18:16,,,,,,,,,,,,,,,,,,
7526,11/07/1990,2024-11-30 07:25:07,,,,,,,,,,,,,,,,,,
7527,28/02/1990,2024-12-03 09:17:42,,,,,,,,,,,,,,,,,,
7528,13/05/1977,2024-11-30 09:08:08,,,,,,,,,,,,,,,,,,
7529,19/02/1979,2024-11-30 07:56:27,,,,,,,,,,,,,,,,,,
7532,25/07/1987,2024-11-30 08:33:04,,,,,,,,,,,,,,,,,,
7534,06/06/1985,2024-11-30 08:50:48,,,,,,,,,,,,,,,,,,
7537,25/11/1989,2024-11-30 08:49:57,,,,,,,,,,,,,,,,,,
7538,16/04/1970,2024-11-30 08:55:06,,,,,,,,,,,,,,,,,,
7539,29/12/1985,2024-11-30 08:54:27,,,,,,,,,,,,,,,,,,
7542,21/12/1977,2024-11-30 09:33:01,,,,,,,,,,,,,,,,,,
7544,25/01/1980,2024-11-30 09:45:48,,,,,,,,,,,,,,,,,,
7545,07/06/1992,2024-11-30 09:43:18,,,,,,,,,,,,,,,,,,
7550,18/02/1987,2024-11-30 10:19:56,,,,,,,,,,,,,,,,,,
7552,27/12/1977,2024-12-23 07:30:16,,,,,,,,,,,,,,,,,,
7554,28/12/1994,2024-11-30 10:27:16,,,,,,,,,,,,,,,,,,
7555,14/03/1987,2024-11-30 10:33:41,,,,,,,,,,,,,,,,,,
7558,16/02/1964,2024-11-30 10:50:21,,,,,,,,,,,,,,,,,,
7559,11/01/1965,2024-11-30 10:48:49,,,,,,,,,,,,,,,,,,
7565,02/09/1978,2024-11-30 11:28:14,,,,,,,,,,,,,,,,,,
7567,21/12/1998,2024-11-30 11:46:14,,,,,,,,,,,,,,,,,,
7568,11/11/1982,2024-11-30 12:06:31,,,,,,,,,,,,,,,,,,
7569,08/01/1972,2024-11-30 12:19:09,,,,,,,,,,,,,,,,,,
7571,16/11/1983,2024-11-30 12:21:36,,,,,,,,,,,,,,,,,,
7572,24/05/1985,2024-11-30 12:17:08,,,,,,,,,,,,,,,,,,
7576,26/10/1996,2024-11-30 12:30:23,,,,,,,,,,,,,,,,,,
7579,10/09/1994,2024-11-30 12:40:58,,,,,,,,,,,,,,,,,,
7581,09/07/1994,2024-11-30 13:01:09,,,,,,,,,,,,,,,,,,
7582,01/08/1983,2024-11-30 12:59:15,,,,,,,,,,,,,,,,,,
7583,27/01/2003,2024-11-30 13:00:01,,,,,,,,,,,,,,,,,,
7586,31/01/1982,2024-11-30 13:29:57,,,,,,,,,,,,,,,,,,
7587,19/03/1973,2024-11-30 13:15:24,,,,,,,,,,,,,,,,,,
7592,27/10/1962,2024-11-30 13:20:51,,,,,,,,,,,,,,,,,,
7593,27/08/1992,2024-11-30 13:19:59,,,,,,,,,,,,,,,,,,
7599,28/10/1996,2024-11-30 13:41:33,,,,,,,,,,,,,,,,,,
7601,29/09/1985,2024-12-05 19:26:26,,,,,,,,,,,,,,,,,,
7603,05/11/1994,2024-11-30 14:03:43,,,,,,,,,,,,,,,,,,
7605,01/02/1974,2024-11-30 14:07:29,,,,,,,,,,,,,,,,,,
7606,16/01/1987,2024-11-30 14:09:19,,,,,,,,,,,,,,,,,,
7609,12/02/1994,2024-11-30 14:20:09,,,,,,,,,,,,,,,,,,
7612,20/08/1995,2024-11-30 14:31:16,,,,,,,,,,,,,,,,,,
7614,20/09/1980,2024-11-30 14:28:44,,,,,,,,,,,,,,,,,,
7617,23/06/1990,2024-11-30 14:48:42,,,,,,,,,,,,,,,,,,
7619,07/01/1978,2024-11-30 14:57:29,,,,,,,,,,,,,,,,,,
7621,03/02/1991,2024-11-30 14:55:27,,,,,,,,,,,,,,,,,,
7622,18/06/1994,2024-11-30 14:56:14,,,,,,,,,,,,,,,,,,
7625,16/09/1986,2024-11-30 14:59:04,,,,,,,,,,,,,,,,,,
7626,12/11/1987,2024-11-30 15:00:28,,,,,,,,,,,,,,,,,,
7627,25/05/1987,2024-11-30 15:01:40,,,,,,,,,,,,,,,,,,
7628,04/06/1982,2024-11-30 15:06:01,,,,,,,,,,,,,,,,,,
7632,06/08/1996,2024-11-30 15:10:26,,,,,,,,,,,,,,,,,,
7634,30/03/1998,2024-11-30 15:12:52,,,,,,,,,,,,,,,,,,
7635,01/07/1974,2024-11-30 15:16:37,,,,,,,,,,,,,,,,,,
7636,09/01/1998,2024-11-30 15:15:04,,,,,,,,,,,,,,,,,,
7637,05/06/1998,2024-12-01 07:52:28,,,,,,,,,,,,,,,,,,
7641,08/08/1990,2024-11-30 15:23:35,,,,,,,,,,,,,,,,,,
7644,13/07/1993,2024-11-30 15:26:59,,,,,,,,,,,,,,,,,,
7645,30/05/1985,2024-11-30 15:31:31,,,,,,,,,,,,,,,,,,
7648,26/06/1993,2024-11-30 15:43:23,,,,,,,,,,,,,,,,,,
7651,03/05/1991,2024-11-30 15:55:25,,,,,,,,,,,,,,,,,,
7652,08/09/1994,2024-11-30 15:42:20,,,,,,,,,,,,,,,,,,
7654,07/02/1995,2024-11-30 15:45:03,,,,,,,,,,,,,,,,,,
7655,21/05/1969,2024-12-03 15:20:02,,,,,,,,,,,,,,,,,,
7661,29/09/1982,2024-11-30 16:05:29,,,,,,,,,,,,,,,,,,
7664,08/12/1982,2024-11-30 16:14:40,,,,,,,,,,,,,,,,,,
7665,17/08/1989,2024-12-01 13:54:31,,,,,,,,,,,,,,,,,,
7666,22/10/1991,2024-11-30 16:17:18,,,,,,,,,,,,,,,,,,
7667,01/12/1997,2024-11-30 16:18:20,,,,,,,,,,,,,,,,,,
7671,11/01/1985,2024-11-30 16:31:20,,,,,,,,,,,,,,,,,,
7672,22/12/1996,2024-11-30 16:30:39,,,,,,,,,,,,,,,,,,
7673,07/11/1990,2024-11-30 16:39:10,,,,,,,,,,,,,,,,,,
7674,27/08/1994,2024-11-30 16:38:30,,,,,,,,,,,,,,,,,,
7676,23/10/1995,2024-11-30 16:42:26,,,,,,,,,,,,,,,,,,
7677,09/12/1995,2024-11-30 16:52:00,,,,,,,,,,,,,,,,,,
7678,29/08/1998,2024-11-30 16:46:52,,,,,,,,,,,,,,,,,,
7684,03/10/1981,2024-11-30 17:15:00,,,,,,,,,,,,,,,,,,
7686,29/06/1978,2024-11-30 17:24:52,,,,,,,,,,,,,,,,,,
7691,29/05/1978,2024-11-30 17:43:32,,,,,,,,,,,,,,,,,,
7694,13/01/1994,2024-11-30 17:57:05,,,,,,,,,,,,,,,,,,
7696,03/06/1998,2024-12-05 14:36:31,,,,,,,,,,,,,,,,,,
7698,14/05/1980,2024-11-30 17:51:11,,,,,,,,,,,,,,,,,,
7699,31/05/1959,2024-11-30 17:57:58,,,,,,,,,,,,,,,,,,
7703,11/03/2000,2024-11-30 18:00:09,,,,,,,,,,,,,,,,,,
7707,24/12/1999,2024-11-30 18:22:24,,,,,,,,,,,,,,,,,,
7709,28/06/1992,2024-11-30 18:24:17,,,,,,,,,,,,,,,,,,
7711,02/06/2005,2024-11-30 18:36:35,,,,,,,,,,,,,,,,,,
7712,16/08/1998,2024-11-30 18:37:29,,,,,,,,,,,,,,,,,,
7715,04/12/1994,2024-11-30 18:42:45,,,,,,,,,,,,,,,,,,
7716,09/09/2002,2024-11-30 18:48:15,,,,,,,,,,,,,,,,,,
7722,27/03/1984,2024-11-30 19:03:40,,,,,,,,,,,,,,,,,,
7724,05/07/1996,2024-11-30 19:09:24,,,,,,,,,,,,,,,,,,
7725,31/10/1998,2024-11-30 19:11:29,,,,,,,,,,,,,,,,,,
7729,10/10/1995,2024-11-30 19:36:59,,,,,,,,,,,,,,,,,,
7731,16/08/1985,2024-11-30 19:26:05,,,,,,,,,,,,,,,,,,
7732,13/10/1980,2024-11-30 19:33:09,,,,,,,,,,,,,,,,,,
7733,29/10/1998,2024-12-14 17:43:37,,,,,,,,,,,,,,,,,,
7735,09/09/2001,2024-11-30 19:43:57,,,,,,,,,,,,,,,,,,
7737,13/04/1986,2024-11-30 19:52:44,,,,,,,,,,,,,,,,,,
7738,17/10/1977,2024-11-30 20:01:00,,,,,,,,,,,,,,,,,,
7746,12/08/1998,2024-11-30 20:10:36,,,,,,,,,,,,,,,,,,
7753,06/11/2001,2024-11-30 20:38:43,,,,,,,,,,,,,,,,,,
7754,28/07/1998,2024-11-30 22:37:35,,,,,,,,,,,,,,,,,,
7757,14/07/1994,2024-11-30 20:41:38,,,,,,,,,,,,,,,,,,
7758,02/10/1988,2024-11-30 20:43:27,,,,,,,,,,,,,,,,,,
7759,28/05/2000,2024-11-30 20:47:55,,,,,,,,,,,,,,,,,,
7760,10/07/1995,2024-11-30 20:48:56,,,,,,,,,,,,,,,,,,
7763,30/11/1989,2024-11-30 20:52:01,,,,,,,,,,,,,,,,,,
7765,28/04/1994,2024-11-30 20:56:41,,,,,,,,,,,,,,,,,,
7766,27/02/2000,2024-11-30 21:02:26,,,,,,,,,,,,,,,,,,
7767,17/12/1987,2024-11-30 21:05:08,,,,,,,,,,,,,,,,,,
7768,04/01/1978,2024-11-30 21:10:51,,,,,,,,,,,,,,,,,,
7769,19/10/1987,2024-11-30 21:08:55,,,,,,,,,,,,,,,,,,
7770,06/03/1986,2024-11-30 21:06:41,,,,,,,,,,,,,,,,,,
7774,05/07/1998,2024-11-30 21:16:53,,,,,,,,,,,,,,,,,,
7777,08/08/2001,2024-11-30 21:20:39,,,,,,,,,,,,,,,,,,
7778,21/12/1991,2024-11-30 22:07:07,,,,,,,,,,,,,,,,,,
7781,09/08/1978,2024-11-30 21:28:16,,,,,,,,,,,,,,,,,,
7784,18/09/1999,2024-11-30 21:34:40,,,,,,,,,,,,,,,,,,
7785,17/12/1994,2024-11-30 21:35:38,,,,,,,,,,,,,,,,,,
7786,04/03/1985,2024-12-01 01:11:15,,,,,,,,,,,,,,,,,,
7788,15/04/1994,2024-11-30 21:41:59,,,,,,,,,,,,,,,,,,
7791,23/06/2000,2024-11-30 22:08:29,,,,,,,,,,,,,,,,,,
7792,10/03/1997,2024-11-30 22:04:42,,,,,,,,,,,,,,,,,,
7802,31/10/1978,2024-11-30 22:48:04,,,,,,,,,,,,,,,,,,
7803,08/10/1992,2024-11-30 22:45:39,,,,,,,,,,,,,,,,,,
7808,03/01/1998,2024-11-30 22:59:24,,,,,,,,,,,,,,,,,,
7809,11/04/1996,2024-12-01 01:37:22,,,,,,,,,,,,,,,,,,
7812,28/12/1993,2024-11-30 23:32:07,,,,,,,,,,,,,,,,,,
7813,08/12/1978,2024-11-30 23:38:35,,,,,,,,,,,,,,,,,,
7818,12/07/1995,2024-11-30 23:57:07,,,,,,,,,,,,,,,,,,
7825,23/11/1998,2024-12-01 00:04:11,,,,,,,,,,,,,,,,,,
7827,17/12/1996,2024-12-25 11:22:44,,,,,,,,,,,,,,,,,,
7829,16/11/1989,2024-12-01 00:22:46,,,,,,,,,,,,,,,,,,
7833,21/06/1983,2024-12-01 00:48:01,,,,,,,,,,,,,,,,,,
7840,23/01/1996,2024-12-01 02:09:55,,,,,,,,,,,,,,,,,,
7841,07/07/2003,2024-12-01 02:10:52,,,,,,,,,,,,,,,,,,
7843,27/08/1991,2024-12-01 03:04:42,,,,,,,,,,,,,,,,,,
7844,08/10/1985,2024-12-01 03:23:25,,,,,,,,,,,,,,,,,,
7845,18/03/1992,2024-12-01 16:00:30,,,,,,,,,,,,,,,,,,
7846,13/04/1978,2024-12-01 04:05:16,,,,,,,,,,,,,,,,,,
7850,02/12/1984,2024-12-01 08:51:39,,,,,,,,,,,,,,,,,,
7851,21/05/1996,2024-12-01 05:28:30,,,,,,,,,,,,,,,,,,
7852,30/07/1975,2024-12-01 05:35:12,,,,,,,,,,,,,,,,,,
7857,22/05/1982,2024-12-01 06:25:25,,,,,,,,,,,,,,,,,,
7858,20/12/1980,2024-12-01 06:29:06,,,,,,,,,,,,,,,,,,
7859,08/05/1992,2024-12-01 06:35:29,,,,,,,,,,,,,,,,,,
7862,31/07/1997,2024-12-01 06:52:27,,,,,,,,,,,,,,,,,,
7867,13/04/1976,2024-12-01 10:17:40,,,,,,,,,,,,,,,,,,
7868,08/10/1992,2024-12-01 07:27:02,,,,,,,,,,,,,,,,,,
7869,17/11/1973,2024-12-01 07:28:38,,,,,,,,,,,,,,,,,,
7873,16/09/1991,2024-12-01 07:40:32,,,,,,,,,,,,,,,,,,
7875,06/05/1990,2024-12-01 07:43:58,,,,,,,,,,,,,,,,,,
7876,31/10/1992,2024-12-01 07:43:27,,,,,,,,,,,,,,,,,,
7877,17/06/1994,2024-12-01 07:50:38,,,,,,,,,,,,,,,,,,
7879,06/09/1992,2024-12-01 07:55:55,,,,,,,,,,,,,,,,,,
7881,12/03/1994,2024-12-01 07:58:50,,,,,,,,,,,,,,,,,,
7882,29/11/1985,2024-12-01 08:17:09,,,,,,,,,,,,,,,,,,
7885,19/07/1984,2024-12-01 08:14:44,,,,,,,,,,,,,,,,,,
7886,21/12/1998,2024-12-01 08:25:12,,,,,,,,,,,,,,,,,,
7888,21/03/1985,2024-12-01 08:37:14,,,,,,,,,,,,,,,,,,
7889,26/02/1994,2024-12-01 08:40:54,,,,,,,,,,,,,,,,,,
7893,13/02/1991,2024-12-01 09:07:39,,,,,,,,,,,,,,,,,,
7896,27/03/1997,2024-12-01 09:25:46,,,,,,,,,,,,,,,,,,
7897,08/08/1972,2024-12-01 09:31:19,,,,,,,,,,,,,,,,,,
7899,06/03/1995,2024-12-30 12:03:59,,,,,,,,,,,,,,,,,,
7901,12/01/1991,2024-12-01 09:53:31,,,,,,,,,,,,,,,,,,
7902,09/09/1985,2024-12-01 09:56:53,,,,,,,,,,,,,,,,,,
7904,02/04/1980,2024-12-01 09:58:05,,,,,,,,,,,,,,,,,,
7905,04/03/1993,2024-12-01 09:54:49,,,,,,,,,,,,,,,,,,
7906,06/09/1996,2024-12-01 10:01:08,,,,,,,,,,,,,,,,,,
7910,24/04/1992,2024-12-01 10:10:53,,,,,,,,,,,,,,,,,,
7911,19/08/1990,2024-12-03 08:12:14,,,,,,,,,,,,,,,,,,
7912,12/02/2003,2024-12-01 10:16:17,,,,,,,,,,,,,,,,,,
7914,04/09/1978,2024-12-11 13:32:51,,,,,,,,,,,,,,,,,,
7915,08/01/1980,2024-12-01 10:21:57,,,,,,,,,,,,,,,,,,
7927,26/07/1991,2024-12-01 11:41:06,,,,,,,,,,,,,,,,,,
7929,22/05/1987,2024-12-01 11:51:39,,,,,,,,,,,,,,,,,,
7933,01/10/1997,2024-12-01 12:08:48,,,,,,,,,,,,,,,,,,
7935,02/06/1996,2024-12-01 12:41:50,,,,,,,,,,,,,,,,,,
7936,20/08/1990,2024-12-01 12:37:48,,,,,,,,,,,,,,,,,,
7937,19/03/1983,2024-12-01 13:36:53,,,,,,,,,,,,,,,,,,
7939,18/11/1981,2024-12-19 19:09:34,,,,,,,,,,,,,,,,,,
7940,18/07/1974,2024-12-01 13:19:14,,,,,,,,,,,,,,,,,,
7942,30/08/1999,2024-12-01 14:14:30,,,,,,,,,,,,,,,,,,
7944,23/10/1982,2024-12-01 12:54:53,,,,,,,,,,,,,,,,,,
7946,14/02/1997,2024-12-01 13:02:34,,,,,,,,,,,,,,,,,,
7947,03/07/1999,2024-12-01 13:11:21,,,,,,,,,,,,,,,,,,
7950,05/12/1996,2024-12-01 13:17:44,,,,,,,,,,,,,,,,,,
7952,30/04/1992,2024-12-01 13:20:24,,,,,,,,,,,,,,,,,,
7955,02/01/1978,2024-12-01 13:28:50,,,,,,,,,,,,,,,,,,
7962,23/11/1988,2024-12-01 14:02:18,,,,,,,,,,,,,,,,,,
7963,19/11/1993,2024-12-01 14:07:47,,,,,,,,,,,,,,,,,,
7971,30/11/1991,2024-12-01 14:26:52,,,,,,,,,,,,,,,,,,
7972,24/02/1985,2024-12-01 14:43:45,,,,,,,,,,,,,,,,,,
7974,14/02/1998,2024-12-01 14:45:56,,,,,,,,,,,,,,,,,,
7977,20/05/1994,2024-12-01 14:56:37,,,,,,,,,,,,,,,,,,
7978,27/07/1983,2024-12-01 14:55:29,,,,,,,,,,,,,,,,,,
7979,11/11/1984,2024-12-01 15:20:38,,,,,,,,,,,,,,,,,,
7982,07/03/1991,2024-12-01 15:07:28,,,,,,,,,,,,,,,,,,
7983,13/10/1994,2024-12-01 15:11:20,,,,,,,,,,,,,,,,,,
7986,11/09/1980,2024-12-01 15:22:11,,,,,,,,,,,,,,,,,,
7988,24/08/1991,2024-12-01 15:23:40,,,,,,,,,,,,,,,,,,
7992,14/09/1988,2024-12-01 15:28:49,,,,,,,,,,,,,,,,,,
7997,12/12/1991,2024-12-01 15:57:55,,,,,,,,,,,,,,,,,,
7999,03/09/1989,2024-12-01 15:53:33,,,,,,,,,,,,,,,,,,
8001,29/01/1982,2024-12-01 16:10:44,,,,,,,,,,,,,,,,,,
8005,26/02/1992,2024-12-01 16:09:14,,,,,,,,,,,,,,,,,,
8011,19/12/1997,2024-12-01 16:27:39,,,,,,,,,,,,,,,,,,
8014,26/10/1978,2024-12-01 16:35:29,,,,,,,,,,,,,,,,,,
8015,19/07/1980,2024-12-02 11:28:40,,,,,,,,,,,,,,,,,,
8021,16/10/1960,2024-12-01 17:13:00,,,,,,,,,,,,,,,,,,
8024,03/07/1994,2024-12-01 17:21:16,,,,,,,,,,,,,,,,,,
8030,20/03/1985,2024-12-01 17:40:14,,,,,,,,,,,,,,,,,,
8033,20/03/1990,2024-12-01 17:46:02,,,,,,,,,,,,,,,,,,
8035,19/05/1995,2024-12-01 17:50:01,,,,,,,,,,,,,,,,,,
8037,30/06/1983,2024-12-01 17:52:54,,,,,,,,,,,,,,,,,,
8042,06/07/1981,2024-12-01 18:34:21,,,,,,,,,,,,,,,,,,
8044,15/03/2002,2024-12-01 18:46:41,,,,,,,,,,,,,,,,,,
8046,23/12/1982,2024-12-01 18:45:15,,,,,,,,,,,,,,,,,,
8049,20/05/1980,2024-12-01 18:51:08,,,,,,,,,,,,,,,,,,
8055,20/11/1985,2024-12-01 19:22:01,,,,,,,,,,,,,,,,,,
8058,18/11/1993,2024-12-01 19:20:31,,,,,,,,,,,,,,,,,,
8061,27/03/1975,2024-12-01 19:31:41,,,,,,,,,,,,,,,,,,
8064,13/11/1997,2024-12-01 19:36:10,,,,,,,,,,,,,,,,,,
8065,18/03/1967,2024-12-01 19:40:48,,,,,,,,,,,,,,,,,,
8073,28/08/2000,2024-12-02 09:13:19,,,,,,,,,,,,,,,,,,
8077,22/10/1975,2024-12-01 20:32:35,,,,,,,,,,,,,,,,,,
8078,10/07/1982,2024-12-01 20:31:40,,,,,,,,,,,,,,,,,,
8080,10/01/1989,2024-12-01 20:49:58,,,,,,,,,,,,,,,,,,
8081,13/03/1996,2024-12-01 20:47:56,,,,,,,,,,,,,,,,,,
8083,20/03/1995,2024-12-01 20:53:46,,,,,,,,,,,,,,,,,,
8084,21/10/1990,2024-12-01 20:51:10,,,,,,,,,,,,,,,,,,
8087,21/08/1993,2024-12-01 20:55:46,,,,,,,,,,,,,,,,,,
8088,11/02/1989,2024-12-01 21:04:23,,,,,,,,,,,,,,,,,,
8089,16/07/2002,2024-12-01 21:09:16,,,,,,,,,,,,,,,,,,
8090,10/06/1996,2024-12-01 21:13:31,,,,,,,,,,,,,,,,,,
8091,25/01/1988,2024-12-01 21:12:27,,,,,,,,,,,,,,,,,,
8092,05/07/1972,2024-12-01 21:16:38,,,,,,,,,,,,,,,,,,
8093,21/11/1997,2024-12-01 21:21:03,,,,,,,,,,,,,,,,,,
8094,17/09/1997,2024-12-01 21:22:29,,,,,,,,,,,,,,,,,,
8095,17/08/1984,2024-12-01 21:19:18,,,,,,,,,,,,,,,,,,
8096,17/08/1984,2024-12-01 21:25:28,,,,,,,,,,,,,,,,,,
8097,02/03/1993,2024-12-01 21:27:42,,,,,,,,,,,,,,,,,,
8098,16/12/1988,2024-12-01 21:32:27,,,,,,,,,,,,,,,,,,
8099,01/06/1983,2024-12-01 21:39:20,,,,,,,,,,,,,,,,,,
8100,22/03/1987,2024-12-01 21:41:27,,,,,,,,,,,,,,,,,,
8101,12/10/1993,2024-12-01 21:43:10,,,,,,,,,,,,,,,,,,
8102,29/04/1992,2024-12-01 22:17:28,,,,,,,,,,,,,,,,,,
8103,30/03/1980,2024-12-01 22:15:26,,,,,,,,,,,,,,,,,,
8105,23/05/1989,2024-12-01 22:22:23,,,,,,,,,,,,,,,,,,
8106,04/01/2024,2024-12-01 22:28:37,,,,,,,,,,,,,,,,,,
8110,22/03/1992,2024-12-02 04:37:14,,,,,,,,,,,,,,,,,,
8111,01/11/1991,2024-12-01 22:45:07,,,,,,,,,,,,,,,,,,
8116,23/01/1996,2024-12-01 23:12:00,,,,,,,,,,,,,,,,,,
8118,25/09/1991,2024-12-02 12:32:36,,,,,,,,,,,,,,,,,,
8119,24/07/1998,2024-12-01 23:10:50,,,,,,,,,,,,,,,,,,
8120,12/09/1964,2024-12-01 23:14:45,,,,,,,,,,,,,,,,,,
8124,13/03/1981,2024-12-01 23:34:37,,,,,,,,,,,,,,,,,,
8128,04/09/1993,2024-12-01 23:39:13,,,,,,,,,,,,,,,,,,
8129,15/10/1989,2024-12-01 23:54:54,,,,,,,,,,,,,,,,,,
8131,17/07/1988,2024-12-01 23:58:51,,,,,,,,,,,,,,,,,,
8133,13/02/1977,2024-12-02 00:09:22,,,,,,,,,,,,,,,,,,
8135,13/08/1992,2024-12-02 00:16:49,,,,,,,,,,,,,,,,,,
8139,11/04/1981,2024-12-02 00:50:58,,,,,,,,,,,,,,,,,,
8141,29/04/1986,2024-12-02 01:10:47,,,,,,,,,,,,,,,,,,
8142,03/11/1988,2024-12-02 14:55:06,,,,,,,,,,,,,,,,,,
8143,14/12/1986,2024-12-02 01:31:55,,,,,,,,,,,,,,,,,,
8144,20/03/1983,2024-12-02 01:33:57,,,,,,,,,,,,,,,,,,
8152,01/12/2001,2024-12-02 02:22:29,,,,,,,,,,,,,,,,,,
8154,14/04/1986,2024-12-02 03:19:43,,,,,,,,,,,,,,,,,,
8162,30/07/1979,2024-12-02 05:38:37,,,,,,,,,,,,,,,,,,
8163,23/02/1987,2024-12-02 06:01:55,,,,,,,,,,,,,,,,,,
8164,16/02/1996,2024-12-02 06:04:05,,,,,,,,,,,,,,,,,,
8165,02/05/1997,2024-12-02 05:59:48,,,,,,,,,,,,,,,,,,
8168,24/04/1991,2024-12-05 18:29:07,,,,,,,,,,,,,,,,,,
8169,31/12/1993,2024-12-02 06:39:12,,,,,,,,,,,,,,,,,,
8177,09/05/1982,2024-12-02 07:28:34,,,,,,,,,,,,,,,,,,
8181,20/03/1980,2024-12-02 07:46:20,,,,,,,,,,,,,,,,,,
8183,23/08/2002,2024-12-02 07:50:38,,,,,,,,,,,,,,,,,,
8184,29/10/1966,2024-12-02 08:01:13,,,,,,,,,,,,,,,,,,
8185,25/01/1973,2024-12-02 08:07:55,,,,,,,,,,,,,,,,,,
8188,15/07/2000,2024-12-02 08:02:16,,,,,,,,,,,,,,,,,,
8190,05/09/1969,2024-12-02 08:11:45,,,,,,,,,,,,,,,,,,
8194,12/10/1976,2024-12-02 08:29:50,,,,,,,,,,,,,,,,,,
8195,14/06/1991,2024-12-02 08:44:40,,,,,,,,,,,,,,,,,,
8196,07/12/1990,2024-12-02 08:49:37,,,,,,,,,,,,,,,,,,
8199,06/07/1995,2024-12-02 09:15:53,,,,,,,,,,,,,,,,,,
8202,23/11/1994,2024-12-02 09:54:01,,,,,,,,,,,,,,,,,,
8203,11/02/1995,2024-12-02 09:59:35,,,,,,,,,,,,,,,,,,
8204,28/05/1996,2024-12-02 10:03:21,,,,,,,,,,,,,,,,,,
8206,13/08/1998,2024-12-02 10:17:21,,,,,,,,,,,,,,,,,,
8207,15/03/1998,2024-12-02 10:44:56,,,,,,,,,,,,,,,,,,
8208,03/12/1968,2024-12-02 10:50:29,,,,,,,,,,,,,,,,,,
8213,24/10/1997,2024-12-02 11:06:20,,,,,,,,,,,,,,,,,,
8215,25/05/1978,2024-12-02 11:30:47,,,,,,,,,,,,,,,,,,
8218,12/11/1992,2024-12-02 11:42:23,,,,,,,,,,,,,,,,,,
8219,06/07/1993,2024-12-02 11:54:16,,,,,,,,,,,,,,,,,,
8225,05/12/2005,2024-12-02 12:06:01,,,,,,,,,,,,,,,,,,
8226,19/03/1988,2024-12-02 12:18:41,,,,,,,,,,,,,,,,,,
8230,02/02/1998,2024-12-02 12:21:31,,,,,,,,,,,,,,,,,,
8234,07/11/1973,2024-12-02 12:28:30,,,,,,,,,,,,,,,,,,
8241,26/04/1995,2024-12-02 12:44:14,,,,,,,,,,,,,,,,,,
8242,20/11/2001,2024-12-02 12:39:19,,,,,,,,,,,,,,,,,,
8244,18/08/1993,2024-12-02 12:47:57,,,,,,,,,,,,,,,,,,
8246,04/07/1988,2024-12-02 12:51:26,,,,,,,,,,,,,,,,,,
8248,24/12/1990,2024-12-02 17:57:16,,,,,,,,,,,,,,,,,,
8250,24/03/1982,2024-12-02 13:16:41,,,,,,,,,,,,,,,,,,
8251,16/01/1998,2024-12-02 13:20:49,,,,,,,,,,,,,,,,,,
8252,19/04/1971,2024-12-02 13:25:08,,,,,,,,,,,,,,,,,,
8253,27/01/1979,2024-12-02 13:30:59,,,,,,,,,,,,,,,,,,
8257,12/06/1989,2024-12-02 13:37:33,,,,,,,,,,,,,,,,,,
8259,17/03/1987,2024-12-02 13:41:20,,,,,,,,,,,,,,,,,,
8262,19/07/1973,2024-12-02 13:52:10,,,,,,,,,,,,,,,,,,
8263,05/02/1975,2024-12-02 14:29:48,,,,,,,,,,,,,,,,,,
8264,13/11/1985,2024-12-02 13:58:39,,,,,,,,,,,,,,,,,,
8265,17/10/1997,2024-12-02 14:00:57,,,,,,,,,,,,,,,,,,
8267,28/08/1992,2024-12-02 14:04:02,,,,,,,,,,,,,,,,,,
8269,25/07/1991,2024-12-02 14:11:18,,,,,,,,,,,,,,,,,,
8275,26/02/1997,2024-12-02 14:34:19,,,,,,,,,,,,,,,,,,
8277,16/07/1993,2024-12-02 14:41:12,,,,,,,,,,,,,,,,,,
8279,04/12/1971,2024-12-02 14:43:37,,,,,,,,,,,,,,,,,,
8281,16/06/1992,2024-12-12 00:49:12,,,,,,,,,,,,,,,,,,
8282,24/08/1981,2024-12-02 14:51:34,,,,,,,,,,,,,,,,,,
8290,09/02/1985,2024-12-02 15:10:42,,,,,,,,,,,,,,,,,,
8297,25/10/1982,2024-12-02 15:40:10,,,,,,,,,,,,,,,,,,
8302,24/03/1979,2024-12-02 16:27:31,,,,,,,,,,,,,,,,,,
8303,04/12/1970,2024-12-02 16:24:30,,,,,,,,,,,,,,,,,,
8310,30/12/1991,2024-12-02 16:04:22,,,,,,,,,,,,,,,,,,
8311,15/07/1992,2024-12-02 16:09:36,,,,,,,,,,,,,,,,,,
8313,02/11/1976,2024-12-02 16:48:46,,,,,,,,,,,,,,,,,,
8316,07/07/1980,2024-12-02 17:31:45,,,,,,,,,,,,,,,,,,
8318,01/08/2002,2024-12-02 17:19:44,,,,,,,,,,,,,,,,,,
8321,14/06/1991,2024-12-02 17:41:36,,,,,,,,,,,,,,,,,,
8323,24/03/2003,2024-12-02 17:40:37,,,,,,,,,,,,,,,,,,
8329,19/11/1991,2024-12-02 18:18:51,,,,,,,,,,,,,,,,,,
8330,01/08/1986,2024-12-02 18:16:38,,,,,,,,,,,,,,,,,,
8331,24/04/1982,2024-12-02 19:01:29,,,,,,,,,,,,,,,,,,
8332,08/07/1991,2024-12-02 18:21:14,,,,,,,,,,,,,,,,,,
8335,13/08/1994,2024-12-03 13:59:59,,,,,,,,,,,,,,,,,,
8339,07/03/1995,2024-12-17 23:36:24,,,,,,,,,,,,,,,,,,
8340,24/07/1988,2024-12-02 18:48:37,,,,,,,,,,,,,,,,,,
8341,22/04/1974,2024-12-02 18:57:35,,,,,,,,,,,,,,,,,,
8344,02/12/1998,2024-12-02 19:12:41,,,,,,,,,,,,,,,,,,
8346,03/02/1968,2024-12-03 11:21:35,,,,,,,,,,,,,,,,,,
8348,20/08/1989,2024-12-02 19:45:45,,,,,,,,,,,,,,,,,,
8349,24/10/1995,2024-12-02 19:26:29,,,,,,,,,,,,,,,,,,
8351,24/03/1985,2024-12-02 19:30:40,,,,,,,,,,,,,,,,,,
8355,27/11/1998,2024-12-02 19:37:16,,,,,,,,,,,,,,,,,,
8359,28/11/1961,2024-12-03 16:51:00,,,,,,,,,,,,,,,,,,
8362,17/02/1957,2024-12-02 20:00:22,,,,,,,,,,,,,,,,,,
8365,29/06/1991,2024-12-02 20:18:38,,,,,,,,,,,,,,,,,,
8366,27/01/1998,2024-12-02 20:20:42,,,,,,,,,,,,,,,,,,
8368,16/05/1988,2024-12-02 20:24:10,,,,,,,,,,,,,,,,,,
8369,10/12/1988,2024-12-02 20:28:24,,,,,,,,,,,,,,,,,,
8370,24/02/1995,2024-12-02 20:31:06,,,,,,,,,,,,,,,,,,
8372,09/10/1984,2024-12-02 20:38:11,,,,,,,,,,,,,,,,,,
8374,04/05/1985,2024-12-02 20:40:17,,,,,,,,,,,,,,,,,,
8381,10/05/1995,2024-12-03 12:43:49,,,,,,,,,,,,,,,,,,
8384,13/05/1977,2024-12-02 21:27:15,,,,,,,,,,,,,,,,,,
8386,10/07/1994,2024-12-02 21:36:57,,,,,,,,,,,,,,,,,,
8388,22/06/1995,2024-12-02 21:45:30,,,,,,,,,,,,,,,,,,
8391,10/08/1997,2024-12-02 21:55:31,,,,,,,,,,,,,,,,,,
8395,19/04/1998,2024-12-02 22:02:19,,,,,,,,,,,,,,,,,,
8396,14/01/1995,2024-12-02 22:06:25,,,,,,,,,,,,,,,,,,
8397,14/03/1971,2024-12-27 15:25:48,,,,,,,,,,,,,,,,,,
8401,16/11/1990,2024-12-02 22:18:25,,,,,,,,,,,,,,,,,,
8403,01/09/1986,2024-12-02 22:32:31,,,,,,,,,,,,,,,,,,
8405,28/02/1995,2024-12-02 22:35:11,,,,,,,,,,,,,,,,,,
8406,04/04/1999,2024-12-02 22:42:53,,,,,,,,,,,,,,,,,,
8410,08/10/2001,2024-12-02 23:04:53,,,,,,,,,,,,,,,,,,
8411,11/04/1992,2024-12-02 23:09:01,,,,,,,,,,,,,,,,,,
8415,14/07/1995,2024-12-02 23:36:15,,,,,,,,,,,,,,,,,,
8417,17/05/1992,2024-12-02 23:39:37,,,,,,,,,,,,,,,,,,
8419,17/11/1989,2024-12-03 00:08:21,,,,,,,,,,,,,,,,,,
8424,02/06/1981,2024-12-03 00:21:47,,,,,,,,,,,,,,,,,,
8427,19/08/1991,2024-12-03 00:29:41,,,,,,,,,,,,,,,,,,
8432,20/08/1996,2024-12-03 01:09:55,,,,,,,,,,,,,,,,,,
8435,07/06/1990,2024-12-03 01:12:02,,,,,,,,,,,,,,,,,,
8438,19/09/1989,2024-12-03 01:48:45,,,,,,,,,,,,,,,,,,
8439,23/08/1995,2024-12-03 01:38:39,,,,,,,,,,,,,,,,,,
8440,24/05/1999,2024-12-03 01:41:06,,,,,,,,,,,,,,,,,,
8442,03/06/1992,2024-12-03 02:50:37,,,,,,,,,,,,,,,,,,
8443,14/03/1970,2024-12-03 03:11:55,,,,,,,,,,,,,,,,,,
8448,19/12/1976,2024-12-03 05:10:51,,,,,,,,,,,,,,,,,,
8453,03/05/1964,2024-12-03 06:03:58,,,,,,,,,,,,,,,,,,
8456,27/08/1982,2024-12-03 06:34:01,,,,,,,,,,,,,,,,,,
8457,22/08/1972,2024-12-03 09:04:50,,,,,,,,,,,,,,,,,,
8460,05/12/1982,2024-12-03 07:11:50,,,,,,,,,,,,,,,,,,
8461,23/09/1993,2024-12-03 07:19:00,,,,,,,,,,,,,,,,,,
8462,18/12/1983,2024-12-03 07:26:06,,,,,,,,,,,,,,,,,,
8463,28/12/1990,2024-12-03 07:30:23,,,,,,,,,,,,,,,,,,
8465,12/03/1991,2024-12-03 07:52:39,,,,,,,,,,,,,,,,,,
8470,09/08/1953,2024-12-03 11:39:57,,,,,,,,,,,,,,,,,,
8473,23/02/1976,2024-12-03 10:19:15,,,,,,,,,,,,,,,,,,
8480,28/07/1984,2024-12-03 10:00:48,,,,,,,,,,,,,,,,,,
8481,23/06/2000,2024-12-03 09:59:57,,,,,,,,,,,,,,,,,,
8486,26/10/1993,2024-12-03 12:16:54,,,,,,,,,,,,,,,,,,
8490,06/09/2004,2024-12-03 11:32:13,,,,,,,,,,,,,,,,,,
8491,20/05/1995,2024-12-03 11:25:11,,,,,,,,,,,,,,,,,,
8494,23/06/1977,2024-12-03 11:51:26,,,,,,,,,,,,,,,,,,
8495,24/05/1992,2024-12-03 11:45:57,,,,,,,,,,,,,,,,,,
8496,27/04/2000,2024-12-03 12:32:47,,,,,,,,,,,,,,,,,,
8499,31/08/1986,2024-12-03 13:42:44,,,,,,,,,,,,,,,,,,
8500,27/10/1980,2024-12-03 12:28:16,,,,,,,,,,,,,,,,,,
8501,29/05/1994,2024-12-03 12:48:44,,,,,,,,,,,,,,,,,,
8504,02/06/1992,2024-12-03 12:36:18,,,,,,,,,,,,,,,,,,
8505,04/05/1960,2024-12-03 12:40:42,,,,,,,,,,,,,,,,,,
8509,28/02/1991,2024-12-03 13:10:08,,,,,,,,,,,,,,,,,,
8510,04/04/1990,2024-12-03 13:16:27,,,,,,,,,,,,,,,,,,
8513,25/11/1981,2024-12-03 13:24:35,,,,,,,,,,,,,,,,,,
8515,22/01/1986,2024-12-03 13:29:03,,,,,,,,,,,,,,,,,,
8520,20/09/1973,2024-12-03 13:52:24,,,,,,,,,,,,,,,,,,
8525,04/07/2000,2024-12-03 14:04:12,,,,,,,,,,,,,,,,,,
8533,27/10/1997,2024-12-03 14:34:36,,,,,,,,,,,,,,,,,,
8537,12/12/1998,2024-12-03 14:57:14,,,,,,,,,,,,,,,,,,
8538,15/07/1979,2024-12-03 14:59:27,,,,,,,,,,,,,,,,,,
8540,25/06/1970,2024-12-03 15:21:46,,,,,,,,,,,,,,,,,,
8541,05/03/1994,2024-12-19 18:40:11,,,,,,,,,,,,,,,,,,
8547,29/09/1978,2024-12-03 16:16:00,,,,,,,,,,,,,,,,,,
8550,27/02/1989,2024-12-03 15:55:51,,,,,,,,,,,,,,,,,,
8554,19/07/1996,2024-12-03 16:03:25,,,,,,,,,,,,,,,,,,
8556,25/04/1975,2024-12-03 16:06:55,,,,,,,,,,,,,,,,,,
8560,25/12/1964,2024-12-03 16:20:54,,,,,,,,,,,,,,,,,,
8563,05/04/1993,2024-12-03 16:33:18,,,,,,,,,,,,,,,,,,
8564,21/04/1977,2024-12-03 16:54:13,,,,,,,,,,,,,,,,,,
8566,26/04/2003,2024-12-03 16:55:49,,,,,,,,,,,,,,,,,,
8568,28/03/1977,2024-12-03 17:13:01,,,,,,,,,,,,,,,,,,
8571,09/07/1996,2024-12-03 17:26:25,,,,,,,,,,,,,,,,,,
8574,10/12/1974,2024-12-03 18:38:41,,,,,,,,,,,,,,,,,,
8575,22/05/1994,2024-12-03 17:32:40,,,,,,,,,,,,,,,,,,
8578,30/12/2001,2024-12-03 17:46:58,,,,,,,,,,,,,,,,,,
8582,12/10/1976,2024-12-05 07:18:10,,,,,,,,,,,,,,,,,,
8585,18/03/2003,2024-12-03 18:18:12,,,,,,,,,,,,,,,,,,
8588,27/04/1980,2024-12-03 18:55:20,,,,,,,,,,,,,,,,,,
8589,23/06/1982,2024-12-03 18:46:00,,,,,,,,,,,,,,,,,,
8593,13/09/1989,2024-12-03 18:49:34,,,,,,,,,,,,,,,,,,
8597,01/10/1992,2024-12-23 09:05:43,,,,,,,,,,,,,,,,,,
8605,16/09/1961,2024-12-03 19:19:56,,,,,,,,,,,,,,,,,,
8609,01/10/1992,2024-12-03 19:29:27,,,,,,,,,,,,,,,,,,
8610,10/08/2003,2024-12-03 19:30:34,,,,,,,,,,,,,,,,,,
8613,19/04/1984,2024-12-03 20:01:28,,,,,,,,,,,,,,,,,,
8619,11/12/1993,2024-12-03 20:24:51,,,,,,,,,,,,,,,,,,
8620,19/02/1985,2024-12-03 20:26:07,,,,,,,,,,,,,,,,,,
8621,19/01/1988,2024-12-03 20:29:10,,,,,,,,,,,,,,,,,,
8623,16/08/1982,2024-12-19 22:12:15,,,,,,,,,,,,,,,,,,
8624,19/12/1985,2024-12-03 20:40:20,,,,,,,,,,,,,,,,,,
8626,17/06/1990,2024-12-03 21:54:17,,,,,,,,,,,,,,,,,,
8629,19/11/1994,2024-12-03 21:22:34,,,,,,,,,,,,,,,,,,
8630,09/04/2024,2024-12-03 21:32:18,,,,,,,,,,,,,,,,,,
8633,25/06/1992,2024-12-22 20:43:15,,,,,,,,,,,,,,,,,,
8635,13/01/1994,2024-12-03 21:58:06,,,,,,,,,,,,,,,,,,
8639,21/09/1977,2024-12-03 22:09:15,,,,,,,,,,,,,,,,,,
8644,26/05/1992,2024-12-03 22:48:19,,,,,,,,,,,,,,,,,,
8645,16/04/1982,2024-12-03 22:59:01,,,,,,,,,,,,,,,,,,
8652,15/04/1984,2024-12-03 22:59:59,,,,,,,,,,,,,,,,,,
8653,02/03/1981,2024-12-13 10:13:14,,,,,,,,,,,,,,,,,,
8661,04/06/1995,2024-12-03 23:26:55,,,,,,,,,,,,,,,,,,
8665,07/08/1985,2024-12-04 11:47:54,,,,,,,,,,,,,,,,,,
8670,26/09/1995,2024-12-04 00:06:09,,,,,,,,,,,,,,,,,,
8671,20/06/1998,2024-12-04 00:04:06,,,,,,,,,,,,,,,,,,
8679,06/01/1996,2024-12-04 01:08:34,,,,,,,,,,,,,,,,,,
8680,01/11/2000,2024-12-04 01:37:53,,,,,,,,,,,,,,,,,,
8683,09/01/1994,2024-12-04 02:32:47,,,,,,,,,,,,,,,,,,
8684,27/07/1980,2024-12-04 04:08:13,,,,,,,,,,,,,,,,,,
8690,11/10/1992,2024-12-04 05:37:53,,,,,,,,,,,,,,,,,,
8693,05/04/1983,2024-12-04 07:00:07,,,,,,,,,,,,,,,,,,
8696,04/12/1997,2024-12-04 07:28:48,,,,,,,,,,,,,,,,,,
8699,23/12/1997,2024-12-04 12:02:04,,,,,,,,,,,,,,,,,,
8701,30/09/1997,2024-12-04 08:52:26,,,,,,,,,,,,,,,,,,
8706,16/07/1997,2024-12-04 10:37:51,,,,,,,,,,,,,,,,,,
8707,23/07/1998,2024-12-04 08:49:55,,,,,,,,,,,,,,,,,,
8709,07/03/1980,2024-12-04 09:10:14,,,,,,,,,,,,,,,,,,
8712,06/06/1987,2024-12-04 09:21:04,,,,,,,,,,,,,,,,,,
8713,04/09/1974,2024-12-04 09:36:14,,,,,,,,,,,,,,,,,,
8714,28/07/1970,2024-12-04 09:59:15,,,,,,,,,,,,,,,,,,
8716,13/09/1960,2024-12-04 10:14:22,,,,,,,,,,,,,,,,,,
8721,24/06/1989,2024-12-04 11:18:04,,,,,,,,,,,,,,,,,,
8723,13/05/1949,2024-12-04 11:25:10,,,,,,,,,,,,,,,,,,
8724,17/10/1983,2024-12-04 11:30:25,,,,,,,,,,,,,,,,,,
8725,02/08/1991,2024-12-04 11:28:20,,,,,,,,,,,,,,,,,,
8726,09/04/1995,2024-12-04 11:32:30,,,,,,,,,,,,,,,,,,
8728,05/08/2002,2024-12-04 11:43:14,,,,,,,,,,,,,,,,,,
8733,07/11/1967,2024-12-04 12:07:40,,,,,,,,,,,,,,,,,,
8739,24/05/2005,2024-12-04 16:50:52,,,,,,,,,,,,,,,,,,
8746,22/02/1988,2024-12-04 13:47:26,,,,,,,,,,,,,,,,,,
8753,08/03/1989,2024-12-04 13:54:02,,,,,,,,,,,,,,,,,,
8758,25/03/1982,2024-12-04 14:25:18,,,,,,,,,,,,,,,,,,
8761,26/03/1989,2024-12-04 14:34:50,,,,,,,,,,,,,,,,,,
8764,30/01/1990,2024-12-04 14:59:27,,,,,,,,,,,,,,,,,,
8765,10/06/1988,2024-12-04 14:45:22,,,,,,,,,,,,,,,,,,
8766,29/11/1998,2024-12-05 15:08:07,,,,,,,,,,,,,,,,,,
8767,07/08/1985,2024-12-04 14:49:20,,,,,,,,,,,,,,,,,,
8768,02/04/1998,2024-12-04 14:52:42,,,,,,,,,,,,,,,,,,
8769,26/11/1995,2024-12-04 15:01:02,,,,,,,,,,,,,,,,,,
8773,04/04/1991,2024-12-04 15:11:08,,,,,,,,,,,,,,,,,,
8780,05/08/1997,2024-12-04 15:45:52,,,,,,,,,,,,,,,,,,
8781,25/01/1986,2024-12-04 15:47:09,,,,,,,,,,,,,,,,,,
8784,30/04/1997,2024-12-04 15:55:47,,,,,,,,,,,,,,,,,,
8785,28/08/1984,2024-12-05 18:50:53,,,,,,,,,,,,,,,,,,
8787,21/11/1993,2024-12-04 16:11:37,,,,,,,,,,,,,,,,,,
8788,02/06/1992,2024-12-04 16:08:24,,,,,,,,,,,,,,,,,,
8789,03/10/1981,2024-12-08 14:48:04,,,,,,,,,,,,,,,,,,
8791,07/11/1980,2024-12-04 16:14:22,,,,,,,,,,,,,,,,,,
8795,06/09/1971,2024-12-04 16:51:20,,,,,,,,,,,,,,,,,,
8797,30/10/1985,2024-12-04 17:03:34,,,,,,,,,,,,,,,,,,
8798,03/05/1986,2024-12-04 17:07:11,,,,,,,,,,,,,,,,,,
8800,16/03/1982,2024-12-04 17:10:09,,,,,,,,,,,,,,,,,,
8803,31/07/2000,2024-12-04 17:22:18,,,,,,,,,,,,,,,,,,
8812,17/10/1991,2024-12-04 17:51:06,,,,,,,,,,,,,,,,,,
8813,18/07/1976,2024-12-04 17:55:36,,,,,,,,,,,,,,,,,,
8818,15/07/1978,2024-12-04 18:23:49,,,,,,,,,,,,,,,,,,
8822,09/02/1977,2024-12-04 18:35:01,,,,,,,,,,,,,,,,,,
8825,23/01/1968,2024-12-04 18:40:07,,,,,,,,,,,,,,,,,,
8832,14/10/1976,2024-12-04 18:53:51,,,,,,,,,,,,,,,,,,
8838,18/05/1967,2024-12-04 19:00:55,,,,,,,,,,,,,,,,,,
8843,09/02/1984,2024-12-04 19:03:43,,,,,,,,,,,,,,,,,,
8846,15/01/1978,2024-12-04 19:11:41,,,,,,,,,,,,,,,,,,
8852,27/05/1994,2024-12-04 19:19:46,,,,,,,,,,,,,,,,,,
8853,12/11/1977,2024-12-04 19:46:36,,,,,,,,,,,,,,,,,,
8854,09/11/1970,2024-12-04 19:20:56,,,,,,,,,,,,,,,,,,
8856,12/09/1996,2024-12-04 19:39:09,,,,,,,,,,,,,,,,,,
8860,24/06/1982,2024-12-04 19:35:43,,,,,,,,,,,,,,,,,,
8862,15/07/1991,2024-12-04 19:37:19,,,,,,,,,,,,,,,,,,
8870,11/07/1969,2024-12-05 12:36:10,,,,,,,,,,,,,,,,,,
8871,14/09/1981,2024-12-04 19:51:58,,,,,,,,,,,,,,,,,,
8872,03/08/1987,2024-12-04 19:50:38,,,,,,,,,,,,,,,,,,
8877,20/11/1989,2024-12-04 19:57:04,,,,,,,,,,,,,,,,,,
8880,17/06/1977,2024-12-04 20:05:51,,,,,,,,,,,,,,,,,,
8882,12/09/1996,2024-12-04 20:19:00,,,,,,,,,,,,,,,,,,
8889,10/12/1988,2024-12-04 20:15:32,,,,,,,,,,,,,,,,,,
8897,22/07/1970,2024-12-04 21:05:58,,,,,,,,,,,,,,,,,,
8906,19/12/1975,2024-12-04 20:49:17,,,,,,,,,,,,,,,,,,
8907,07/04/1985,2024-12-04 20:45:42,,,,,,,,,,,,,,,,,,
8909,11/02/1996,2024-12-04 20:53:47,,,,,,,,,,,,,,,,,,
8910,14/05/1980,2024-12-04 20:48:23,,,,,,,,,,,,,,,,,,
8912,10/07/1993,2024-12-04 20:50:47,,,,,,,,,,,,,,,,,,
8913,17/08/1997,2024-12-05 16:05:41,,,,,,,,,,,,,,,,,,
8914,15/07/1990,2024-12-04 20:59:27,,,,,,,,,,,,,,,,,,
8915,25/10/1983,2024-12-04 20:51:49,,,,,,,,,,,,,,,,,,
8920,08/10/1981,2024-12-04 21:07:45,,,,,,,,,,,,,,,,,,
8924,04/11/1987,2024-12-04 21:16:42,,,,,,,,,,,,,,,,,,
8925,10/01/2001,2024-12-04 21:11:35,,,,,,,,,,,,,,,,,,
8926,24/01/1987,2024-12-04 21:21:51,,,,,,,,,,,,,,,,,,
8928,25/03/1976,2024-12-04 21:24:16,,,,,,,,,,,,,,,,,,
8939,24/04/1991,2024-12-06 12:04:57,,,,,,,,,,,,,,,,,,
8946,05/09/1971,2024-12-04 21:52:21,,,,,,,,,,,,,,,,,,
8948,23/10/1997,2024-12-04 22:01:44,,,,,,,,,,,,,,,,,,
8954,29/03/1968,2024-12-04 22:15:08,,,,,,,,,,,,,,,,,,
8957,09/08/1981,2024-12-04 22:17:01,,,,,,,,,,,,,,,,,,
8962,08/02/1978,2025-01-01 10:33:07,,,,,,,,,,,,,,,,,,
8963,31/01/1976,2024-12-04 22:26:22,,,,,,,,,,,,,,,,,,
8967,13/09/1991,2024-12-04 22:27:41,,,,,,,,,,,,,,,,,,
8968,14/06/1951,2024-12-04 22:37:38,,,,,,,,,,,,,,,,,,
8975,01/07/1994,2024-12-05 05:45:05,,,,,,,,,,,,,,,,,,
8976,08/05/1988,2024-12-04 22:35:17,,,,,,,,,,,,,,,,,,
8978,08/09/1997,2024-12-04 22:48:58,,,,,,,,,,,,,,,,,,
8980,27/04/1987,2024-12-04 22:45:27,,,,,,,,,,,,,,,,,,
8983,04/11/1976,2024-12-31 22:26:42,,,,,,,,,,,,,,,,,,
8984,23/02/1982,2024-12-04 22:51:43,,,,,,,,,,,,,,,,,,
8985,29/03/1994,2024-12-04 23:34:03,,,,,,,,,,,,,,,,,,
8987,04/11/1976,2024-12-04 22:54:39,,,,,,,,,,,,,,,,,,
8993,13/09/1989,2024-12-05 14:48:05,,,,,,,,,,,,,,,,,,
8994,10/09/1992,2024-12-30 03:23:40,,,,,,,,,,,,,,,,,,
8995,21/08/1995,2024-12-04 23:07:45,,,,,,,,,,,,,,,,,,
8999,22/09/1995,2024-12-04 23:09:40,,,,,,,,,,,,,,,,,,
9000,07/12/1996,2024-12-04 23:41:07,,,,,,,,,,,,,,,,,,
9004,29/11/1984,2024-12-04 23:15:37,,,,,,,,,,,,,,,,,,
9005,11/09/1995,2024-12-04 23:18:43,,,,,,,,,,,,,,,,,,
9011,22/03/1993,2024-12-04 23:28:41,,,,,,,,,,,,,,,,,,
9012,22/09/1978,2024-12-04 23:29:55,,,,,,,,,,,,,,,,,,
9013,07/07/1977,2024-12-04 23:31:26,,,,,,,,,,,,,,,,,,
9017,06/11/1976,2024-12-04 23:38:32,,,,,,,,,,,,,,,,,,
9018,27/12/1998,2024-12-04 23:35:45,,,,,,,,,,,,,,,,,,
9026,20/05/1996,2024-12-05 00:02:34,,,,,,,,,,,,,,,,,,
9028,01/04/1990,2024-12-05 00:04:00,,,,,,,,,,,,,,,,,,
9033,24/11/1988,2024-12-05 00:14:59,,,,,,,,,,,,,,,,,,
9034,31/05/1974,2024-12-05 01:04:39,,,,,,,,,,,,,,,,,,
9040,04/02/1993,2024-12-11 12:28:54,,,,,,,,,,,,,,,,,,
9042,07/06/1997,2024-12-16 07:04:27,,,,,,,,,,,,,,,,,,
9048,25/01/1993,2024-12-05 01:52:58,,,,,,,,,,,,,,,,,,
9051,26/11/1989,2024-12-05 02:02:10,,,,,,,,,,,,,,,,,,
9057,20/10/1991,2024-12-05 03:30:34,,,,,,,,,,,,,,,,,,
9059,07/02/1990,2024-12-05 04:31:17,,,,,,,,,,,,,,,,,,
9061,17/10/1989,2024-12-06 15:11:13,,,,,,,,,,,,,,,,,,
9069,23/02/1975,2024-12-05 05:29:38,,,,,,,,,,,,,,,,,,
9070,28/06/1982,2024-12-05 05:28:17,,,,,,,,,,,,,,,,,,
9075,27/12/1968,2024-12-05 05:54:24,,,,,,,,,,,,,,,,,,
9087,27/12/1987,2024-12-05 06:41:10,,,,,,,,,,,,,,,,,,
9089,04/11/1978,2024-12-05 06:39:27,,,,,,,,,,,,,,,,,,
9092,06/06/1994,2024-12-05 06:44:21,,,,,,,,,,,,,,,,,,
9096,12/07/1993,2024-12-05 07:09:17,,,,,,,,,,,,,,,,,,
9097,01/08/1983,2024-12-05 07:04:44,,,,,,,,,,,,,,,,,,
9102,13/07/1956,2024-12-05 07:15:40,,,,,,,,,,,,,,,,,,
9103,16/11/1992,2024-12-05 07:14:02,,,,,,,,,,,,,,,,,,
9104,14/12/1986,2024-12-05 07:24:33,,,,,,,,,,,,,,,,,,
9107,28/04/1987,2024-12-05 07:31:34,,,,,,,,,,,,,,,,,,
9115,30/12/1985,2024-12-05 10:12:24,,,,,,,,,,,,,,,,,,
9118,30/05/1989,2024-12-05 08:27:41,,,,,,,,,,,,,,,,,,
9121,28/04/1965,2024-12-05 08:42:41,,,,,,,,,,,,,,,,,,
9123,03/04/1985,2024-12-05 10:30:36,,,,,,,,,,,,,,,,,,
9128,21/12/1991,2024-12-05 08:51:25,,,,,,,,,,,,,,,,,,
9130,26/12/1997,2024-12-05 09:04:44,,,,,,,,,,,,,,,,,,
9131,03/04/1996,2024-12-05 09:07:58,,,,,,,,,,,,,,,,,,
9135,07/02/1979,2024-12-05 09:22:34,,,,,,,,,,,,,,,,,,
9139,21/05/1990,2024-12-05 09:36:06,,,,,,,,,,,,,,,,,,
9140,28/05/1986,2024-12-05 10:03:45,,,,,,,,,,,,,,,,,,
9142,13/06/1967,2024-12-05 12:05:13,,,,,,,,,,,,,,,,,,
9143,01/07/1971,2024-12-05 09:38:57,,,,,,,,,,,,,,,,,,
9149,06/09/1982,2024-12-05 10:01:10,,,,,,,,,,,,,,,,,,
9153,19/08/1988,2024-12-05 10:16:04,,,,,,,,,,,,,,,,,,
9154,02/12/1991,2024-12-05 10:22:14,,,,,,,,,,,,,,,,,,
9155,25/07/1970,2024-12-05 10:23:46,,,,,,,,,,,,,,,,,,
9156,17/09/1991,2024-12-05 10:28:27,,,,,,,,,,,,,,,,,,
9157,14/11/1986,2024-12-05 10:31:31,,,,,,,,,,,,,,,,,,
9160,09/10/1988,2024-12-05 10:40:00,,,,,,,,,,,,,,,,,,
9161,14/09/1966,2024-12-05 10:48:57,,,,,,,,,,,,,,,,,,
9164,27/11/1975,2024-12-05 10:52:47,,,,,,,,,,,,,,,,,,
9166,01/01/1991,2024-12-05 11:01:38,,,,,,,,,,,,,,,,,,
9175,12/11/1985,2024-12-05 11:32:34,,,,,,,,,,,,,,,,,,
9176,10/12/1979,2024-12-05 11:42:35,,,,,,,,,,,,,,,,,,
9177,07/10/1985,2024-12-05 11:45:11,,,,,,,,,,,,,,,,,,
9178,18/12/1994,2024-12-05 11:40:18,,,,,,,,,,,,,,,,,,
9179,07/09/1981,2024-12-05 11:57:25,,,,,,,,,,,,,,,,,,
9181,24/01/1991,2024-12-27 11:44:12,,,,,,,,,,,,,,,,,,
9182,30/10/1978,2024-12-05 12:01:05,,,,,,,,,,,,,,,,,,
9183,18/09/1987,2024-12-05 12:07:36,,,,,,,,,,,,,,,,,,
9187,25/04/1992,2024-12-05 12:29:38,,,,,,,,,,,,,,,,,,
9188,28/12/1990,2024-12-05 12:34:51,,,,,,,,,,,,,,,,,,
9190,27/07/1989,2024-12-05 12:42:10,,,,,,,,,,,,,,,,,,
9198,06/11/1988,2024-12-05 13:20:49,,,,,,,,,,,,,,,,,,
9199,15/04/1982,2024-12-05 13:23:53,,,,,,,,,,,,,,,,,,
9200,01/06/1977,2024-12-05 13:23:10,,,,,,,,,,,,,,,,,,
9202,15/06/2001,2024-12-05 13:27:49,,,,,,,,,,,,,,,,,,
9205,01/02/1981,2024-12-05 13:33:41,,,,,,,,,,,,,,,,,,
9207,17/04/1969,2024-12-05 13:36:40,,,,,,,,,,,,,,,,,,
9209,08/08/1962,2024-12-25 10:13:21,,,,,,,,,,,,,,,,,,
9210,26/04/1997,2024-12-05 13:52:14,,,,,,,,,,,,,,,,,,
9213,05/06/1987,2024-12-05 14:25:09,,,,,,,,,,,,,,,,,,
9217,20/11/1992,2024-12-05 14:33:58,,,,,,,,,,,,,,,,,,
9220,13/01/1980,2024-12-05 14:39:23,,,,,,,,,,,,,,,,,,
9223,05/02/1987,2024-12-05 14:40:58,,,,,,,,,,,,,,,,,,
9229,06/09/1988,2024-12-05 15:09:18,,,,,,,,,,,,,,,,,,
9230,13/11/1991,2024-12-05 15:53:08,,,,,,,,,,,,,,,,,,
9231,20/09/1977,2024-12-05 15:12:30,,,,,,,,,,,,,,,,,,
9232,28/02/1964,2024-12-05 15:10:41,,,,,,,,,,,,,,,,,,
9238,07/05/1993,2024-12-05 15:15:58,,,,,,,,,,,,,,,,,,
9240,17/03/1998,2024-12-05 15:18:38,,,,,,,,,,,,,,,,,,
9241,23/08/1970,2024-12-05 15:32:20,,,,,,,,,,,,,,,,,,
9247,01/06/1986,2024-12-05 15:41:31,,,,,,,,,,,,,,,,,,
9251,25/10/1989,2024-12-05 15:59:30,,,,,,,,,,,,,,,,,,
9252,22/01/1968,2024-12-05 20:43:44,,,,,,,,,,,,,,,,,,
9253,18/05/1996,2024-12-05 16:03:55,,,,,,,,,,,,,,,,,,
9261,09/08/1984,2024-12-05 16:20:13,,,,,,,,,,,,,,,,,,
9265,07/03/1997,2024-12-05 16:31:38,,,,,,,,,,,,,,,,,,
9266,03/10/1996,2024-12-05 16:27:44,,,,,,,,,,,,,,,,,,
9270,30/12/1992,2024-12-05 16:39:50,,,,,,,,,,,,,,,,,,
9273,26/06/1994,2024-12-05 16:42:22,,,,,,,,,,,,,,,,,,
9275,21/04/1979,2024-12-05 16:57:07,,,,,,,,,,,,,,,,,,
9279,24/11/1989,2024-12-05 17:09:00,,,,,,,,,,,,,,,,,,
9280,16/01/1996,2024-12-05 17:19:11,,,,,,,,,,,,,,,,,,
9283,30/12/1971,2024-12-05 17:15:52,,,,,,,,,,,,,,,,,,
9289,07/01/1984,2024-12-05 17:44:07,,,,,,,,,,,,,,,,,,
9291,10/12/1985,2024-12-05 17:53:15,,,,,,,,,,,,,,,,,,
9301,22/10/2006,2024-12-05 18:15:31,,,,,,,,,,,,,,,,,,
9309,29/10/1997,2024-12-05 18:50:02,,,,,,,,,,,,,,,,,,
9310,25/06/1972,2024-12-05 18:59:23,,,,,,,,,,,,,,,,,,
9321,19/10/1991,2024-12-05 20:48:59,,,,,,,,,,,,,,,,,,
9324,15/05/1976,2024-12-06 03:29:30,,,,,,,,,,,,,,,,,,
9325,08/12/1955,2024-12-05 19:37:04,,,,,,,,,,,,,,,,,,
9329,13/12/1989,2024-12-05 19:40:26,,,,,,,,,,,,,,,,,,
9331,25/09/1989,2024-12-05 19:56:57,,,,,,,,,,,,,,,,,,
9332,06/10/1987,2024-12-05 19:58:35,,,,,,,,,,,,,,,,,,
9337,27/07/1990,2024-12-05 20:00:41,,,,,,,,,,,,,,,,,,
9341,12/02/1993,2024-12-05 20:15:00,,,,,,,,,,,,,,,,,,
9342,17/09/1963,2024-12-05 20:10:23,,,,,,,,,,,,,,,,,,
9347,16/06/1989,2024-12-05 20:35:11,,,,,,,,,,,,,,,,,,
9349,19/12/1992,2024-12-05 20:31:01,,,,,,,,,,,,,,,,,,
9355,01/03/1992,2024-12-05 21:13:18,,,,,,,,,,,,,,,,,,
9359,04/02/1996,2024-12-05 21:14:34,,,,,,,,,,,,,,,,,,
9361,11/10/1998,2024-12-05 21:15:45,,,,,,,,,,,,,,,,,,
9363,30/10/2001,2024-12-05 21:21:13,,,,,,,,,,,,,,,,,,
9364,28/04/1988,2024-12-05 21:22:44,,,,,,,,,,,,,,,,,,
9365,25/07/1956,2024-12-05 21:27:25,,,,,,,,,,,,,,,,,,
9368,29/11/1984,2024-12-05 21:25:19,,,,,,,,,,,,,,,,,,
9375,09/04/1978,2024-12-05 21:55:17,,,,,,,,,,,,,,,,,,
9376,14/02/1983,2024-12-05 21:50:21,,,,,,,,,,,,,,,,,,
9379,23/07/1985,2024-12-05 21:52:44,,,,,,,,,,,,,,,,,,
9382,15/09/1997,2024-12-05 21:57:06,,,,,,,,,,,,,,,,,,
9385,10/08/1979,2024-12-05 22:05:13,,,,,,,,,,,,,,,,,,
9387,05/07/1989,2024-12-05 22:02:28,,,,,,,,,,,,,,,,,,
9388,14/09/1992,2024-12-05 22:24:47,,,,,,,,,,,,,,,,,,
9390,01/08/1993,2024-12-05 22:07:36,,,,,,,,,,,,,,,,,,
9395,01/08/1993,2024-12-05 22:20:50,,,,,,,,,,,,,,,,,,
9399,22/12/2001,2024-12-05 22:23:31,,,,,,,,,,,,,,,,,,
9403,02/12/1981,2024-12-05 22:31:23,,,,,,,,,,,,,,,,,,
9404,23/01/1999,2024-12-05 22:29:06,,,,,,,,,,,,,,,,,,
9405,01/04/1978,2024-12-05 22:37:58,,,,,,,,,,,,,,,,,,
9406,20/12/1971,2024-12-14 18:25:38,,,,,,,,,,,,,,,,,,
9415,04/11/1989,2024-12-05 23:12:28,,,,,,,,,,,,,,,,,,
9416,05/06/1991,2024-12-05 23:14:02,,,,,,,,,,,,,,,,,,
9419,28/07/1998,2024-12-05 23:25:21,,,,,,,,,,,,,,,,,,
9421,30/09/1997,2024-12-05 23:28:59,,,,,,,,,,,,,,,,,,
9422,13/06/1994,2024-12-05 23:50:42,,,,,,,,,,,,,,,,,,
9423,08/09/1983,2024-12-05 23:53:54,,,,,,,,,,,,,,,,,,
9424,05/12/1983,2024-12-05 23:55:11,,,,,,,,,,,,,,,,,,
9429,14/02/1996,2024-12-06 00:21:53,,,,,,,,,,,,,,,,,,
9432,27/10/1990,2024-12-06 01:05:32,,,,,,,,,,,,,,,,,,
9434,26/09/1984,2024-12-06 01:33:03,,,,,,,,,,,,,,,,,,
9437,01/03/1905,2024-12-06 04:18:58,,,,,,,,,,,,,,,,,,
9439,26/02/1964,2024-12-06 05:06:01,,,,,,,,,,,,,,,,,,
9444,18/07/1987,2024-12-06 06:03:27,,,,,,,,,,,,,,,,,,
9447,27/12/1982,2024-12-06 06:08:04,,,,,,,,,,,,,,,,,,
9448,29/01/1974,2024-12-06 07:17:13,,,,,,,,,,,,,,,,,,
9449,28/06/1990,2024-12-16 14:06:52,,,,,,,,,,,,,,,,,,
9451,29/06/1982,2024-12-06 06:34:49,,,,,,,,,,,,,,,,,,
9452,14/08/1997,2024-12-06 11:46:03,,,,,,,,,,,,,,,,,,
9456,04/11/1971,2024-12-06 08:05:04,,,,,,,,,,,,,,,,,,
9457,14/06/1980,2024-12-06 11:43:07,,,,,,,,,,,,,,,,,,
9467,09/03/1991,2024-12-06 08:38:45,,,,,,,,,,,,,,,,,,
9468,07/04/1982,2024-12-06 08:41:24,,,,,,,,,,,,,,,,,,
9472,11/10/1993,2024-12-06 09:42:25,,,,,,,,,,,,,,,,,,
9473,23/05/1979,2024-12-06 09:38:02,,,,,,,,,,,,,,,,,,
9476,17/10/1976,2024-12-06 10:29:26,,,,,,,,,,,,,,,,,,
9478,26/03/1975,2024-12-06 10:27:56,,,,,,,,,,,,,,,,,,
9483,29/09/1993,2024-12-06 10:37:41,,,,,,,,,,,,,,,,,,
9484,23/06/1978,2024-12-06 11:09:23,,,,,,,,,,,,,,,,,,
9486,02/04/1988,2024-12-06 11:04:59,,,,,,,,,,,,,,,,,,
9488,25/01/1968,2024-12-06 11:48:13,,,,,,,,,,,,,,,,,,
9493,01/04/1963,2024-12-11 00:07:42,,,,,,,,,,,,,,,,,,
9497,10/08/1997,2024-12-06 12:12:29,,,,,,,,,,,,,,,,,,
9498,01/12/1987,2024-12-06 12:10:41,,,,,,,,,,,,,,,,,,
9499,29/03/1994,2024-12-06 12:15:33,,,,,,,,,,,,,,,,,,
9502,20/03/1998,2024-12-06 12:24:50,,,,,,,,,,,,,,,,,,
9511,27/09/1999,2024-12-06 14:44:07,,,,,,,,,,,,,,,,,,
9512,20/03/1987,2024-12-06 12:41:05,,,,,,,,,,,,,,,,,,
9515,22/04/1970,2024-12-06 12:46:30,,,,,,,,,,,,,,,,,,
9519,14/07/1987,2024-12-06 13:02:18,,,,,,,,,,,,,,,,,,
9520,07/03/1977,2024-12-06 17:41:42,,,,,,,,,,,,,,,,,,
9523,08/10/2001,2024-12-06 13:03:13,,,,,,,,,,,,,,,,,,
9529,23/10/1973,2024-12-06 13:07:32,,,,,,,,,,,,,,,,,,
9539,19/03/1965,2024-12-06 13:31:19,,,,,,,,,,,,,,,,,,
9542,18/12/1990,2024-12-06 13:33:23,,,,,,,,,,,,,,,,,,
9548,15/07/1989,2024-12-06 13:46:47,,,,,,,,,,,,,,,,,,
9557,07/08/1984,2024-12-06 14:21:05,,,,,,,,,,,,,,,,,,
9558,23/07/1991,2024-12-06 14:14:37,,,,,,,,,,,,,,,,,,
9560,27/02/1990,2024-12-06 14:18:27,,,,,,,,,,,,,,,,,,
9564,09/08/1973,2024-12-06 15:07:29,,,,,,,,,,,,,,,,,,
9567,23/11/1984,2024-12-06 18:28:04,,,,,,,,,,,,,,,,,,
9569,01/03/1991,2024-12-06 14:47:14,,,,,,,,,,,,,,,,,,
9576,24/03/1987,2024-12-06 14:53:29,,,,,,,,,,,,,,,,,,
9589,12/11/1996,2024-12-06 15:39:55,,,,,,,,,,,,,,,,,,
9590,22/05/1993,2024-12-06 23:35:33,,,,,,,,,,,,,,,,,,
9592,29/07/1975,2024-12-06 15:43:18,,,,,,,,,,,,,,,,,,
9599,16/10/1965,2024-12-06 15:58:34,,,,,,,,,,,,,,,,,,
9607,18/04/1980,2024-12-23 17:50:15,,,,,,,,,,,,,,,,,,
9609,09/08/1985,2024-12-06 16:15:09,,,,,,,,,,,,,,,,,,
9620,15/07/1991,2024-12-06 16:47:34,,,,,,,,,,,,,,,,,,
9623,01/03/1977,2024-12-06 16:58:07,,,,,,,,,,,,,,,,,,
9625,18/11/1997,2024-12-06 17:00:32,,,,,,,,,,,,,,,,,,
9629,09/09/1997,2024-12-06 17:20:50,,,,,,,,,,,,,,,,,,
9640,09/06/1992,2024-12-06 17:38:36,,,,,,,,,,,,,,,,,,
9644,11/02/1994,2024-12-06 18:31:59,,,,,,,,,,,,,,,,,,
9652,25/11/1986,2024-12-06 18:53:26,,,,,,,,,,,,,,,,,,
9659,04/01/1972,2024-12-06 19:11:15,,,,,,,,,,,,,,,,,,
9667,08/07/1973,2024-12-06 19:44:23,,,,,,,,,,,,,,,,,,
9670,15/06/1988,2024-12-08 17:05:51,,,,,,,,,,,,,,,,,,
9682,27/05/1985,2024-12-06 20:15:33,,,,,,,,,,,,,,,,,,
9693,14/07/1993,2024-12-06 20:31:02,,,,,,,,,,,,,,,,,,
9694,29/08/1991,2024-12-08 11:17:37,,,,,,,,,,,,,,,,,,
9700,26/08/1988,2024-12-07 10:20:53,,,,,,,,,,,,,,,,,,
9717,25/06/1992,2024-12-06 21:29:18,,,,,,,,,,,,,,,,,,
9718,16/12/1991,2024-12-06 21:30:25,,,,,,,,,,,,,,,,,,
9723,10/08/2003,2024-12-06 21:50:16,,,,,,,,,,,,,,,,,,
9726,07/01/1995,2024-12-06 21:57:43,,,,,,,,,,,,,,,,,,
9729,12/11/1997,2024-12-06 22:18:55,,,,,,,,,,,,,,,,,,
9730,15/02/1995,2024-12-06 22:07:59,,,,,,,,,,,,,,,,,,
9731,16/04/1962,2024-12-06 22:06:37,,,,,,,,,,,,,,,,,,
9732,23/01/1993,2024-12-06 22:14:02,,,,,,,,,,,,,,,,,,
9734,28/09/1970,2024-12-06 22:16:02,,,,,,,,,,,,,,,,,,
9735,15/06/1996,2024-12-06 22:29:59,,,,,,,,,,,,,,,,,,
9736,17/05/1972,2024-12-06 22:51:33,,,,,,,,,,,,,,,,,,
9740,17/08/1974,2024-12-06 22:54:42,,,,,,,,,,,,,,,,,,
9748,13/01/1998,2024-12-06 23:24:14,,,,,,,,,,,,,,,,,,
9749,21/01/1973,2024-12-06 23:19:42,,,,,,,,,,,,,,,,,,
9754,06/07/1989,2024-12-06 23:32:24,,,,,,,,,,,,,,,,,,
9755,16/07/1987,2024-12-06 23:33:46,,,,,,,,,,,,,,,,,,
9756,02/12/1979,2024-12-23 10:40:49,,,,,,,,,,,,,,,,,,
9757,15/03/1991,2024-12-06 23:39:38,,,,,,,,,,,,,,,,,,
9760,04/01/1992,2024-12-06 23:49:16,,,,,,,,,,,,,,,,,,
9764,28/09/1990,2024-12-06 23:55:38,,,,,,,,,,,,,,,,,,
9766,01/11/2000,2024-12-07 00:01:37,,,,,,,,,,,,,,,,,,
9767,24/07/1965,2024-12-07 00:06:21,,,,,,,,,,,,,,,,,,
9779,29/12/1984,2024-12-07 09:12:45,,,,,,,,,,,,,,,,,,
9781,26/04/1992,2024-12-07 01:55:49,,,,,,,,,,,,,,,,,,
9782,27/02/1974,2024-12-07 02:09:20,,,,,,,,,,,,,,,,,,
9784,07/07/1990,2024-12-07 02:17:47,,,,,,,,,,,,,,,,,,
9788,15/06/1996,2024-12-07 12:08:04,,,,,,,,,,,,,,,,,,
9789,14/05/1990,2024-12-07 03:24:40,,,,,,,,,,,,,,,,,,
9791,20/03/1995,2024-12-07 03:37:39,,,,,,,,,,,,,,,,,,
9793,25/05/1986,2024-12-07 04:02:37,,,,,,,,,,,,,,,,,,
9794,22/08/1985,2024-12-07 03:58:51,,,,,,,,,,,,,,,,,,
9800,29/05/1985,2024-12-07 05:55:49,,,,,,,,,,,,,,,,,,
9804,29/12/1968,2024-12-07 07:27:50,,,,,,,,,,,,,,,,,,
9814,13/09/1989,2024-12-07 07:28:58,,,,,,,,,,,,,,,,,,
9816,20/04/1994,2024-12-07 07:48:38,,,,,,,,,,,,,,,,,,
9817,01/08/1976,2024-12-07 07:43:32,,,,,,,,,,,,,,,,,,
9823,05/09/1977,2024-12-07 08:36:17,,,,,,,,,,,,,,,,,,
9824,09/05/1988,2024-12-07 08:27:56,,,,,,,,,,,,,,,,,,
9825,11/01/1982,2024-12-07 08:47:09,,,,,,,,,,,,,,,,,,
9827,01/12/1991,2024-12-07 09:21:57,,,,,,,,,,,,,,,,,,
9828,27/03/1980,2024-12-07 08:49:58,,,,,,,,,,,,,,,,,,
9832,01/03/1992,2024-12-07 09:19:10,,,,,,,,,,,,,,,,,,
9838,11/06/1994,2024-12-07 09:30:43,,,,,,,,,,,,,,,,,,
9839,25/05/1968,2024-12-07 14:24:01,,,,,,,,,,,,,,,,,,
9841,16/03/1985,2024-12-07 09:34:04,,,,,,,,,,,,,,,,,,
9843,28/03/1991,2024-12-07 09:43:46,,,,,,,,,,,,,,,,,,
9846,22/11/1975,2024-12-07 09:59:23,,,,,,,,,,,,,,,,,,
9848,08/11/1997,2024-12-07 10:06:09,,,,,,,,,,,,,,,,,,
9853,26/06/1971,2024-12-07 10:27:07,,,,,,,,,,,,,,,,,,
9859,20/10/1970,2024-12-07 10:33:13,,,,,,,,,,,,,,,,,,
9860,27/08/1997,2024-12-07 10:56:35,,,,,,,,,,,,,,,,,,
9861,11/02/1997,2024-12-07 10:54:43,,,,,,,,,,,,,,,,,,
9862,28/12/1984,2024-12-07 11:07:39,,,,,,,,,,,,,,,,,,
9864,08/11/1995,2024-12-07 11:02:44,,,,,,,,,,,,,,,,,,
9867,06/08/1965,2024-12-08 10:08:29,,,,,,,,,,,,,,,,,,
9870,23/01/1997,2024-12-07 11:26:00,,,,,,,,,,,,,,,,,,
9872,12/12/1999,2024-12-07 11:45:35,,,,,,,,,,,,,,,,,,
9873,26/08/1994,2024-12-07 11:50:17,,,,,,,,,,,,,,,,,,
9878,14/08/1987,2024-12-07 13:15:27,,,,,,,,,,,,,,,,,,
9881,12/05/1981,2024-12-07 12:12:56,,,,,,,,,,,,,,,,,,
9889,02/04/1988,2024-12-07 12:33:58,,,,,,,,,,,,,,,,,,
9890,24/01/1960,2024-12-07 12:47:45,,,,,,,,,,,,,,,,,,
9894,04/01/1990,2024-12-07 13:01:58,,,,,,,,,,,,,,,,,,
9899,30/10/1982,2024-12-07 13:03:52,,,,,,,,,,,,,,,,,,
9903,11/01/1980,2024-12-07 23:04:15,,,,,,,,,,,,,,,,,,
9906,22/11/2001,2024-12-07 13:14:08,,,,,,,,,,,,,,,,,,
9910,08/02/1994,2024-12-07 13:18:32,,,,,,,,,,,,,,,,,,
9912,09/07/1983,2024-12-07 13:21:53,,,,,,,,,,,,,,,,,,
9913,09/04/1986,2024-12-07 13:37:57,,,,,,,,,,,,,,,,,,
9916,18/01/1973,2024-12-07 13:44:11,,,,,,,,,,,,,,,,,,
9920,17/09/1986,2024-12-07 13:52:07,,,,,,,,,,,,,,,,,,
9925,10/05/1989,2024-12-09 13:48:15,,,,,,,,,,,,,,,,,,
9932,24/04/1993,2024-12-07 14:22:05,,,,,,,,,,,,,,,,,,
9933,07/12/1990,2024-12-07 15:16:32,,,,,,,,,,,,,,,,,,
9936,16/05/2001,2024-12-07 14:26:59,,,,,,,,,,,,,,,,,,
9939,21/08/1979,2024-12-10 13:16:29,,,,,,,,,,,,,,,,,,
9944,13/10/1976,2024-12-07 15:19:32,,,,,,,,,,,,,,,,,,
9945,26/03/1995,2024-12-07 15:04:26,,,,,,,,,,,,,,,,,,
9948,09/07/1977,2024-12-07 15:09:44,,,,,,,,,,,,,,,,,,
9949,15/12/1964,2024-12-07 15:14:29,,,,,,,,,,,,,,,,,,
9951,09/02/1983,2024-12-07 15:28:36,,,,,,,,,,,,,,,,,,
9956,18/07/1994,2024-12-07 15:30:44,,,,,,,,,,,,,,,,,,
9961,16/03/1971,2024-12-07 15:46:23,,,,,,,,,,,,,,,,,,
9964,04/08/1988,2024-12-07 15:59:52,,,,,,,,,,,,,,,,,,
9965,20/10/1993,2024-12-07 16:02:05,,,,,,,,,,,,,,,,,,
9971,23/03/1991,2024-12-07 16:14:22,,,,,,,,,,,,,,,,,,
9978,16/10/2000,2024-12-07 16:34:51,,,,,,,,,,,,,,,,,,
9982,20/04/1998,2024-12-07 16:42:31,,,,,,,,,,,,,,,,,,
9983,28/04/1984,2024-12-07 16:40:51,,,,,,,,,,,,,,,,,,
9985,17/12/1994,2024-12-07 16:48:05,,,,,,,,,,,,,,,,,,
9987,23/08/1997,2024-12-07 17:03:07,,,,,,,,,,,,,,,,,,
9988,17/09/1986,2024-12-07 18:47:32,,,,,,,,,,,,,,,,,,
9991,05/07/1981,2024-12-07 17:15:52,,,,,,,,,,,,,,,,,,
10001,26/12/1993,2024-12-07 17:27:02,,,,,,,,,,,,,,,,,,
10002,21/06/1986,2024-12-07 17:28:41,,,,,,,,,,,,,,,,,,
10004,06/04/1993,2024-12-07 17:37:35,,,,,,,,,,,,,,,,,,
10005,16/10/1980,2024-12-07 17:31:12,,,,,,,,,,,,,,,,,,
10008,13/09/1965,2024-12-10 13:05:27,,,,,,,,,,,,,,,,,,
10009,14/06/1962,2024-12-07 17:45:40,,,,,,,,,,,,,,,,,,
10010,27/08/1990,2024-12-07 17:46:48,,,,,,,,,,,,,,,,,,
10015,19/09/1973,2024-12-07 18:03:34,,,,,,,,,,,,,,,,,,
10019,09/05/1982,2024-12-07 18:17:38,,,,,,,,,,,,,,,,,,
10021,01/06/1974,2024-12-08 10:05:34,,,,,,,,,,,,,,,,,,
10023,26/05/1997,2024-12-07 18:19:50,,,,,,,,,,,,,,,,,,
10026,11/01/1998,2024-12-07 22:44:09,,,,,,,,,,,,,,,,,,
10034,01/11/1998,2024-12-07 19:08:11,,,,,,,,,,,,,,,,,,
10035,08/02/1993,2024-12-07 19:04:47,,,,,,,,,,,,,,,,,,
10037,20/01/1994,2024-12-07 19:12:40,,,,,,,,,,,,,,,,,,
10039,24/04/1991,2024-12-07 19:15:38,,,,,,,,,,,,,,,,,,
10043,27/06/1979,2024-12-07 19:41:05,,,,,,,,,,,,,,,,,,
10046,24/06/1994,2024-12-07 20:26:43,,,,,,,,,,,,,,,,,,
10047,10/01/1991,2024-12-07 19:55:33,,,,,,,,,,,,,,,,,,
10048,15/05/1968,2024-12-07 19:57:10,,,,,,,,,,,,,,,,,,
10052,04/07/1980,2024-12-07 20:05:24,,,,,,,,,,,,,,,,,,
10053,29/07/1990,2024-12-07 20:11:55,,,,,,,,,,,,,,,,,,
10056,18/04/1996,2024-12-07 20:13:43,,,,,,,,,,,,,,,,,,
10063,25/05/1988,2024-12-07 20:36:04,,,,,,,,,,,,,,,,,,
10064,31/12/1989,2024-12-07 20:31:42,,,,,,,,,,,,,,,,,,
10070,20/05/1998,2024-12-07 20:54:59,,,,,,,,,,,,,,,,,,
10072,01/06/1985,2024-12-07 20:58:20,,,,,,,,,,,,,,,,,,
10076,12/07/1989,2024-12-07 21:14:57,,,,,,,,,,,,,,,,,,
10077,01/05/1980,2024-12-07 21:26:40,,,,,,,,,,,,,,,,,,
10079,15/02/1992,2024-12-07 21:35:31,,,,,,,,,,,,,,,,,,
10082,25/12/1997,2024-12-07 21:33:18,,,,,,,,,,,,,,,,,,
10083,02/12/1991,2024-12-07 21:43:20,,,,,,,,,,,,,,,,,,
10091,21/04/1982,2024-12-07 22:09:40,,,,,,,,,,,,,,,,,,
10098,22/04/1983,2024-12-07 22:34:31,,,,,,,,,,,,,,,,,,
10107,04/06/1987,2024-12-07 22:37:47,,,,,,,,,,,,,,,,,,
10108,09/12/1998,2024-12-07 22:40:07,,,,,,,,,,,,,,,,,,
10110,07/02/2000,2024-12-07 22:47:46,,,,,,,,,,,,,,,,,,
10122,27/10/1992,2024-12-07 23:42:31,,,,,,,,,,,,,,,,,,
10127,22/03/1978,2024-12-08 00:16:35,,,,,,,,,,,,,,,,,,
10130,09/04/1969,2024-12-08 00:50:41,,,,,,,,,,,,,,,,,,
10132,28/05/1997,2024-12-08 00:57:10,,,,,,,,,,,,,,,,,,
10143,23/08/1976,2024-12-08 04:37:58,,,,,,,,,,,,,,,,,,
10145,15/09/1991,2024-12-08 05:16:52,,,,,,,,,,,,,,,,,,
10148,14/05/1995,2024-12-08 06:39:07,,,,,,,,,,,,,,,,,,
10155,18/06/1986,2024-12-08 08:25:29,,,,,,,,,,,,,,,,,,
10164,28/05/1983,2024-12-08 10:43:36,,,,,,,,,,,,,,,,,,
10166,30/05/1998,2024-12-08 11:03:20,,,,,,,,,,,,,,,,,,
10174,09/01/1993,2025-01-04 19:46:35,,,,,,,,,,,,,,,,,,
10176,09/03/1991,2024-12-08 11:51:36,,,,,,,,,,,,,,,,,,
10184,30/01/1959,2024-12-13 18:50:41,,,,,,,,,,,,,,,,,,
10194,04/02/1968,2024-12-08 12:40:48,,,,,,,,,,,,,,,,,,
10197,23/10/2000,2024-12-08 12:44:03,,,,,,,,,,,,,,,,,,
10202,07/01/1989,2024-12-08 13:04:09,,,,,,,,,,,,,,,,,,
10205,17/06/1987,2024-12-08 13:02:36,,,,,,,,,,,,,,,,,,
10224,24/01/1995,2024-12-08 13:48:49,,,,,,,,,,,,,,,,,,
10230,19/12/1979,2024-12-08 14:11:14,,,,,,,,,,,,,,,,,,
10233,03/02/1988,2024-12-08 14:10:33,,,,,,,,,,,,,,,,,,
10234,26/05/1978,2024-12-08 14:12:49,,,,,,,,,,,,,,,,,,
10249,18/12/1986,2024-12-08 14:45:28,,,,,,,,,,,,,,,,,,
10255,16/07/1971,2024-12-08 14:53:12,,,,,,,,,,,,,,,,,,
10256,23/03/1989,2024-12-08 14:54:19,,,,,,,,,,,,,,,,,,
10258,06/09/1980,2024-12-08 15:02:41,,,,,,,,,,,,,,,,,,
10263,09/08/1989,2024-12-08 15:13:47,,,,,,,,,,,,,,,,,,
10265,22/10/1980,2024-12-08 15:25:51,,,,,,,,,,,,,,,,,,
10267,05/11/1963,2024-12-13 14:19:07,,,,,,,,,,,,,,,,,,
10268,05/08/1987,2024-12-08 15:39:26,,,,,,,,,,,,,,,,,,
10272,19/06/1990,2024-12-08 15:56:08,,,,,,,,,,,,,,,,,,
10273,10/06/1992,2024-12-08 16:19:08,,,,,,,,,,,,,,,,,,
10290,16/10/1978,2024-12-08 17:17:44,,,,,,,,,,,,,,,,,,
10295,01/11/1987,2024-12-08 17:31:43,,,,,,,,,,,,,,,,,,
10301,23/05/1993,2024-12-08 18:38:04,,,,,,,,,,,,,,,,,,
10302,19/08/1995,2024-12-09 21:07:50,,,,,,,,,,,,,,,,,,
10304,23/08/1978,2024-12-09 14:54:11,,,,,,,,,,,,,,,,,,
10306,17/04/1983,2024-12-08 18:08:34,,,,,,,,,,,,,,,,,,
10307,03/01/1989,2024-12-14 11:40:04,,,,,,,,,,,,,,,,,,
10309,22/07/1997,2024-12-08 18:29:05,,,,,,,,,,,,,,,,,,
10311,07/01/1976,2024-12-08 18:33:23,,,,,,,,,,,,,,,,,,
10312,17/11/1998,2024-12-08 18:40:10,,,,,,,,,,,,,,,,,,
10314,25/05/1996,2024-12-08 18:41:58,,,,,,,,,,,,,,,,,,
10330,30/06/1993,2024-12-08 19:42:07,,,,,,,,,,,,,,,,,,
10332,07/04/1986,2024-12-08 19:54:35,,,,,,,,,,,,,,,,,,
10333,28/10/1992,2024-12-08 19:48:03,,,,,,,,,,,,,,,,,,
10336,10/07/1989,2024-12-09 01:40:33,,,,,,,,,,,,,,,,,,
10339,22/01/1988,2024-12-08 20:11:59,,,,,,,,,,,,,,,,,,
10342,20/05/1995,2024-12-08 20:34:41,,,,,,,,,,,,,,,,,,
10355,05/07/1995,2024-12-08 21:01:54,,,,,,,,,,,,,,,,,,
10356,30/07/1986,2024-12-08 21:06:43,,,,,,,,,,,,,,,,,,
10363,01/06/1983,2024-12-08 21:23:49,,,,,,,,,,,,,,,,,,
10364,17/09/1995,2024-12-08 21:37:47,,,,,,,,,,,,,,,,,,
10365,02/05/1987,2024-12-08 21:26:49,,,,,,,,,,,,,,,,,,
10368,12/02/1987,2024-12-08 21:40:10,,,,,,,,,,,,,,,,,,
10370,27/10/1990,2024-12-08 21:36:43,,,,,,,,,,,,,,,,,,
10371,19/06/1971,2024-12-08 21:44:43,,,,,,,,,,,,,,,,,,
10373,30/09/1992,2024-12-08 21:57:42,,,,,,,,,,,,,,,,,,
10374,14/04/1981,2024-12-08 22:01:33,,,,,,,,,,,,,,,,,,
10375,06/09/1985,2024-12-08 22:04:20,,,,,,,,,,,,,,,,,,
10380,09/07/1976,2024-12-08 22:28:32,,,,,,,,,,,,,,,,,,
10385,25/11/1982,2024-12-08 23:05:26,,,,,,,,,,,,,,,,,,
10388,23/02/1996,2024-12-08 23:32:19,,,,,,,,,,,,,,,,,,
10392,11/08/1989,2024-12-08 23:51:39,,,,,,,,,,,,,,,,,,
10396,14/02/1994,2024-12-08 23:59:35,,,,,,,,,,,,,,,,,,
10403,16/11/1991,2024-12-09 04:54:49,,,,,,,,,,,,,,,,,,
10404,18/02/1971,2024-12-09 02:36:26,,,,,,,,,,,,,,,,,,
10410,14/09/1989,2024-12-09 01:57:08,,,,,,,,,,,,,,,,,,
10411,20/11/1990,2024-12-09 02:00:38,,,,,,,,,,,,,,,,,,
10412,01/04/1995,2024-12-09 02:10:24,,,,,,,,,,,,,,,,,,
10421,30/10/1982,2024-12-09 03:11:16,,,,,,,,,,,,,,,,,,
10422,21/08/1983,2024-12-09 03:35:19,,,,,,,,,,,,,,,,,,
10426,30/06/1995,2024-12-09 03:43:03,,,,,,,,,,,,,,,,,,
10429,19/02/1972,2024-12-09 04:27:39,,,,,,,,,,,,,,,,,,
10431,16/04/1977,2024-12-09 05:19:58,,,,,,,,,,,,,,,,,,
10436,30/12/1986,2024-12-09 05:43:17,,,,,,,,,,,,,,,,,,
10438,10/04/1962,2024-12-09 05:51:37,,,,,,,,,,,,,,,,,,
10445,15/06/1987,2024-12-09 06:22:07,,,,,,,,,,,,,,,,,,
10450,10/08/1975,2024-12-09 07:08:40,,,,,,,,,,,,,,,,,,
10452,09/10/1997,2024-12-09 07:14:05,,,,,,,,,,,,,,,,,,
10454,13/05/1984,2024-12-09 07:16:40,,,,,,,,,,,,,,,,,,
10455,01/05/1979,2024-12-09 07:51:21,,,,,,,,,,,,,,,,,,
10457,16/01/1994,2024-12-09 07:44:35,,,,,,,,,,,,,,,,,,
10459,05/10/1987,2024-12-09 07:57:37,,,,,,,,,,,,,,,,,,
10463,24/08/1992,2024-12-09 08:34:28,,,,,,,,,,,,,,,,,,
10464,17/02/1981,2024-12-09 08:42:55,,,,,,,,,,,,,,,,,,
10465,12/09/1967,2024-12-09 08:57:35,,,,,,,,,,,,,,,,,,
10475,01/06/1978,2024-12-09 09:52:15,,,,,,,,,,,,,,,,,,
10477,10/09/1984,2024-12-09 09:48:13,,,,,,,,,,,,,,,,,,
10478,02/02/1988,2024-12-09 11:22:09,,,,,,,,,,,,,,,,,,
10482,19/05/1988,2024-12-09 10:02:52,,,,,,,,,,,,,,,,,,
10485,10/01/1997,2024-12-09 10:27:02,,,,,,,,,,,,,,,,,,
10486,01/11/1974,2024-12-09 10:24:32,,,,,,,,,,,,,,,,,,
10488,14/06/1973,2024-12-09 10:22:29,,,,,,,,,,,,,,,,,,
10490,09/05/1962,2024-12-09 15:41:48,,,,,,,,,,,,,,,,,,
10492,17/08/1994,2024-12-09 10:53:47,,,,,,,,,,,,,,,,,,
10494,02/09/1978,2024-12-09 10:52:11,,,,,,,,,,,,,,,,,,
10497,11/07/1979,2024-12-09 11:08:59,,,,,,,,,,,,,,,,,,
10498,04/08/1983,2024-12-09 11:04:35,,,,,,,,,,,,,,,,,,
10503,13/08/1982,2024-12-09 11:38:02,,,,,,,,,,,,,,,,,,
10507,30/07/1986,2024-12-09 11:42:49,,,,,,,,,,,,,,,,,,
10517,28/02/1985,2024-12-09 12:50:20,,,,,,,,,,,,,,,,,,
10518,06/09/2003,2024-12-09 12:52:11,,,,,,,,,,,,,,,,,,
10529,10/11/1988,2024-12-09 14:14:12,,,,,,,,,,,,,,,,,,
10541,12/05/1989,2024-12-09 13:53:10,,,,,,,,,,,,,,,,,,
10556,11/05/1970,2024-12-09 14:31:00,,,,,,,,,,,,,,,,,,
10557,21/10/1994,2024-12-09 14:32:47,,,,,,,,,,,,,,,,,,
10558,18/01/1973,2024-12-09 14:34:14,,,,,,,,,,,,,,,,,,
10575,22/04/1992,2024-12-09 15:25:45,,,,,,,,,,,,,,,,,,
10577,29/03/1973,2024-12-09 15:37:08,,,,,,,,,,,,,,,,,,
10580,02/03/1992,2024-12-09 15:48:39,,,,,,,,,,,,,,,,,,
10583,12/07/1992,2024-12-09 15:53:36,,,,,,,,,,,,,,,,,,
10589,17/06/1998,2024-12-09 16:09:35,,,,,,,,,,,,,,,,,,
10597,11/05/1996,2024-12-09 16:34:00,,,,,,,,,,,,,,,,,,
10609,04/05/1976,2024-12-09 16:51:52,,,,,,,,,,,,,,,,,,
10610,30/05/1988,2024-12-09 16:58:25,,,,,,,,,,,,,,,,,,
10612,21/07/1983,2024-12-09 17:08:09,,,,,,,,,,,,,,,,,,
10621,08/08/1992,2024-12-09 17:42:07,,,,,,,,,,,,,,,,,,
10623,21/07/1981,2024-12-09 17:38:56,,,,,,,,,,,,,,,,,,
10627,18/10/1967,2024-12-09 17:51:35,,,,,,,,,,,,,,,,,,
10631,19/09/1993,2024-12-11 16:17:48,,,,,,,,,,,,,,,,,,
10632,17/05/1992,2024-12-09 18:00:43,,,,,,,,,,,,,,,,,,
10646,25/04/1984,2024-12-09 18:46:08,,,,,,,,,,,,,,,,,,
10654,03/12/1994,2024-12-09 19:39:47,,,,,,,,,,,,,,,,,,
10657,03/05/1984,2024-12-09 19:41:07,,,,,,,,,,,,,,,,,,
10670,16/11/1977,2024-12-09 20:24:45,,,,,,,,,,,,,,,,,,
10674,28/09/1973,2024-12-09 20:53:26,,,,,,,,,,,,,,,,,,
10675,30/01/1994,2024-12-09 20:40:09,,,,,,,,,,,,,,,,,,
10676,09/10/1980,2024-12-09 20:36:28,,,,,,,,,,,,,,,,,,
10681,17/10/1989,2024-12-09 20:50:44,,,,,,,,,,,,,,,,,,
10683,17/04/1983,2024-12-09 20:47:39,,,,,,,,,,,,,,,,,,
10685,22/03/1993,2024-12-09 20:56:55,,,,,,,,,,,,,,,,,,
10686,13/09/1982,2024-12-09 21:00:58,,,,,,,,,,,,,,,,,,
10691,23/04/1992,2024-12-09 21:17:57,,,,,,,,,,,,,,,,,,
10693,14/02/1993,2024-12-09 21:18:56,,,,,,,,,,,,,,,,,,
10697,02/10/1975,2024-12-09 21:45:15,,,,,,,,,,,,,,,,,,
10711,14/01/1998,2024-12-09 22:18:59,,,,,,,,,,,,,,,,,,
10719,15/10/1975,2024-12-09 22:45:09,,,,,,,,,,,,,,,,,,
10723,05/08/1992,2024-12-09 23:00:22,,,,,,,,,,,,,,,,,,
10729,12/12/1988,2024-12-09 23:23:46,,,,,,,,,,,,,,,,,,
10731,20/04/1985,2024-12-09 23:49:41,,,,,,,,,,,,,,,,,,
10738,10/01/1995,2024-12-11 17:20:24,,,,,,,,,,,,,,,,,,
10739,19/12/1998,2024-12-10 01:05:57,,,,,,,,,,,,,,,,,,
10742,15/02/1998,2024-12-10 02:02:48,,,,,,,,,,,,,,,,,,
10743,23/05/1997,2024-12-10 02:01:55,,,,,,,,,,,,,,,,,,
10759,08/03/1996,2024-12-10 08:44:23,,,,,,,,,,,,,,,,,,
10765,08/06/1992,2024-12-10 09:43:02,,,,,,,,,,,,,,,,,,
10770,24/12/1996,2024-12-10 10:13:36,,,,,,,,,,,,,,,,,,
10771,07/07/1981,2024-12-10 10:20:54,,,,,,,,,,,,,,,,,,
10785,07/01/1990,2024-12-10 11:14:41,,,,,,,,,,,,,,,,,,
10790,20/02/1997,2024-12-10 11:33:47,,,,,,,,,,,,,,,,,,
10791,06/11/1986,2024-12-10 12:24:11,,,,,,,,,,,,,,,,,,
10793,04/01/1995,2024-12-10 11:48:25,,,,,,,,,,,,,,,,,,
10797,14/02/1991,2024-12-10 12:06:21,,,,,,,,,,,,,,,,,,
10805,19/02/1976,2024-12-10 12:23:11,,,,,,,,,,,,,,,,,,
10808,18/05/1992,2024-12-10 12:33:04,,,,,,,,,,,,,,,,,,
10811,13/04/1999,2024-12-10 12:38:44,,,,,,,,,,,,,,,,,,
10815,13/05/1977,2024-12-10 12:56:27,,,,,,,,,,,,,,,,,,
10816,28/09/1990,2024-12-10 12:58:08,,,,,,,,,,,,,,,,,,
10818,27/11/1977,2024-12-10 13:09:24,,,,,,,,,,,,,,,,,,
10823,07/07/1994,2024-12-10 13:23:42,,,,,,,,,,,,,,,,,,
10825,12/07/1977,2024-12-10 13:44:26,,,,,,,,,,,,,,,,,,
10827,05/02/1986,2024-12-10 13:42:36,,,,,,,,,,,,,,,,,,
10830,23/07/2000,2024-12-10 14:10:58,,,,,,,,,,,,,,,,,,
10832,06/10/1980,2024-12-10 13:55:57,,,,,,,,,,,,,,,,,,
10840,05/04/1988,2024-12-10 14:15:05,,,,,,,,,,,,,,,,,,
10841,13/11/2005,2024-12-10 14:25:48,,,,,,,,,,,,,,,,,,
10851,11/04/1989,2024-12-10 14:55:26,,,,,,,,,,,,,,,,,,
10853,23/05/1983,2024-12-10 15:03:45,,,,,,,,,,,,,,,,,,
10858,09/07/1976,2024-12-10 15:13:05,,,,,,,,,,,,,,,,,,
10860,08/01/1990,2024-12-10 15:15:43,,,,,,,,,,,,,,,,,,
10865,03/07/1976,2024-12-10 15:43:29,,,,,,,,,,,,,,,,,,
10867,10/09/1997,2024-12-10 15:56:43,,,,,,,,,,,,,,,,,,
10873,04/06/1992,2024-12-10 16:02:01,,,,,,,,,,,,,,,,,,
10875,19/11/1982,2024-12-10 16:10:36,,,,,,,,,,,,,,,,,,
10877,15/01/1986,2024-12-10 16:15:22,,,,,,,,,,,,,,,,,,
10878,08/08/1995,2024-12-10 16:32:19,,,,,,,,,,,,,,,,,,
10885,09/12/1979,2024-12-10 17:23:43,,,,,,,,,,,,,,,,,,
10888,03/03/1998,2024-12-10 17:07:48,,,,,,,,,,,,,,,,,,
10892,22/04/1992,2024-12-10 17:20:40,,,,,,,,,,,,,,,,,,
10894,22/04/1995,2024-12-10 17:33:56,,,,,,,,,,,,,,,,,,
10895,07/12/1976,2024-12-10 17:31:07,,,,,,,,,,,,,,,,,,
10896,16/08/1976,2024-12-10 17:35:24,,,,,,,,,,,,,,,,,,
10897,08/12/1967,2024-12-10 17:40:20,,,,,,,,,,,,,,,,,,
10899,24/05/1981,2024-12-10 17:57:07,,,,,,,,,,,,,,,,,,
10907,09/04/1968,2024-12-10 18:18:54,,,,,,,,,,,,,,,,,,
10908,09/12/1984,2024-12-10 18:17:39,,,,,,,,,,,,,,,,,,
10909,17/03/1986,2024-12-10 18:24:08,,,,,,,,,,,,,,,,,,
10911,30/12/1974,2024-12-10 19:00:54,,,,,,,,,,,,,,,,,,
10912,04/06/1980,2024-12-10 18:37:16,,,,,,,,,,,,,,,,,,
10916,04/12/1987,2024-12-10 18:44:58,,,,,,,,,,,,,,,,,,
10918,06/08/1975,2024-12-10 18:56:03,,,,,,,,,,,,,,,,,,
10921,05/09/2001,2024-12-10 19:50:03,,,,,,,,,,,,,,,,,,
10925,05/06/1999,2024-12-10 19:10:02,,,,,,,,,,,,,,,,,,
10928,19/10/1987,2024-12-10 19:14:08,,,,,,,,,,,,,,,,,,
10931,14/04/1973,2024-12-10 19:34:48,,,,,,,,,,,,,,,,,,
10933,24/11/1989,2024-12-10 19:29:31,,,,,,,,,,,,,,,,,,
10941,26/08/1998,2024-12-10 19:47:47,,,,,,,,,,,,,,,,,,
10944,02/04/1987,2024-12-10 20:27:07,,,,,,,,,,,,,,,,,,
10949,07/11/1993,2024-12-10 20:10:03,,,,,,,,,,,,,,,,,,
10955,25/03/1989,2024-12-10 20:35:15,,,,,,,,,,,,,,,,,,
10956,09/07/1994,2024-12-10 20:38:03,,,,,,,,,,,,,,,,,,
10963,01/11/1990,2024-12-10 20:58:09,,,,,,,,,,,,,,,,,,
10966,30/01/1992,2024-12-10 21:08:57,,,,,,,,,,,,,,,,,,
10970,15/01/1996,2024-12-10 21:20:41,,,,,,,,,,,,,,,,,,
10972,14/11/1996,2024-12-11 12:24:40,,,,,,,,,,,,,,,,,,
10973,31/10/1993,2024-12-10 21:41:55,,,,,,,,,,,,,,,,,,
10977,31/05/1988,2024-12-10 21:51:24,,,,,,,,,,,,,,,,,,
10979,22/12/1985,2024-12-10 21:56:35,,,,,,,,,,,,,,,,,,
10980,29/02/1988,2024-12-10 22:33:29,,,,,,,,,,,,,,,,,,
10988,18/09/1987,2024-12-24 23:25:58,,,,,,,,,,,,,,,,,,
10998,24/07/1991,2024-12-10 23:01:07,,,,,,,,,,,,,,,,,,
11000,16/01/1983,2024-12-10 23:12:23,,,,,,,,,,,,,,,,,,
11011,23/04/1995,2024-12-10 23:51:07,,,,,,,,,,,,,,,,,,
11014,08/11/1989,2024-12-11 00:05:36,,,,,,,,,,,,,,,,,,
11024,23/07/1984,2024-12-11 00:34:37,,,,,,,,,,,,,,,,,,
11026,03/07/1988,2024-12-11 00:55:18,,,,,,,,,,,,,,,,,,
11036,21/08/1991,2024-12-11 01:44:36,,,,,,,,,,,,,,,,,,
11039,18/02/1989,2024-12-11 02:03:50,,,,,,,,,,,,,,,,,,
11051,01/09/1984,2024-12-11 05:47:54,,,,,,,,,,,,,,,,,,
11054,27/12/1977,2024-12-11 05:53:37,,,,,,,,,,,,,,,,,,
11060,26/08/1994,2024-12-11 06:15:46,,,,,,,,,,,,,,,,,,
11061,17/03/2005,2024-12-11 06:24:09,,,,,,,,,,,,,,,,,,
11068,20/06/1993,2024-12-11 07:23:54,,,,,,,,,,,,,,,,,,
11069,21/06/1981,2024-12-11 07:22:29,,,,,,,,,,,,,,,,,,
11079,23/09/1994,2024-12-11 09:10:05,,,,,,,,,,,,,,,,,,
11087,02/04/1974,2024-12-11 09:49:23,,,,,,,,,,,,,,,,,,
11092,07/01/1990,2024-12-11 10:11:53,,,,,,,,,,,,,,,,,,
11098,19/10/1987,2024-12-11 10:27:48,,,,,,,,,,,,,,,,,,
11099,11/06/1990,2024-12-11 10:41:41,,,,,,,,,,,,,,,,,,
11108,09/11/1997,2024-12-11 11:56:55,,,,,,,,,,,,,,,,,,
11109,28/06/1994,2024-12-11 12:00:05,,,,,,,,,,,,,,,,,,
11110,16/05/1992,2024-12-11 11:59:29,,,,,,,,,,,,,,,,,,
11121,21/04/1995,2024-12-11 12:45:23,,,,,,,,,,,,,,,,,,
11124,30/12/1992,2024-12-11 12:43:36,,,,,,,,,,,,,,,,,,
11132,25/11/1992,2024-12-11 17:03:51,,,,,,,,,,,,,,,,,,
11135,26/09/1995,2024-12-11 13:27:02,,,,,,,,,,,,,,,,,,
11139,14/09/1985,2024-12-12 15:55:34,,,,,,,,,,,,,,,,,,
11141,11/02/1994,2024-12-11 13:29:33,,,,,,,,,,,,,,,,,,
11145,10/04/1998,2024-12-11 13:44:00,,,,,,,,,,,,,,,,,,
11168,14/05/1984,2024-12-11 14:42:29,,,,,,,,,,,,,,,,,,
11169,07/01/1981,2024-12-11 14:46:17,,,,,,,,,,,,,,,,,,
11172,19/10/1984,2024-12-11 14:54:18,,,,,,,,,,,,,,,,,,
11177,01/12/1996,2024-12-11 15:08:37,,,,,,,,,,,,,,,,,,
11188,18/02/2002,2024-12-11 15:44:40,,,,,,,,,,,,,,,,,,
11189,29/09/1992,2024-12-11 18:49:03,,,,,,,,,,,,,,,,,,
11201,20/03/1981,2024-12-11 16:13:58,,,,,,,,,,,,,,,,,,
11204,07/10/1991,2024-12-11 16:20:51,,,,,,,,,,,,,,,,,,
11205,13/03/1983,2024-12-11 16:23:31,,,,,,,,,,,,,,,,,,
11206,25/01/1987,2024-12-11 16:27:28,,,,,,,,,,,,,,,,,,
11210,27/11/1969,2024-12-11 16:37:38,,,,,,,,,,,,,,,,,,
11223,15/08/1999,2024-12-11 17:42:55,,,,,,,,,,,,,,,,,,
11226,15/07/1993,2024-12-11 17:58:18,,,,,,,,,,,,,,,,,,
11228,21/05/1981,2024-12-11 17:55:31,,,,,,,,,,,,,,,,,,
11229,16/07/1984,2024-12-11 18:05:42,,,,,,,,,,,,,,,,,,
11242,15/07/1997,2024-12-11 18:50:05,,,,,,,,,,,,,,,,,,
11243,25/03/1990,2024-12-11 19:09:13,,,,,,,,,,,,,,,,,,
11256,25/06/1990,2024-12-12 12:40:20,,,,,,,,,,,,,,,,,,
11259,15/11/1987,2024-12-11 19:48:15,,,,,,,,,,,,,,,,,,
11260,30/08/1975,2024-12-11 19:51:35,,,,,,,,,,,,,,,,,,
11261,01/07/1984,2024-12-11 20:11:12,,,,,,,,,,,,,,,,,,
11277,12/02/1996,2024-12-11 20:48:17,,,,,,,,,,,,,,,,,,
11281,24/09/1980,2024-12-25 20:28:52,,,,,,,,,,,,,,,,,,
11282,16/04/1993,2024-12-11 21:51:27,,,,,,,,,,,,,,,,,,
11284,14/06/1993,2024-12-11 22:45:52,,,,,,,,,,,,,,,,,,
11290,16/05/1977,2024-12-12 07:08:37,,,,,,,,,,,,,,,,,,
11294,29/06/1999,2024-12-12 09:26:43,,,,,,,,,,,,,,,,,,
11297,10/11/1990,2024-12-12 14:23:24,,,,,,,,,,,,,,,,,,
11305,12/10/1988,2024-12-12 22:21:47,,,,,,,,,,,,,,,,,,
11313,14/03/1989,2024-12-13 09:30:20,,,,,,,,,,,,,,,,,,
11314,28/02/1992,2024-12-13 09:28:05,,,,,,,,,,,,,,,,,,
11322,09/02/1994,2024-12-13 10:17:47,,,,,,,,,,,,,,,,,,
11323,11/12/2024,2024-12-13 10:14:58,,,,,,,,,,,,,,,,,,
11324,26/05/1986,2024-12-13 10:23:36,,,,,,,,,,,,,,,,,,
11328,07/10/1991,2024-12-13 10:42:22,,,,,,,,,,,,,,,,,,
11329,17/11/1981,2024-12-13 10:36:11,,,,,,,,,,,,,,,,,,
11337,02/04/1992,2024-12-13 10:56:59,,,,,,,,,,,,,,,,,,
11338,03/09/1983,2024-12-13 11:02:37,,,,,,,,,,,,,,,,,,
11342,27/04/1987,2024-12-13 11:05:50,,,,,,,,,,,,,,,,,,
11345,27/07/1983,2024-12-13 11:12:31,,,,,,,,,,,,,,,,,,
11353,15/02/1968,2024-12-13 11:17:54,,,,,,,,,,,,,,,,,,
11360,11/04/1990,2024-12-13 14:25:06,,,,,,,,,,,,,,,,,,
11361,08/08/1979,2024-12-13 11:29:12,,,,,,,,,,,,,,,,,,
11369,01/09/1967,2024-12-13 11:48:01,,,,,,,,,,,,,,,,,,
11374,21/12/1971,2024-12-13 11:52:30,,,,,,,,,,,,,,,,,,
11376,25/04/1979,2024-12-25 07:39:39,,,,,,,,,,,,,,,,,,
11384,06/09/1995,2024-12-13 12:08:58,,,,,,,,,,,,,,,,,,
11386,23/12/1991,2024-12-13 12:10:42,,,,,,,,,,,,,,,,,,
11391,09/06/1987,2024-12-13 16:34:31,,,,,,,,,,,,,,,,,,
11397,14/08/1976,2024-12-13 12:35:50,,,,,,,,,,,,,,,,,,
11398,13/09/1977,2024-12-13 12:33:38,,,,,,,,,,,,,,,,,,
11402,07/06/1983,2024-12-13 12:47:25,,,,,,,,,,,,,,,,,,
11422,24/01/1995,2024-12-13 13:34:17,,,,,,,,,,,,,,,,,,
11426,29/01/1990,2024-12-13 13:35:50,,,,,,,,,,,,,,,,,,
11427,08/07/1969,2024-12-13 13:59:30,,,,,,,,,,,,,,,,,,
11429,19/01/1965,2024-12-13 13:39:08,,,,,,,,,,,,,,,,,,
11430,10/05/1990,2024-12-13 13:40:14,,,,,,,,,,,,,,,,,,
11432,25/09/1970,2024-12-13 14:01:34,,,,,,,,,,,,,,,,,,
11433,19/11/1982,2024-12-13 14:50:24,,,,,,,,,,,,,,,,,,
11434,09/07/1973,2024-12-13 13:46:08,,,,,,,,,,,,,,,,,,
11436,08/03/1993,2024-12-13 14:03:18,,,,,,,,,,,,,,,,,,
11437,18/02/1990,2024-12-13 14:10:55,,,,,,,,,,,,,,,,,,
11441,03/03/1977,2024-12-13 14:16:08,,,,,,,,,,,,,,,,,,
11452,06/02/1979,2024-12-13 14:44:29,,,,,,,,,,,,,,,,,,
11453,07/01/1973,2024-12-13 14:46:39,,,,,,,,,,,,,,,,,,
11456,14/12/1976,2024-12-13 14:55:20,,,,,,,,,,,,,,,,,,
11461,06/02/1984,2024-12-13 15:21:59,,,,,,,,,,,,,,,,,,
11464,11/08/1984,2024-12-14 18:04:59,,,,,,,,,,,,,,,,,,
11467,22/07/1975,2024-12-13 15:29:31,,,,,,,,,,,,,,,,,,
11469,09/04/1983,2024-12-13 16:59:27,,,,,,,,,,,,,,,,,,
11470,06/02/1972,2024-12-13 15:30:58,,,,,,,,,,,,,,,,,,
11471,25/03/1982,2024-12-18 12:07:06,,,,,,,,,,,,,,,,,,
11472,11/09/1984,2024-12-13 15:33:05,,,,,,,,,,,,,,,,,,
11476,06/11/1988,2024-12-27 20:20:32,,,,,,,,,,,,,,,,,,
11478,19/12/1992,2024-12-13 15:51:06,,,,,,,,,,,,,,,,,,
11482,11/04/1975,2024-12-13 16:13:31,,,,,,,,,,,,,,,,,,
11485,30/07/1948,2024-12-13 16:11:36,,,,,,,,,,,,,,,,,,
11486,28/11/1977,2024-12-13 16:08:43,,,,,,,,,,,,,,,,,,
11487,29/10/1998,2024-12-13 16:16:45,,,,,,,,,,,,,,,,,,
11492,01/11/1992,2024-12-13 16:29:35,,,,,,,,,,,,,,,,,,
11504,12/01/1988,2024-12-13 16:52:36,,,,,,,,,,,,,,,,,,
11505,09/01/1984,2024-12-13 16:54:40,,,,,,,,,,,,,,,,,,
11506,01/08/1989,2024-12-13 16:57:34,,,,,,,,,,,,,,,,,,
11510,21/08/1961,2024-12-13 17:14:08,,,,,,,,,,,,,,,,,,
11511,24/10/1987,2024-12-13 17:18:07,,,,,,,,,,,,,,,,,,
11513,18/07/1986,2024-12-13 17:22:30,,,,,,,,,,,,,,,,,,
11515,16/02/1978,2024-12-13 17:17:07,,,,,,,,,,,,,,,,,,
11516,07/01/1981,2024-12-13 17:20:45,,,,,,,,,,,,,,,,,,
11517,06/08/1996,2024-12-13 17:23:06,,,,,,,,,,,,,,,,,,
11519,09/10/1980,2024-12-13 17:26:38,,,,,,,,,,,,,,,,,,
11526,30/09/1966,2024-12-13 17:54:20,,,,,,,,,,,,,,,,,,
11528,19/11/1986,2024-12-13 17:55:18,,,,,,,,,,,,,,,,,,
11531,26/07/1981,2024-12-13 18:04:08,,,,,,,,,,,,,,,,,,
11533,11/06/1976,2024-12-13 18:20:58,,,,,,,,,,,,,,,,,,
11534,05/04/1991,2024-12-13 18:09:08,,,,,,,,,,,,,,,,,,
11535,17/07/1970,2024-12-13 18:08:06,,,,,,,,,,,,,,,,,,
11539,06/09/1979,2024-12-13 18:13:05,,,,,,,,,,,,,,,,,,
11542,09/01/1994,2024-12-13 18:22:48,,,,,,,,,,,,,,,,,,
11543,06/05/1994,2024-12-13 21:56:39,,,,,,,,,,,,,,,,,,
11545,20/05/1987,2024-12-13 18:31:49,,,,,,,,,,,,,,,,,,
11552,16/03/1970,2024-12-13 22:46:11,,,,,,,,,,,,,,,,,,
11554,03/09/1974,2024-12-14 11:34:11,,,,,,,,,,,,,,,,,,
11555,19/08/1983,2024-12-13 18:56:51,,,,,,,,,,,,,,,,,,
11560,17/03/1987,2024-12-13 19:13:56,,,,,,,,,,,,,,,,,,
11564,25/12/1967,2024-12-19 18:32:53,,,,,,,,,,,,,,,,,,
11567,12/06/1980,2024-12-13 19:31:07,,,,,,,,,,,,,,,,,,
11572,02/12/1965,2024-12-13 19:45:53,,,,,,,,,,,,,,,,,,
11575,26/12/1970,2024-12-13 20:50:21,,,,,,,,,,,,,,,,,,
11577,03/01/1982,2024-12-13 20:18:01,,,,,,,,,,,,,,,,,,
11591,26/06/1990,2024-12-13 20:51:28,,,,,,,,,,,,,,,,,,
11594,20/12/1968,2024-12-13 20:53:24,,,,,,,,,,,,,,,,,,
11596,23/12/1977,2024-12-14 23:19:19,,,,,,,,,,,,,,,,,,
11598,30/07/1984,2024-12-13 21:12:37,,,,,,,,,,,,,,,,,,
11608,01/11/1990,2024-12-13 21:22:05,,,,,,,,,,,,,,,,,,
11609,06/06/1980,2024-12-13 21:23:26,,,,,,,,,,,,,,,,,,
11616,13/03/1989,2024-12-13 21:49:37,,,,,,,,,,,,,,,,,,
11619,09/09/1987,2024-12-13 22:04:36,,,,,,,,,,,,,,,,,,
11621,27/01/1983,2024-12-13 22:07:50,,,,,,,,,,,,,,,,,,
11623,17/01/1992,2024-12-15 12:38:04,,,,,,,,,,,,,,,,,,
11624,22/05/1991,2024-12-13 22:11:20,,,,,,,,,,,,,,,,,,
11633,25/05/1972,2024-12-13 22:23:21,,,,,,,,,,,,,,,,,,
11635,23/07/1988,2024-12-13 22:27:08,,,,,,,,,,,,,,,,,,
11645,14/05/1979,2024-12-13 22:53:58,,,,,,,,,,,,,,,,,,
11651,24/10/1975,2024-12-13 23:34:58,,,,,,,,,,,,,,,,,,
11654,06/04/1991,2024-12-13 23:33:39,,,,,,,,,,,,,,,,,,
11660,14/06/2005,2024-12-13 23:37:58,,,,,,,,,,,,,,,,,,
11663,23/08/1987,2024-12-13 23:45:07,,,,,,,,,,,,,,,,,,
11669,15/07/1978,2024-12-13 23:58:31,,,,,,,,,,,,,,,,,,
11670,09/09/1998,2024-12-14 00:06:51,,,,,,,,,,,,,,,,,,
11671,09/11/1968,2024-12-14 00:16:30,,,,,,,,,,,,,,,,,,
11677,18/09/1978,2024-12-14 00:38:58,,,,,,,,,,,,,,,,,,
11678,25/10/1976,2024-12-14 00:37:04,,,,,,,,,,,,,,,,,,
11681,02/02/1986,2024-12-14 00:42:35,,,,,,,,,,,,,,,,,,
11685,17/12/1992,2024-12-14 00:47:27,,,,,,,,,,,,,,,,,,
11688,12/11/1993,2024-12-14 01:02:46,,,,,,,,,,,,,,,,,,
11691,14/12/1984,2024-12-14 01:01:01,,,,,,,,,,,,,,,,,,
11695,03/01/1998,2024-12-14 01:31:50,,,,,,,,,,,,,,,,,,
11701,12/04/1980,2024-12-14 01:37:34,,,,,,,,,,,,,,,,,,
11706,02/10/1986,2024-12-14 02:21:41,,,,,,,,,,,,,,,,,,
11707,19/09/1978,2024-12-14 02:30:29,,,,,,,,,,,,,,,,,,
11709,20/09/1958,2024-12-14 02:35:00,,,,,,,,,,,,,,,,,,
11716,15/03/1983,2024-12-14 03:48:58,,,,,,,,,,,,,,,,,,
11717,07/12/1975,2024-12-14 03:54:55,,,,,,,,,,,,,,,,,,
11719,10/10/1995,2024-12-14 04:42:26,,,,,,,,,,,,,,,,,,
11720,06/03/1991,2024-12-14 04:48:53,,,,,,,,,,,,,,,,,,
11723,04/05/1981,2024-12-14 04:59:55,,,,,,,,,,,,,,,,,,
11727,27/11/1986,2024-12-14 05:21:59,,,,,,,,,,,,,,,,,,
11729,12/11/1981,2024-12-14 05:20:00,,,,,,,,,,,,,,,,,,
11738,10/10/1978,2024-12-21 15:09:27,,,,,,,,,,,,,,,,,,
11739,08/10/1998,2024-12-14 05:53:03,,,,,,,,,,,,,,,,,,
11743,29/01/1960,2024-12-14 10:28:42,,,,,,,,,,,,,,,,,,
11747,20/12/1995,2024-12-14 06:25:13,,,,,,,,,,,,,,,,,,
11750,25/10/1981,2024-12-14 06:31:05,,,,,,,,,,,,,,,,,,
11756,08/07/1978,2024-12-25 08:54:03,,,,,,,,,,,,,,,,,,
11757,25/06/1961,2024-12-14 06:54:18,,,,,,,,,,,,,,,,,,
11762,26/07/1991,2024-12-14 07:34:59,,,,,,,,,,,,,,,,,,
11763,15/11/1952,2024-12-14 07:34:18,,,,,,,,,,,,,,,,,,
11768,03/01/1991,2024-12-14 08:01:24,,,,,,,,,,,,,,,,,,
11769,10/09/1979,2024-12-14 08:03:37,,,,,,,,,,,,,,,,,,
11773,02/07/1989,2024-12-14 08:08:35,,,,,,,,,,,,,,,,,,
11777,23/02/1969,2024-12-18 10:48:48,,,,,,,,,,,,,,,,,,
11779,09/10/1977,2024-12-14 08:28:16,,,,,,,,,,,,,,,,,,
11780,03/10/1988,2024-12-14 08:27:10,,,,,,,,,,,,,,,,,,
11785,11/06/1977,2024-12-14 08:44:12,,,,,,,,,,,,,,,,,,
11787,06/11/1961,2024-12-14 08:42:17,,,,,,,,,,,,,,,,,,
11792,30/05/1970,2024-12-14 08:57:38,,,,,,,,,,,,,,,,,,
11795,04/06/1970,2024-12-14 09:09:37,,,,,,,,,,,,,,,,,,
11796,11/12/1992,2024-12-14 09:12:08,,,,,,,,,,,,,,,,,,
11799,30/09/1987,2024-12-14 09:28:20,,,,,,,,,,,,,,,,,,
11802,20/08/1994,2024-12-14 09:31:53,,,,,,,,,,,,,,,,,,
11804,31/05/1965,2024-12-14 09:54:39,,,,,,,,,,,,,,,,,,
11817,19/05/1986,2024-12-14 10:04:54,,,,,,,,,,,,,,,,,,
11818,31/03/1962,2024-12-14 10:22:18,,,,,,,,,,,,,,,,,,
11821,30/10/1988,2024-12-14 10:29:33,,,,,,,,,,,,,,,,,,
11824,20/10/1997,2024-12-14 10:30:55,,,,,,,,,,,,,,,,,,
11825,04/12/1999,2024-12-14 10:30:05,,,,,,,,,,,,,,,,,,
11827,26/09/1985,2024-12-14 10:43:50,,,,,,,,,,,,,,,,,,
11828,27/12/1976,2024-12-14 10:37:51,,,,,,,,,,,,,,,,,,
11830,14/03/1985,2024-12-14 10:46:26,,,,,,,,,,,,,,,,,,
11831,10/09/1979,2024-12-14 10:54:56,,,,,,,,,,,,,,,,,,
11832,11/08/1993,2024-12-14 10:52:19,,,,,,,,,,,,,,,,,,
11833,20/08/1981,2024-12-14 11:32:24,,,,,,,,,,,,,,,,,,
11838,31/05/1998,2024-12-14 11:16:40,,,,,,,,,,,,,,,,,,
11839,26/06/1984,2024-12-14 11:15:42,,,,,,,,,,,,,,,,,,
11840,24/08/2000,2024-12-14 11:24:08,,,,,,,,,,,,,,,,,,
11841,16/09/1994,2024-12-14 11:25:24,,,,,,,,,,,,,,,,,,
11844,17/10/1993,2024-12-14 11:35:25,,,,,,,,,,,,,,,,,,
11847,22/09/1995,2024-12-14 11:54:50,,,,,,,,,,,,,,,,,,
11850,19/04/1997,2024-12-14 11:59:25,,,,,,,,,,,,,,,,,,
11857,28/05/1973,2024-12-14 12:10:10,,,,,,,,,,,,,,,,,,
11866,02/02/1974,2024-12-25 20:39:54,,,,,,,,,,,,,,,,,,
11874,10/03/1990,2024-12-14 13:04:08,,,,,,,,,,,,,,,,,,
11879,24/10/1966,2024-12-14 13:22:49,,,,,,,,,,,,,,,,,,
11883,25/10/1966,2024-12-14 13:32:46,,,,,,,,,,,,,,,,,,
11884,23/06/1977,2024-12-14 13:33:40,,,,,,,,,,,,,,,,,,
11886,19/05/1976,2024-12-14 13:36:22,,,,,,,,,,,,,,,,,,
11888,24/12/1984,2024-12-14 13:43:39,,,,,,,,,,,,,,,,,,
11891,25/11/1988,2024-12-14 13:48:18,,,,,,,,,,,,,,,,,,
11893,23/01/1996,2024-12-14 13:52:43,,,,,,,,,,,,,,,,,,
11896,04/05/1997,2024-12-14 13:55:59,,,,,,,,,,,,,,,,,,
11897,26/11/1988,2024-12-14 15:46:16,,,,,,,,,,,,,,,,,,
11899,05/09/1987,2024-12-14 14:05:36,,,,,,,,,,,,,,,,,,
11903,06/11/1995,2024-12-14 14:06:29,,,,,,,,,,,,,,,,,,
11904,27/03/1979,2024-12-14 14:08:58,,,,,,,,,,,,,,,,,,
11908,24/07/1990,2024-12-14 14:20:56,,,,,,,,,,,,,,,,,,
11909,17/03/1995,2024-12-14 14:25:52,,,,,,,,,,,,,,,,,,
11916,23/11/1990,2024-12-14 14:35:53,,,,,,,,,,,,,,,,,,
11918,09/06/1987,2024-12-14 14:33:50,,,,,,,,,,,,,,,,,,
11925,05/05/1991,2024-12-14 14:51:20,,,,,,,,,,,,,,,,,,
11926,28/06/1963,2024-12-14 14:50:08,,,,,,,,,,,,,,,,,,
11930,04/05/1997,2024-12-14 15:01:40,,,,,,,,,,,,,,,,,,
11943,30/03/1978,2024-12-14 15:32:43,,,,,,,,,,,,,,,,,,
11947,14/08/1994,2024-12-14 15:31:01,,,,,,,,,,,,,,,,,,
11948,28/07/1991,2024-12-14 15:39:04,,,,,,,,,,,,,,,,,,
11949,06/02/1998,2024-12-14 15:39:28,,,,,,,,,,,,,,,,,,
11952,13/10/1991,2024-12-14 15:50:56,,,,,,,,,,,,,,,,,,
11953,11/08/1995,2024-12-14 15:49:25,,,,,,,,,,,,,,,,,,
11960,05/12/1977,2024-12-14 16:07:35,,,,,,,,,,,,,,,,,,
11964,20/07/1992,2024-12-14 16:16:19,,,,,,,,,,,,,,,,,,
11965,21/10/1962,2024-12-14 16:19:51,,,,,,,,,,,,,,,,,,
11967,21/10/1984,2024-12-14 16:23:32,,,,,,,,,,,,,,,,,,
11968,12/01/1973,2024-12-14 16:37:51,,,,,,,,,,,,,,,,,,
11972,12/09/1974,2024-12-14 16:32:08,,,,,,,,,,,,,,,,,,
11974,16/04/1978,2024-12-14 17:29:10,,,,,,,,,,,,,,,,,,
11977,18/07/1979,2024-12-14 16:55:28,,,,,,,,,,,,,,,,,,
11978,11/08/1991,2024-12-14 16:50:50,,,,,,,,,,,,,,,,,,
11981,10/12/1975,2024-12-14 17:00:40,,,,,,,,,,,,,,,,,,
11984,01/04/1996,2024-12-14 17:04:26,,,,,,,,,,,,,,,,,,
11986,04/09/1985,2024-12-14 17:23:42,,,,,,,,,,,,,,,,,,
11991,24/07/1996,2024-12-14 17:26:56,,,,,,,,,,,,,,,,,,
11992,19/08/1987,2024-12-14 17:32:12,,,,,,,,,,,,,,,,,,
11993,22/11/1974,2024-12-14 17:35:17,,,,,,,,,,,,,,,,,,
12005,08/04/1984,2024-12-14 18:09:35,,,,,,,,,,,,,,,,,,
12006,12/08/1988,2024-12-17 17:55:06,,,,,,,,,,,,,,,,,,
12007,30/06/1983,2024-12-14 18:28:49,,,,,,,,,,,,,,,,,,
12022,10/12/1980,2024-12-14 19:26:42,,,,,,,,,,,,,,,,,,
12030,11/10/2003,2024-12-14 19:34:55,,,,,,,,,,,,,,,,,,
12031,20/12/1981,2024-12-14 19:31:49,,,,,,,,,,,,,,,,,,
12033,23/07/1998,2024-12-14 19:32:52,,,,,,,,,,,,,,,,,,
12034,11/09/1984,2024-12-14 19:37:34,,,,,,,,,,,,,,,,,,
12038,12/09/1979,2024-12-14 20:04:18,,,,,,,,,,,,,,,,,,
12039,25/11/1971,2024-12-14 20:07:34,,,,,,,,,,,,,,,,,,
12041,27/09/1974,2024-12-14 20:36:50,,,,,,,,,,,,,,,,,,
12046,30/06/1994,2024-12-14 20:22:46,,,,,,,,,,,,,,,,,,
12050,12/05/1982,2024-12-14 20:34:10,,,,,,,,,,,,,,,,,,
12055,31/05/1967,2024-12-14 21:00:23,,,,,,,,,,,,,,,,,,
12062,29/08/1970,2024-12-14 21:19:36,,,,,,,,,,,,,,,,,,
12064,19/11/1998,2024-12-14 21:27:35,,,,,,,,,,,,,,,,,,
12070,30/08/1968,2024-12-14 21:56:55,,,,,,,,,,,,,,,,,,
12073,11/07/1986,2024-12-14 21:59:40,,,,,,,,,,,,,,,,,,
12074,11/10/1989,2024-12-14 22:02:48,,,,,,,,,,,,,,,,,,
12079,04/12/1996,2024-12-14 22:29:36,,,,,,,,,,,,,,,,,,
12084,05/07/1983,2024-12-14 23:17:22,,,,,,,,,,,,,,,,,,
12085,16/05/1987,2024-12-25 10:03:30,,,,,,,,,,,,,,,,,,
12087,20/01/1989,2024-12-14 23:08:01,,,,,,,,,,,,,,,,,,
12088,11/12/1997,2024-12-14 23:24:16,,,,,,,,,,,,,,,,,,
12090,02/12/1991,2024-12-14 23:21:31,,,,,,,,,,,,,,,,,,
12091,17/07/1986,2024-12-14 23:14:04,,,,,,,,,,,,,,,,,,
12092,08/08/1995,2024-12-14 23:26:28,,,,,,,,,,,,,,,,,,
12093,03/03/1977,2024-12-15 11:22:36,,,,,,,,,,,,,,,,,,
12096,21/02/1991,2024-12-15 00:43:51,,,,,,,,,,,,,,,,,,
12097,16/04/1998,2024-12-15 00:45:24,,,,,,,,,,,,,,,,,,
12098,09/01/1981,2024-12-15 00:51:10,,,,,,,,,,,,,,,,,,
12099,26/03/1997,2024-12-15 00:49:55,,,,,,,,,,,,,,,,,,
12100,03/05/1990,2024-12-16 20:31:36,,,,,,,,,,,,,,,,,,
12102,27/01/2003,2024-12-15 00:57:26,,,,,,,,,,,,,,,,,,
12103,15/08/1995,2024-12-17 20:20:28,,,,,,,,,,,,,,,,,,
12104,28/08/1992,2024-12-15 01:02:18,,,,,,,,,,,,,,,,,,
12105,23/06/2002,2024-12-15 01:03:21,,,,,,,,,,,,,,,,,,
12106,22/12/1999,2024-12-15 01:14:04,,,,,,,,,,,,,,,,,,
12107,10/03/1993,2024-12-15 01:28:34,,,,,,,,,,,,,,,,,,
12108,27/06/1995,2024-12-15 02:06:23,,,,,,,,,,,,,,,,,,
12109,24/03/1997,2024-12-15 02:19:50,,,,,,,,,,,,,,,,,,
12110,11/08/1991,2024-12-15 02:20:42,,,,,,,,,,,,,,,,,,
12111,13/04/2002,2024-12-15 02:30:32,,,,,,,,,,,,,,,,,,
12112,24/02/1988,2024-12-15 03:59:04,,,,,,,,,,,,,,,,,,
12113,15/04/1976,2024-12-15 08:18:14,,,,,,,,,,,,,,,,,,
12114,29/11/1997,2024-12-15 04:17:17,,,,,,,,,,,,,,,,,,
12115,26/12/1998,2024-12-15 04:31:34,,,,,,,,,,,,,,,,,,
12116,14/07/1995,2024-12-15 23:13:50,,,,,,,,,,,,,,,,,,
12117,20/04/2001,2024-12-15 06:11:31,,,,,,,,,,,,,,,,,,
12118,23/12/1999,2024-12-15 06:20:41,,,,,,,,,,,,,,,,,,
12121,21/04/2000,2024-12-15 06:29:16,,,,,,,,,,,,,,,,,,
12122,01/12/1988,2024-12-15 06:35:41,,,,,,,,,,,,,,,,,,
12123,17/06/1996,2024-12-15 06:43:23,,,,,,,,,,,,,,,,,,
12124,26/04/1993,2024-12-15 06:49:55,,,,,,,,,,,,,,,,,,
12125,29/10/1996,2024-12-15 07:02:37,,,,,,,,,,,,,,,,,,
12126,18/05/1991,2024-12-15 07:06:04,,,,,,,,,,,,,,,,,,
12127,29/04/1994,2024-12-15 07:19:21,,,,,,,,,,,,,,,,,,
12128,05/08/1995,2024-12-15 07:25:57,,,,,,,,,,,,,,,,,,
12130,10/12/1991,2024-12-15 07:53:00,,,,,,,,,,,,,,,,,,
12131,06/04/1992,2024-12-15 07:37:56,,,,,,,,,,,,,,,,,,
12132,04/10/1978,2024-12-15 07:43:42,,,,,,,,,,,,,,,,,,
12133,29/10/2000,2024-12-15 07:45:50,,,,,,,,,,,,,,,,,,
12135,04/12/1991,2024-12-15 07:49:02,,,,,,,,,,,,,,,,,,
12136,11/08/1987,2024-12-15 08:22:59,,,,,,,,,,,,,,,,,,
12138,20/05/1987,2024-12-16 05:51:56,,,,,,,,,,,,,,,,,,
12140,04/08/1990,2024-12-15 08:28:35,,,,,,,,,,,,,,,,,,
12142,01/03/1985,2024-12-18 00:03:36,,,,,,,,,,,,,,,,,,
12143,01/03/1998,2024-12-15 08:44:01,,,,,,,,,,,,,,,,,,
12145,21/08/1983,2024-12-15 08:55:20,,,,,,,,,,,,,,,,,,
12146,28/11/1987,2024-12-15 09:04:32,,,,,,,,,,,,,,,,,,
12147,16/05/1988,2024-12-15 09:09:26,,,,,,,,,,,,,,,,,,
12148,23/06/1993,2024-12-15 09:15:34,,,,,,,,,,,,,,,,,,
12149,28/09/1997,2024-12-15 09:38:38,,,,,,,,,,,,,,,,,,
12150,03/11/1996,2024-12-15 09:37:55,,,,,,,,,,,,,,,,,,
12152,29/11/1998,2024-12-15 09:40:43,,,,,,,,,,,,,,,,,,
12153,18/09/1989,2024-12-15 09:52:40,,,,,,,,,,,,,,,,,,
12154,30/10/1980,2024-12-17 22:49:36,,,,,,,,,,,,,,,,,,
12155,03/06/1992,2024-12-15 09:49:36,,,,,,,,,,,,,,,,,,
12156,16/09/1994,2024-12-15 09:58:07,,,,,,,,,,,,,,,,,,
12157,08/02/1982,2024-12-15 10:03:44,,,,,,,,,,,,,,,,,,
12158,01/10/1990,2024-12-15 10:09:14,,,,,,,,,,,,,,,,,,
12159,10/05/1991,2024-12-15 10:07:34,,,,,,,,,,,,,,,,,,
12160,16/03/2001,2024-12-15 10:14:08,,,,,,,,,,,,,,,,,,
12161,30/04/2003,2024-12-15 10:19:31,,,,,,,,,,,,,,,,,,
12163,30/01/1967,2024-12-15 10:23:04,,,,,,,,,,,,,,,,,,
12166,18/09/1992,2024-12-15 11:06:35,,,,,,,,,,,,,,,,,,
12167,13/08/1996,2024-12-15 11:02:05,,,,,,,,,,,,,,,,,,
12168,12/06/1996,2024-12-15 11:03:37,,,,,,,,,,,,,,,,,,
12170,24/07/1957,2024-12-15 11:18:38,,,,,,,,,,,,,,,,,,
12171,25/04/1990,2024-12-15 11:51:25,,,,,,,,,,,,,,,,,,
12172,20/04/1980,2024-12-15 11:54:08,,,,,,,,,,,,,,,,,,
12173,24/11/1976,2024-12-15 11:59:58,,,,,,,,,,,,,,,,,,
12176,26/03/1988,2024-12-15 12:41:39,,,,,,,,,,,,,,,,,,
12177,20/10/1993,2024-12-15 12:31:30,,,,,,,,,,,,,,,,,,
12178,11/02/1986,2024-12-15 12:59:02,,,,,,,,,,,,,,,,,,
12180,11/10/1959,2024-12-15 12:43:32,,,,,,,,,,,,,,,,,,
12181,16/12/1985,2024-12-15 12:40:46,,,,,,,,,,,,,,,,,,
12182,14/05/1995,2024-12-17 10:51:33,,,,,,,,,,,,,,,,,,
12183,14/05/1986,2024-12-15 12:49:35,,,,,,,,,,,,,,,,,,
12184,13/06/1985,2024-12-15 12:45:14,,,,,,,,,,,,,,,,,,
12185,24/10/1995,2024-12-15 12:51:24,,,,,,,,,,,,,,,,,,
12186,23/12/2007,2024-12-15 12:59:48,,,,,,,,,,,,,,,,,,
12187,14/04/2002,2024-12-15 13:01:32,,,,,,,,,,,,,,,,,,
12189,17/04/1992,2024-12-15 13:13:06,,,,,,,,,,,,,,,,,,
12190,14/08/1988,2024-12-15 13:37:00,,,,,,,,,,,,,,,,,,
12191,11/08/2002,2024-12-15 13:39:26,,,,,,,,,,,,,,,,,,
12192,06/08/1995,2024-12-15 13:51:24,,,,,,,,,,,,,,,,,,
12193,14/09/1994,2024-12-15 14:10:30,,,,,,,,,,,,,,,,,,
12194,10/05/1990,2024-12-15 14:07:38,,,,,,,,,,,,,,,,,,
12195,18/06/1992,2024-12-15 14:09:41,,,,,,,,,,,,,,,,,,
12196,01/03/1975,2024-12-15 14:29:11,,,,,,,,,,,,,,,,,,
12197,09/02/1986,2024-12-15 15:19:55,,,,,,,,,,,,,,,,,,
12198,15/07/1996,2024-12-15 15:30:26,,,,,,,,,,,,,,,,,,
12200,29/12/1996,2024-12-15 16:37:17,,,,,,,,,,,,,,,,,,
12201,07/08/1990,2024-12-15 16:42:57,,,,,,,,,,,,,,,,,,
12203,24/11/1993,2024-12-15 16:46:49,,,,,,,,,,,,,,,,,,
12204,04/11/1993,2024-12-16 12:57:05,,,,,,,,,,,,,,,,,,
12207,11/03/1997,2024-12-15 18:05:09,,,,,,,,,,,,,,,,,,
12210,22/04/1987,2024-12-15 20:16:26,,,,,,,,,,,,,,,,,,
12211,12/05/1987,2024-12-19 22:13:24,,,,,,,,,,,,,,,,,,
12212,05/12/1993,2024-12-15 21:52:19,,,,,,,,,,,,,,,,,,
12213,27/08/2002,2024-12-15 22:09:44,,,,,,,,,,,,,,,,,,
12216,26/05/1989,2024-12-15 22:32:34,,,,,,,,,,,,,,,,,,
12217,30/01/1996,2024-12-15 22:47:44,,,,,,,,,,,,,,,,,,
12218,16/01/1999,2024-12-15 22:46:18,,,,,,,,,,,,,,,,,,
12219,18/03/1987,2024-12-16 23:18:03,,,,,,,,,,,,,,,,,,
12220,14/03/1987,2024-12-15 22:52:06,,,,,,,,,,,,,,,,,,
12221,21/03/1997,2024-12-15 22:54:08,,,,,,,,,,,,,,,,,,
12222,23/01/1994,2024-12-15 22:58:56,,,,,,,,,,,,,,,,,,
12223,30/08/1992,2024-12-15 23:00:16,,,,,,,,,,,,,,,,,,
12224,23/07/1989,2024-12-15 23:08:43,,,,,,,,,,,,,,,,,,
12225,03/04/1987,2024-12-15 23:01:33,,,,,,,,,,,,,,,,,,
12226,15/08/1997,2024-12-16 00:59:54,,,,,,,,,,,,,,,,,,
12227,08/07/1984,2024-12-15 23:03:31,,,,,,,,,,,,,,,,,,
12228,02/02/1992,2024-12-15 23:11:20,,,,,,,,,,,,,,,,,,
12229,29/09/1991,2024-12-15 23:06:30,,,,,,,,,,,,,,,,,,
12230,04/05/1997,2024-12-15 23:12:55,,,,,,,,,,,,,,,,,,
12231,20/09/1990,2024-12-28 15:15:22,,,,,,,,,,,,,,,,,,
12232,03/11/1976,2024-12-15 23:29:28,,,,,,,,,,,,,,,,,,
12233,11/02/1999,2024-12-15 23:31:42,,,,,,,,,,,,,,,,,,
12234,02/09/1991,2024-12-15 23:32:54,,,,,,,,,,,,,,,,,,
12236,23/05/1996,2024-12-15 23:37:57,,,,,,,,,,,,,,,,,,
12237,25/06/1994,2024-12-15 23:35:05,,,,,,,,,,,,,,,,,,
12238,27/04/1998,2024-12-15 23:39:21,,,,,,,,,,,,,,,,,,
12239,22/07/1998,2024-12-15 23:42:54,,,,,,,,,,,,,,,,,,
12240,11/02/2001,2024-12-15 23:43:54,,,,,,,,,,,,,,,,,,
12241,30/07/1991,2024-12-15 23:44:48,,,,,,,,,,,,,,,,,,
12242,17/08/1994,2024-12-15 23:59:45,,,,,,,,,,,,,,,,,,
12243,29/04/1991,2024-12-15 23:58:53,,,,,,,,,,,,,,,,,,
12244,28/06/2003,2024-12-16 00:00:58,,,,,,,,,,,,,,,,,,
12245,05/11/1998,2024-12-16 00:05:57,,,,,,,,,,,,,,,,,,
12246,03/01/2004,2024-12-20 09:45:33,,,,,,,,,,,,,,,,,,
12248,07/02/2000,2024-12-16 00:14:08,,,,,,,,,,,,,,,,,,
12249,03/11/1990,2024-12-16 00:43:06,,,,,,,,,,,,,,,,,,
12250,13/05/2000,2024-12-16 00:55:20,,,,,,,,,,,,,,,,,,
12252,15/10/1988,2024-12-26 10:32:19,,,,,,,,,,,,,,,,,,
12254,06/10/1990,2024-12-16 02:04:39,,,,,,,,,,,,,,,,,,
12255,28/01/1995,2024-12-16 04:05:56,,,,,,,,,,,,,,,,,,
12256,31/03/1995,2024-12-16 03:17:52,,,,,,,,,,,,,,,,,,
12260,27/04/1992,2024-12-16 04:18:46,,,,,,,,,,,,,,,,,,
12261,29/08/1990,2024-12-16 04:46:41,,,,,,,,,,,,,,,,,,
12263,07/01/1996,2024-12-16 05:07:39,,,,,,,,,,,,,,,,,,
12264,19/07/1993,2024-12-16 05:16:26,,,,,,,,,,,,,,,,,,
12265,03/12/1995,2024-12-16 05:14:59,,,,,,,,,,,,,,,,,,
12266,09/03/1986,2024-12-16 05:19:18,,,,,,,,,,,,,,,,,,
12267,18/03/1992,2024-12-16 05:32:15,,,,,,,,,,,,,,,,,,
12268,18/06/1981,2024-12-16 05:56:02,,,,,,,,,,,,,,,,,,
12269,28/12/1985,2024-12-16 06:14:00,,,,,,,,,,,,,,,,,,
12273,31/08/1993,2024-12-16 07:53:25,,,,,,,,,,,,,,,,,,
12276,19/02/1993,2024-12-16 08:19:01,,,,,,,,,,,,,,,,,,
12277,13/05/1993,2024-12-16 09:38:26,,,,,,,,,,,,,,,,,,
12278,24/12/1990,2024-12-16 10:40:03,,,,,,,,,,,,,,,,,,
12280,05/06/1998,2024-12-16 10:16:45,,,,,,,,,,,,,,,,,,
12282,17/11/1988,2024-12-16 10:28:50,,,,,,,,,,,,,,,,,,
12283,15/07/1994,2024-12-16 10:41:32,,,,,,,,,,,,,,,,,,
12284,14/12/2000,2024-12-16 10:49:56,,,,,,,,,,,,,,,,,,
12285,09/10/1966,2024-12-16 11:03:52,,,,,,,,,,,,,,,,,,
12286,15/06/1992,2024-12-16 12:37:28,,,,,,,,,,,,,,,,,,
12288,29/03/1993,2024-12-16 12:09:27,,,,,,,,,,,,,,,,,,
12289,19/10/1994,2024-12-16 12:08:28,,,,,,,,,,,,,,,,,,
12290,02/12/1994,2024-12-16 12:34:27,,,,,,,,,,,,,,,,,,
12291,22/06/1999,2024-12-16 12:36:04,,,,,,,,,,,,,,,,,,
12293,04/04/1995,2024-12-16 13:07:59,,,,,,,,,,,,,,,,,,
12294,22/10/1985,2024-12-16 13:09:14,,,,,,,,,,,,,,,,,,
12295,22/07/1990,2024-12-16 13:23:17,,,,,,,,,,,,,,,,,,
12299,07/12/1997,2024-12-16 15:23:00,,,,,,,,,,,,,,,,,,
12300,11/08/1992,2024-12-16 15:40:29,,,,,,,,,,,,,,,,,,
12301,15/04/1989,2024-12-16 15:58:31,,,,,,,,,,,,,,,,,,
12303,21/10/1999,2024-12-16 16:42:48,,,,,,,,,,,,,,,,,,
12304,02/05/1998,2024-12-16 17:52:15,,,,,,,,,,,,,,,,,,
12306,05/04/1971,2024-12-16 18:18:02,,,,,,,,,,,,,,,,,,
12309,16/10/2000,2024-12-17 15:07:00,,,,,,,,,,,,,,,,,,
12310,23/10/1975,2024-12-16 18:41:53,,,,,,,,,,,,,,,,,,
12311,21/02/1974,2024-12-16 18:52:30,,,,,,,,,,,,,,,,,,
12313,13/03/1988,2024-12-16 19:15:09,,,,,,,,,,,,,,,,,,
12314,08/04/1994,2024-12-16 19:15:57,,,,,,,,,,,,,,,,,,
12315,13/08/1985,2024-12-16 19:25:03,,,,,,,,,,,,,,,,,,
12316,15/11/1985,2024-12-16 19:26:50,,,,,,,,,,,,,,,,,,
12317,14/09/1989,2024-12-16 19:26:28,,,,,,,,,,,,,,,,,,
12318,03/09/1996,2024-12-16 19:27:53,,,,,,,,,,,,,,,,,,
12320,16/07/2002,2024-12-16 19:50:54,,,,,,,,,,,,,,,,,,
12321,05/10/1995,2024-12-17 22:44:38,,,,,,,,,,,,,,,,,,
12322,02/03/2003,2024-12-19 15:36:43,,,,,,,,,,,,,,,,,,
12323,09/04/1988,2024-12-16 20:21:43,,,,,,,,,,,,,,,,,,
12324,26/06/1966,2024-12-17 07:47:29,,,,,,,,,,,,,,,,,,
12327,11/10/1998,2024-12-16 20:32:24,,,,,,,,,,,,,,,,,,
12328,09/11/2001,2024-12-16 20:36:48,,,,,,,,,,,,,,,,,,
12330,14/03/2000,2024-12-16 20:38:01,,,,,,,,,,,,,,,,,,
12331,03/07/1992,2024-12-16 20:44:37,,,,,,,,,,,,,,,,,,
12332,15/08/1998,2024-12-16 20:43:08,,,,,,,,,,,,,,,,,,
12333,28/10/1993,2024-12-16 21:15:54,,,,,,,,,,,,,,,,,,
12334,23/06/2001,2024-12-16 20:59:21,,,,,,,,,,,,,,,,,,
12335,20/09/1968,2024-12-16 22:13:42,,,,,,,,,,,,,,,,,,
12336,04/09/1995,2024-12-16 21:31:30,,,,,,,,,,,,,,,,,,
12337,02/04/1995,2024-12-16 21:33:42,,,,,,,,,,,,,,,,,,
12338,23/08/2021,2024-12-16 21:48:51,,,,,,,,,,,,,,,,,,
12339,19/11/1996,2024-12-16 21:53:12,,,,,,,,,,,,,,,,,,
12340,26/01/1986,2024-12-16 21:52:13,,,,,,,,,,,,,,,,,,
12341,10/04/1992,2024-12-16 22:07:54,,,,,,,,,,,,,,,,,,
12344,29/12/1999,2024-12-16 22:12:40,,,,,,,,,,,,,,,,,,
12345,03/02/1999,2024-12-16 23:03:18,,,,,,,,,,,,,,,,,,
12346,13/05/1968,2024-12-16 22:31:21,,,,,,,,,,,,,,,,,,
12347,04/09/1996,2024-12-16 23:24:40,,,,,,,,,,,,,,,,,,
12348,29/12/1997,2024-12-17 00:14:09,,,,,,,,,,,,,,,,,,
12349,26/01/1992,2024-12-17 00:56:52,,,,,,,,,,,,,,,,,,
12350,18/03/1996,2024-12-17 01:02:52,,,,,,,,,,,,,,,,,,
12351,23/11/1993,2024-12-17 01:09:20,,,,,,,,,,,,,,,,,,
12354,28/06/1990,2024-12-17 05:01:37,,,,,,,,,,,,,,,,,,
12355,26/07/1983,2024-12-17 05:40:22,,,,,,,,,,,,,,,,,,
12356,04/02/1988,2024-12-17 07:54:51,,,,,,,,,,,,,,,,,,
12357,21/02/1995,2024-12-17 08:17:46,,,,,,,,,,,,,,,,,,
12358,21/09/1989,2024-12-17 08:16:15,,,,,,,,,,,,,,,,,,
12359,21/12/1994,2024-12-17 08:14:53,,,,,,,,,,,,,,,,,,
12360,30/04/2001,2024-12-17 15:08:10,,,,,,,,,,,,,,,,,,
12361,12/12/1952,2024-12-17 08:42:06,,,,,,,,,,,,,,,,,,
12362,14/03/1990,2024-12-17 08:35:11,,,,,,,,,,,,,,,,,,
12363,22/03/1991,2024-12-17 08:54:07,,,,,,,,,,,,,,,,,,
12364,06/12/1995,2024-12-17 08:58:40,,,,,,,,,,,,,,,,,,
12365,12/01/1991,2024-12-17 09:26:33,,,,,,,,,,,,,,,,,,
12368,20/06/1995,2024-12-17 10:03:31,,,,,,,,,,,,,,,,,,
12372,10/01/1992,2024-12-17 11:08:02,,,,,,,,,,,,,,,,,,
12373,15/03/2001,2024-12-17 11:04:38,,,,,,,,,,,,,,,,,,
12374,19/10/1976,2024-12-17 11:56:18,,,,,,,,,,,,,,,,,,
12375,14/03/1997,2024-12-17 12:01:33,,,,,,,,,,,,,,,,,,
12377,14/03/1989,2024-12-17 13:14:49,,,,,,,,,,,,,,,,,,
12378,24/11/1999,2024-12-17 13:26:18,,,,,,,,,,,,,,,,,,
12379,09/06/1998,2024-12-17 13:35:14,,,,,,,,,,,,,,,,,,
12380,18/03/1998,2024-12-17 13:41:49,,,,,,,,,,,,,,,,,,
12381,01/06/1991,2024-12-17 14:52:51,,,,,,,,,,,,,,,,,,
12382,26/03/1992,2024-12-17 15:25:17,,,,,,,,,,,,,,,,,,
12383,14/12/1995,2024-12-18 09:31:00,,,,,,,,,,,,,,,,,,
12385,01/08/1995,2024-12-17 16:59:54,,,,,,,,,,,,,,,,,,
12386,22/06/2001,2024-12-17 17:18:52,,,,,,,,,,,,,,,,,,
12387,27/05/1999,2024-12-17 18:05:38,,,,,,,,,,,,,,,,,,
12388,18/11/1991,2024-12-17 18:11:44,,,,,,,,,,,,,,,,,,
12389,07/07/1994,2024-12-17 19:40:56,,,,,,,,,,,,,,,,,,
12390,17/04/1983,2024-12-17 20:07:13,,,,,,,,,,,,,,,,,,
12391,20/03/1992,2024-12-17 19:55:40,,,,,,,,,,,,,,,,,,
12394,03/03/1998,2024-12-18 11:22:40,,,,,,,,,,,,,,,,,,
12395,17/04/1999,2024-12-17 20:21:37,,,,,,,,,,,,,,,,,,
12397,21/08/1999,2024-12-17 20:58:18,,,,,,,,,,,,,,,,,,
12398,30/11/1965,2024-12-17 20:56:25,,,,,,,,,,,,,,,,,,
12399,01/11/1992,2024-12-17 21:04:15,,,,,,,,,,,,,,,,,,
12400,10/03/1995,2024-12-17 21:06:00,,,,,,,,,,,,,,,,,,
12401,22/04/2003,2024-12-17 21:29:13,,,,,,,,,,,,,,,,,,
12402,20/07/2002,2024-12-17 21:07:32,,,,,,,,,,,,,,,,,,
12403,22/01/2000,2024-12-17 21:09:24,,,,,,,,,,,,,,,,,,
12405,25/05/1996,2024-12-17 21:11:15,,,,,,,,,,,,,,,,,,
12407,23/08/2004,2024-12-17 21:20:33,,,,,,,,,,,,,,,,,,
12409,05/03/1993,2024-12-17 21:18:04,,,,,,,,,,,,,,,,,,
12410,28/09/1989,2024-12-17 21:19:08,,,,,,,,,,,,,,,,,,
12412,14/03/2003,2024-12-17 21:28:17,,,,,,,,,,,,,,,,,,
12413,02/04/2005,2024-12-17 21:22:11,,,,,,,,,,,,,,,,,,
12418,28/11/1996,2024-12-19 12:11:53,,,,,,,,,,,,,,,,,,
12420,26/11/2000,2024-12-17 21:36:27,,,,,,,,,,,,,,,,,,
12422,04/12/2000,2024-12-17 21:35:29,,,,,,,,,,,,,,,,,,
12423,22/04/2003,2024-12-17 21:37:54,,,,,,,,,,,,,,,,,,
12424,18/01/2004,2024-12-17 21:40:24,,,,,,,,,,,,,,,,,,
12425,10/08/1990,2024-12-17 21:50:58,,,,,,,,,,,,,,,,,,
12427,10/01/1998,2024-12-17 21:55:36,,,,,,,,,,,,,,,,,,
12429,29/01/1993,2024-12-17 21:53:02,,,,,,,,,,,,,,,,,,
12431,22/09/1993,2024-12-17 22:07:36,,,,,,,,,,,,,,,,,,
12432,23/08/1991,2024-12-17 22:17:03,,,,,,,,,,,,,,,,,,
12438,15/04/1995,2024-12-17 22:36:53,,,,,,,,,,,,,,,,,,
12440,24/02/1994,2024-12-17 22:45:40,,,,,,,,,,,,,,,,,,
12441,25/02/1993,2024-12-17 23:00:56,,,,,,,,,,,,,,,,,,
12442,22/07/1988,2024-12-17 22:59:30,,,,,,,,,,,,,,,,,,
12443,05/01/1993,2024-12-17 23:20:52,,,,,,,,,,,,,,,,,,
12446,09/12/2003,2024-12-17 23:25:16,,,,,,,,,,,,,,,,,,
12447,03/08/1997,2024-12-17 23:32:42,,,,,,,,,,,,,,,,,,
12448,25/11/1996,2024-12-17 23:35:07,,,,,,,,,,,,,,,,,,
12450,08/03/1995,2024-12-17 23:34:01,,,,,,,,,,,,,,,,,,
12453,06/06/1991,2024-12-18 00:08:26,,,,,,,,,,,,,,,,,,
12454,07/05/1996,2024-12-18 00:14:47,,,,,,,,,,,,,,,,,,
12455,29/06/1993,2024-12-18 00:37:50,,,,,,,,,,,,,,,,,,
12457,08/10/1999,2024-12-18 05:08:03,,,,,,,,,,,,,,,,,,
12458,11/09/1993,2024-12-18 05:12:15,,,,,,,,,,,,,,,,,,
12459,08/02/1987,2024-12-18 05:14:03,,,,,,,,,,,,,,,,,,
12460,26/05/1988,2024-12-18 17:50:59,,,,,,,,,,,,,,,,,,
12461,27/07/1994,2024-12-18 07:20:28,,,,,,,,,,,,,,,,,,
12463,12/02/1994,2024-12-18 07:54:07,,,,,,,,,,,,,,,,,,
12464,10/09/1989,2024-12-18 09:57:44,,,,,,,,,,,,,,,,,,
12466,30/09/1998,2024-12-18 11:12:32,,,,,,,,,,,,,,,,,,
12467,08/08/1995,2024-12-18 12:21:56,,,,,,,,,,,,,,,,,,
12468,08/12/1995,2024-12-18 12:40:07,,,,,,,,,,,,,,,,,,
12471,29/12/1995,2024-12-18 14:54:35,,,,,,,,,,,,,,,,,,
12473,20/05/1993,2024-12-18 15:38:28,,,,,,,,,,,,,,,,,,
12475,06/12/1995,2024-12-18 16:43:47,,,,,,,,,,,,,,,,,,
12477,19/02/1994,2024-12-18 17:20:28,,,,,,,,,,,,,,,,,,
12481,03/10/1955,2024-12-18 20:45:58,,,,,,,,,,,,,,,,,,
12482,14/07/1988,2024-12-18 21:39:38,,,,,,,,,,,,,,,,,,
12491,21/09/1992,2024-12-19 08:52:25,,,,,,,,,,,,,,,,,,
12493,20/08/1981,2024-12-19 09:17:34,,,,,,,,,,,,,,,,,,
12494,21/06/1974,2024-12-19 09:20:43,,,,,,,,,,,,,,,,,,
12495,13/05/1995,2024-12-19 09:35:55,,,,,,,,,,,,,,,,,,
12496,07/04/1983,2024-12-19 10:14:55,,,,,,,,,,,,,,,,,,
12497,16/08/1992,2024-12-19 09:49:34,,,,,,,,,,,,,,,,,,
12498,02/01/1994,2024-12-19 09:57:43,,,,,,,,,,,,,,,,,,
12505,28/09/1996,2024-12-19 10:29:15,,,,,,,,,,,,,,,,,,
12506,18/10/1981,2024-12-19 11:11:57,,,,,,,,,,,,,,,,,,
12507,14/09/1990,2024-12-19 11:59:43,,,,,,,,,,,,,,,,,,
12509,11/01/1994,2024-12-19 11:46:34,,,,,,,,,,,,,,,,,,
12510,18/01/1994,2024-12-19 11:55:05,,,,,,,,,,,,,,,,,,
12511,07/08/1994,2024-12-19 12:20:16,,,,,,,,,,,,,,,,,,
12512,25/12/1960,2024-12-19 12:27:14,,,,,,,,,,,,,,,,,,
12513,25/07/1992,2024-12-19 12:28:39,,,,,,,,,,,,,,,,,,
12514,05/12/1995,2024-12-19 12:49:56,,,,,,,,,,,,,,,,,,
12515,15/12/1985,2024-12-19 12:57:47,,,,,,,,,,,,,,,,,,
12518,01/09/1989,2024-12-19 13:19:12,,,,,,,,,,,,,,,,,,
12519,16/10/1996,2024-12-19 13:22:22,,,,,,,,,,,,,,,,,,
12520,23/02/1990,2024-12-19 13:24:44,,,,,,,,,,,,,,,,,,
12525,21/09/1994,2024-12-19 14:06:06,,,,,,,,,,,,,,,,,,
12526,14/02/1967,2024-12-19 14:04:59,,,,,,,,,,,,,,,,,,
12528,08/03/1965,2024-12-19 14:10:05,,,,,,,,,,,,,,,,,,
12530,14/09/1995,2024-12-19 14:14:31,,,,,,,,,,,,,,,,,,
12540,22/01/1992,2024-12-19 14:16:07,,,,,,,,,,,,,,,,,,
12544,14/09/1978,2024-12-19 14:24:22,,,,,,,,,,,,,,,,,,
12549,31/12/1987,2024-12-19 14:33:13,,,,,,,,,,,,,,,,,,
12550,09/02/1997,2024-12-19 14:45:47,,,,,,,,,,,,,,,,,,
12551,29/04/1980,2024-12-19 14:39:20,,,,,,,,,,,,,,,,,,
12552,12/06/1976,2024-12-19 14:47:52,,,,,,,,,,,,,,,,,,
12563,02/07/1983,2024-12-19 15:06:41,,,,,,,,,,,,,,,,,,
12565,03/06/1992,2024-12-19 15:13:12,,,,,,,,,,,,,,,,,,
12567,11/02/1976,2024-12-19 15:19:31,,,,,,,,,,,,,,,,,,
12569,19/10/1998,2024-12-19 15:32:44,,,,,,,,,,,,,,,,,,
12571,30/10/1986,2024-12-19 15:39:28,,,,,,,,,,,,,,,,,,
12579,17/05/1991,2024-12-19 15:45:47,,,,,,,,,,,,,,,,,,
12585,19/08/1966,2024-12-19 15:54:56,,,,,,,,,,,,,,,,,,
12587,03/12/1991,2024-12-19 15:57:23,,,,,,,,,,,,,,,,,,
12588,01/09/1990,2024-12-19 15:58:34,,,,,,,,,,,,,,,,,,
12590,05/08/1992,2024-12-19 16:09:05,,,,,,,,,,,,,,,,,,
12593,02/06/2006,2024-12-19 16:14:48,,,,,,,,,,,,,,,,,,
12597,10/06/1993,2024-12-19 16:25:33,,,,,,,,,,,,,,,,,,
12599,12/08/1997,2024-12-23 09:38:25,,,,,,,,,,,,,,,,,,
12602,22/07/1976,2024-12-22 12:18:22,,,,,,,,,,,,,,,,,,
12604,27/12/1993,2024-12-19 16:36:32,,,,,,,,,,,,,,,,,,
12605,19/10/1996,2024-12-19 16:42:19,,,,,,,,,,,,,,,,,,
12609,14/02/1962,2024-12-19 16:47:32,,,,,,,,,,,,,,,,,,
12612,16/11/1986,2024-12-19 17:00:33,,,,,,,,,,,,,,,,,,
12616,19/05/1992,2024-12-19 17:12:03,,,,,,,,,,,,,,,,,,
12617,01/06/1985,2024-12-19 17:16:14,,,,,,,,,,,,,,,,,,
12622,06/12/1984,2024-12-19 17:22:36,,,,,,,,,,,,,,,,,,
12623,02/07/1967,2024-12-19 17:25:26,,,,,,,,,,,,,,,,,,
12632,30/09/1992,2024-12-19 17:51:23,,,,,,,,,,,,,,,,,,
12633,03/12/1979,2024-12-19 17:54:46,,,,,,,,,,,,,,,,,,
12638,05/02/1991,2024-12-19 19:19:07,,,,,,,,,,,,,,,,,,
12640,30/10/1970,2024-12-19 18:04:10,,,,,,,,,,,,,,,,,,
12645,06/06/1986,2024-12-19 18:25:55,,,,,,,,,,,,,,,,,,
12646,06/09/1959,2024-12-19 18:22:04,,,,,,,,,,,,,,,,,,
12651,04/09/1987,2024-12-19 18:35:23,,,,,,,,,,,,,,,,,,
12654,11/06/1967,2024-12-19 18:43:23,,,,,,,,,,,,,,,,,,
12656,16/02/1969,2024-12-20 08:47:23,,,,,,,,,,,,,,,,,,
12662,08/12/1991,2024-12-19 18:42:14,,,,,,,,,,,,,,,,,,
12665,15/12/1967,2024-12-19 18:49:15,,,,,,,,,,,,,,,,,,
12667,29/01/1987,2024-12-19 18:50:39,,,,,,,,,,,,,,,,,,
12669,28/09/1980,2024-12-19 18:55:54,,,,,,,,,,,,,,,,,,
12672,06/01/1995,2024-12-19 18:53:31,,,,,,,,,,,,,,,,,,
12674,03/05/1980,2024-12-19 23:17:09,,,,,,,,,,,,,,,,,,
12677,07/10/1986,2024-12-19 18:57:43,,,,,,,,,,,,,,,,,,
12681,17/06/1998,2024-12-19 19:06:48,,,,,,,,,,,,,,,,,,
12683,19/12/2000,2024-12-19 19:07:57,,,,,,,,,,,,,,,,,,
12685,27/12/1987,2024-12-19 19:23:19,,,,,,,,,,,,,,,,,,
12689,18/06/1988,2024-12-19 19:28:12,,,,,,,,,,,,,,,,,,
12691,19/04/1989,2024-12-19 19:29:26,,,,,,,,,,,,,,,,,,
12693,10/03/1980,2024-12-19 19:36:38,,,,,,,,,,,,,,,,,,
12698,05/06/1985,2024-12-19 19:43:51,,,,,,,,,,,,,,,,,,
12701,05/03/1964,2024-12-19 19:48:35,,,,,,,,,,,,,,,,,,
12704,04/01/2002,2024-12-19 19:45:50,,,,,,,,,,,,,,,,,,
12705,28/09/1996,2024-12-19 19:50:06,,,,,,,,,,,,,,,,,,
12711,08/09/1989,2024-12-19 19:57:08,,,,,,,,,,,,,,,,,,
12713,05/09/2002,2024-12-19 19:58:18,,,,,,,,,,,,,,,,,,
12716,10/10/1982,2024-12-19 20:09:03,,,,,,,,,,,,,,,,,,
12719,07/06/1980,2024-12-19 20:14:08,,,,,,,,,,,,,,,,,,
12720,16/08/1978,2024-12-19 20:15:29,,,,,,,,,,,,,,,,,,
12724,18/03/1987,2024-12-19 20:27:28,,,,,,,,,,,,,,,,,,
12725,08/06/1989,2024-12-19 20:24:53,,,,,,,,,,,,,,,,,,
12726,27/10/1992,2024-12-19 22:43:18,,,,,,,,,,,,,,,,,,
12727,28/06/1980,2024-12-19 20:29:22,,,,,,,,,,,,,,,,,,
12730,03/07/1989,2024-12-19 20:38:39,,,,,,,,,,,,,,,,,,
12734,23/04/1994,2024-12-19 20:32:43,,,,,,,,,,,,,,,,,,
12737,04/01/1987,2024-12-19 20:34:01,,,,,,,,,,,,,,,,,,
12739,11/02/1996,2024-12-20 00:13:39,,,,,,,,,,,,,,,,,,
12740,15/09/1997,2024-12-19 20:40:45,,,,,,,,,,,,,,,,,,
12744,08/02/1991,2024-12-19 20:50:11,,,,,,,,,,,,,,,,,,
12745,07/08/1966,2024-12-19 20:48:52,,,,,,,,,,,,,,,,,,
12746,19/05/1998,2024-12-19 20:51:12,,,,,,,,,,,,,,,,,,
12747,17/07/1991,2024-12-19 20:59:16,,,,,,,,,,,,,,,,,,
12758,30/07/1997,2024-12-19 21:01:05,,,,,,,,,,,,,,,,,,
12760,17/05/1992,2024-12-19 21:02:55,,,,,,,,,,,,,,,,,,
12764,17/01/1987,2024-12-19 21:06:01,,,,,,,,,,,,,,,,,,
12769,03/12/1998,2024-12-19 21:08:12,,,,,,,,,,,,,,,,,,
12770,30/10/1993,2024-12-19 21:11:46,,,,,,,,,,,,,,,,,,
12778,02/08/1982,2024-12-19 21:12:48,,,,,,,,,,,,,,,,,,
12784,05/04/2002,2024-12-19 21:14:14,,,,,,,,,,,,,,,,,,
12785,01/10/1978,2024-12-19 21:16:30,,,,,,,,,,,,,,,,,,
12786,22/11/1975,2024-12-22 14:55:39,,,,,,,,,,,,,,,,,,
12788,09/05/1979,2024-12-20 19:05:30,,,,,,,,,,,,,,,,,,
12791,10/11/1982,2024-12-20 01:18:43,,,,,,,,,,,,,,,,,,
12795,09/09/1985,2024-12-24 10:49:56,,,,,,,,,,,,,,,,,,
12796,19/05/1993,2024-12-20 00:23:03,,,,,,,,,,,,,,,,,,
12800,23/10/1997,2024-12-19 21:24:17,,,,,,,,,,,,,,,,,,
12801,26/08/1993,2024-12-19 21:28:18,,,,,,,,,,,,,,,,,,
12808,03/04/1997,2024-12-19 21:36:03,,,,,,,,,,,,,,,,,,
12815,30/10/1977,2024-12-19 21:45:55,,,,,,,,,,,,,,,,,,
12820,25/05/1971,2024-12-20 19:16:15,,,,,,,,,,,,,,,,,,
12829,27/01/2007,2024-12-19 21:50:54,,,,,,,,,,,,,,,,,,
12834,01/11/2000,2024-12-19 22:19:09,,,,,,,,,,,,,,,,,,
12838,21/10/1995,2024-12-19 21:56:01,,,,,,,,,,,,,,,,,,
12839,16/06/1974,2024-12-19 22:04:41,,,,,,,,,,,,,,,,,,
12840,29/05/1990,2024-12-19 22:00:04,,,,,,,,,,,,,,,,,,
12842,23/12/2004,2024-12-19 22:02:40,,,,,,,,,,,,,,,,,,
12845,25/06/2005,2024-12-19 22:06:15,,,,,,,,,,,,,,,,,,
12852,11/07/2005,2024-12-21 10:51:19,,,,,,,,,,,,,,,,,,
12859,17/03/1992,2024-12-19 22:18:07,,,,,,,,,,,,,,,,,,
12860,11/06/1991,2024-12-19 22:20:39,,,,,,,,,,,,,,,,,,
12862,04/10/1998,2024-12-19 22:23:23,,,,,,,,,,,,,,,,,,
12863,13/02/1990,2024-12-19 22:25:27,,,,,,,,,,,,,,,,,,
12865,29/10/1993,2024-12-19 22:27:37,,,,,,,,,,,,,,,,,,
12868,04/07/1985,2024-12-19 22:29:47,,,,,,,,,,,,,,,,,,
12870,07/06/1998,2024-12-19 22:28:34,,,,,,,,,,,,,,,,,,
12871,26/04/1983,2024-12-19 22:34:04,,,,,,,,,,,,,,,,,,
12872,20/12/1994,2024-12-19 22:40:41,,,,,,,,,,,,,,,,,,
12877,21/01/1999,2024-12-19 22:49:56,,,,,,,,,,,,,,,,,,
12878,15/04/1962,2024-12-19 22:42:19,,,,,,,,,,,,,,,,,,
12879,03/10/1992,2024-12-19 22:45:23,,,,,,,,,,,,,,,,,,
12881,31/05/1988,2024-12-19 22:48:38,,,,,,,,,,,,,,,,,,
12884,27/05/1994,2024-12-19 22:55:56,,,,,,,,,,,,,,,,,,
12885,27/04/1989,2024-12-19 22:54:18,,,,,,,,,,,,,,,,,,
12886,18/10/1994,2024-12-20 00:35:24,,,,,,,,,,,,,,,,,,
12891,26/08/1984,2024-12-19 23:09:12,,,,,,,,,,,,,,,,,,
12894,08/02/1999,2024-12-19 23:10:36,,,,,,,,,,,,,,,,,,
12896,10/05/1971,2024-12-19 23:11:41,,,,,,,,,,,,,,,,,,
12897,28/10/1974,2024-12-19 23:12:34,,,,,,,,,,,,,,,,,,
12902,20/03/1982,2024-12-19 23:18:31,,,,,,,,,,,,,,,,,,
12903,19/10/1981,2024-12-19 23:23:10,,,,,,,,,,,,,,,,,,
12905,18/08/1999,2024-12-19 23:25:33,,,,,,,,,,,,,,,,,,
12906,09/08/1987,2024-12-19 23:35:57,,,,,,,,,,,,,,,,,,
12907,26/03/1985,2024-12-19 23:30:26,,,,,,,,,,,,,,,,,,
12912,23/10/2000,2024-12-20 14:58:44,,,,,,,,,,,,,,,,,,
12914,22/11/1992,2024-12-19 23:38:37,,,,,,,,,,,,,,,,,,
12921,27/11/1997,2024-12-19 23:47:50,,,,,,,,,,,,,,,,,,
12924,06/06/1990,2024-12-21 10:53:13,,,,,,,,,,,,,,,,,,
12926,24/01/1989,2024-12-20 00:07:22,,,,,,,,,,,,,,,,,,
12932,21/11/2000,2024-12-20 00:51:01,,,,,,,,,,,,,,,,,,
12933,31/01/1995,2024-12-20 00:48:02,,,,,,,,,,,,,,,,,,
12934,18/07/1997,2024-12-20 00:57:49,,,,,,,,,,,,,,,,,,
12935,25/03/1998,2024-12-20 01:07:48,,,,,,,,,,,,,,,,,,
12939,27/05/1991,2024-12-20 03:51:24,,,,,,,,,,,,,,,,,,
12942,23/03/1968,2024-12-21 18:58:27,,,,,,,,,,,,,,,,,,
12944,25/04/1998,2024-12-20 07:26:09,,,,,,,,,,,,,,,,,,
12946,25/11/1991,2024-12-20 05:42:12,,,,,,,,,,,,,,,,,,
12947,17/12/1995,2024-12-20 05:44:58,,,,,,,,,,,,,,,,,,
12949,08/07/1997,2024-12-20 06:29:43,,,,,,,,,,,,,,,,,,
12950,11/04/2001,2024-12-20 06:35:08,,,,,,,,,,,,,,,,,,
12952,03/06/1995,2024-12-20 06:58:28,,,,,,,,,,,,,,,,,,
12955,13/08/1993,2024-12-20 07:07:41,,,,,,,,,,,,,,,,,,
12956,30/09/1988,2024-12-20 07:18:09,,,,,,,,,,,,,,,,,,
12958,07/03/1996,2024-12-20 07:36:47,,,,,,,,,,,,,,,,,,
12961,24/01/1996,2024-12-20 07:38:55,,,,,,,,,,,,,,,,,,
12963,05/01/1999,2024-12-20 08:24:29,,,,,,,,,,,,,,,,,,
12964,29/12/1962,2024-12-20 08:38:41,,,,,,,,,,,,,,,,,,
12967,14/07/1985,2024-12-20 08:57:36,,,,,,,,,,,,,,,,,,
12968,16/06/1991,2024-12-20 09:16:53,,,,,,,,,,,,,,,,,,
12970,04/01/2002,2024-12-20 09:54:25,,,,,,,,,,,,,,,,,,
12972,08/12/1983,2024-12-21 14:27:03,,,,,,,,,,,,,,,,,,
12974,11/12/1998,2024-12-21 06:59:53,,,,,,,,,,,,,,,,,,
12976,28/11/1995,2024-12-21 10:05:15,,,,,,,,,,,,,,,,,,
12979,29/05/1984,2024-12-20 10:51:04,,,,,,,,,,,,,,,,,,
12981,20/08/1978,2024-12-20 11:00:04,,,,,,,,,,,,,,,,,,
12983,07/05/2007,2024-12-20 11:12:54,,,,,,,,,,,,,,,,,,
12985,13/10/1996,2024-12-23 13:46:14,,,,,,,,,,,,,,,,,,
12988,29/11/1999,2024-12-20 11:47:44,,,,,,,,,,,,,,,,,,
12989,14/07/2004,2024-12-20 11:52:47,,,,,,,,,,,,,,,,,,
12991,21/07/1997,2024-12-20 12:09:26,,,,,,,,,,,,,,,,,,
12992,22/11/1994,2024-12-20 12:17:19,,,,,,,,,,,,,,,,,,
12993,10/12/1980,2024-12-20 12:19:12,,,,,,,,,,,,,,,,,,
12994,11/04/1995,2024-12-20 12:22:19,,,,,,,,,,,,,,,,,,
12995,16/01/1980,2024-12-20 12:25:34,,,,,,,,,,,,,,,,,,
12996,21/05/1997,2024-12-20 12:35:04,,,,,,,,,,,,,,,,,,
12997,24/07/1994,2024-12-20 13:06:57,,,,,,,,,,,,,,,,,,
12998,10/09/1995,2024-12-20 13:25:14,,,,,,,,,,,,,,,,,,
12999,26/03/1991,2024-12-20 13:26:58,,,,,,,,,,,,,,,,,,
13000,16/09/2001,2024-12-20 13:39:58,,,,,,,,,,,,,,,,,,
13002,20/08/1998,2024-12-20 13:50:12,,,,,,,,,,,,,,,,,,
13004,03/09/1987,2024-12-20 14:30:56,,,,,,,,,,,,,,,,,,
13006,13/12/1978,2024-12-20 14:25:02,,,,,,,,,,,,,,,,,,
13007,29/10/1995,2024-12-20 14:27:29,,,,,,,,,,,,,,,,,,
13008,03/06/1962,2024-12-20 14:28:43,,,,,,,,,,,,,,,,,,
13009,15/03/1997,2024-12-20 14:47:36,,,,,,,,,,,,,,,,,,
13012,17/04/1990,2024-12-20 15:12:10,,,,,,,,,,,,,,,,,,
13014,24/11/1986,2024-12-20 15:31:20,,,,,,,,,,,,,,,,,,
13017,15/01/1999,2024-12-20 16:07:18,,,,,,,,,,,,,,,,,,
13018,13/05/1987,2024-12-21 11:04:00,,,,,,,,,,,,,,,,,,
13019,08/09/1983,2024-12-20 16:57:37,,,,,,,,,,,,,,,,,,
13020,27/07/1998,2024-12-20 16:28:43,,,,,,,,,,,,,,,,,,
13021,19/02/1987,2024-12-20 16:44:32,,,,,,,,,,,,,,,,,,
13022,11/01/2000,2024-12-20 16:55:46,,,,,,,,,,,,,,,,,,
13023,06/09/1995,2024-12-20 17:04:30,,,,,,,,,,,,,,,,,,
13024,08/11/1999,2024-12-20 17:11:35,,,,,,,,,,,,,,,,,,
13025,03/02/1991,2024-12-20 17:12:32,,,,,,,,,,,,,,,,,,
13027,09/05/1993,2024-12-20 17:28:27,,,,,,,,,,,,,,,,,,
13028,09/06/1996,2024-12-20 17:23:13,,,,,,,,,,,,,,,,,,
13032,14/12/1995,2024-12-20 17:47:01,,,,,,,,,,,,,,,,,,
13034,26/12/1992,2024-12-20 18:01:34,,,,,,,,,,,,,,,,,,
13037,28/03/1997,2024-12-20 18:23:20,,,,,,,,,,,,,,,,,,
13038,27/06/1996,2024-12-21 11:37:28,,,,,,,,,,,,,,,,,,
13040,04/11/1986,2024-12-20 19:25:11,,,,,,,,,,,,,,,,,,
13043,26/11/1966,2024-12-20 20:22:34,,,,,,,,,,,,,,,,,,
13044,25/07/1986,2024-12-20 21:26:23,,,,,,,,,,,,,,,,,,
13048,28/05/1997,2024-12-20 22:16:52,,,,,,,,,,,,,,,,,,
13049,06/12/1982,2024-12-20 22:30:39,,,,,,,,,,,,,,,,,,
13050,31/12/1989,2024-12-20 22:27:03,,,,,,,,,,,,,,,,,,
13052,05/01/1996,2024-12-20 23:00:22,,,,,,,,,,,,,,,,,,
13055,21/04/1982,2024-12-21 05:36:32,,,,,,,,,,,,,,,,,,
13058,19/05/1998,2024-12-21 07:35:06,,,,,,,,,,,,,,,,,,
13059,02/10/1958,2024-12-21 07:50:10,,,,,,,,,,,,,,,,,,
13062,30/08/1989,2024-12-21 09:01:10,,,,,,,,,,,,,,,,,,
13063,29/01/2001,2024-12-21 09:32:47,,,,,,,,,,,,,,,,,,
13068,28/04/1994,2024-12-21 09:07:42,,,,,,,,,,,,,,,,,,
13070,11/12/1983,2024-12-21 18:07:58,,,,,,,,,,,,,,,,,,
13071,23/01/1998,2024-12-21 09:18:52,,,,,,,,,,,,,,,,,,
13074,25/10/2001,2024-12-24 13:16:07,,,,,,,,,,,,,,,,,,
13077,13/02/1992,2024-12-23 12:54:47,,,,,,,,,,,,,,,,,,
13085,15/03/1982,2024-12-21 09:25:27,,,,,,,,,,,,,,,,,,
13086,31/05/1990,2024-12-21 09:35:40,,,,,,,,,,,,,,,,,,
13090,22/04/1990,2024-12-21 12:33:50,,,,,,,,,,,,,,,,,,
13092,09/09/1975,2024-12-21 09:47:27,,,,,,,,,,,,,,,,,,
13099,02/02/1994,2024-12-21 09:57:53,,,,,,,,,,,,,,,,,,
13100,02/06/2000,2024-12-21 09:58:35,,,,,,,,,,,,,,,,,,
13101,01/02/1991,2024-12-21 10:07:05,,,,,,,,,,,,,,,,,,
13102,19/07/1993,2024-12-21 10:13:21,,,,,,,,,,,,,,,,,,
13105,12/06/1996,2024-12-21 10:09:51,,,,,,,,,,,,,,,,,,
13110,13/06/1998,2024-12-21 10:25:08,,,,,,,,,,,,,,,,,,
13112,04/04/1993,2024-12-21 10:26:06,,,,,,,,,,,,,,,,,,
13113,24/11/1999,2024-12-21 10:27:51,,,,,,,,,,,,,,,,,,
13115,20/01/1987,2024-12-21 10:43:06,,,,,,,,,,,,,,,,,,
13121,01/11/1994,2024-12-21 10:37:50,,,,,,,,,,,,,,,,,,
13123,07/09/1988,2024-12-21 10:42:10,,,,,,,,,,,,,,,,,,
13127,28/11/1992,2024-12-21 10:52:02,,,,,,,,,,,,,,,,,,
13129,05/08/1999,2024-12-21 10:59:26,,,,,,,,,,,,,,,,,,
13131,26/07/1999,2024-12-21 10:56:04,,,,,,,,,,,,,,,,,,
13133,17/08/1989,2024-12-21 10:58:09,,,,,,,,,,,,,,,,,,
13137,28/03/1990,2024-12-26 03:12:58,,,,,,,,,,,,,,,,,,
13138,03/12/1997,2024-12-21 11:07:47,,,,,,,,,,,,,,,,,,
13140,07/07/1986,2024-12-21 11:15:15,,,,,,,,,,,,,,,,,,
13141,27/07/1999,2024-12-21 11:26:49,,,,,,,,,,,,,,,,,,
13142,25/09/1998,2024-12-21 11:22:02,,,,,,,,,,,,,,,,,,
13143,25/08/1992,2024-12-23 00:01:01,,,,,,,,,,,,,,,,,,
13146,02/02/1992,2024-12-21 11:54:00,,,,,,,,,,,,,,,,,,
13147,10/09/1994,2024-12-21 12:52:52,,,,,,,,,,,,,,,,,,
13150,23/11/1988,2024-12-23 17:02:19,,,,,,,,,,,,,,,,,,
13151,18/12/1990,2024-12-21 12:03:21,,,,,,,,,,,,,,,,,,
13152,11/05/1988,2024-12-21 12:06:45,,,,,,,,,,,,,,,,,,
13154,18/05/1988,2024-12-21 12:31:38,,,,,,,,,,,,,,,,,,
13155,28/05/1994,2024-12-21 12:21:55,,,,,,,,,,,,,,,,,,
13159,28/03/1992,2024-12-21 12:50:03,,,,,,,,,,,,,,,,,,
13160,05/03/1993,2024-12-21 12:51:27,,,,,,,,,,,,,,,,,,
13161,02/02/1988,2024-12-21 12:58:43,,,,,,,,,,,,,,,,,,
13164,29/03/1980,2024-12-21 13:30:24,,,,,,,,,,,,,,,,,,
13166,19/04/1981,2024-12-21 13:35:10,,,,,,,,,,,,,,,,,,
13167,13/02/1964,2024-12-21 13:41:05,,,,,,,,,,,,,,,,,,
13168,26/02/1990,2024-12-21 13:37:16,,,,,,,,,,,,,,,,,,
13170,13/04/2003,2024-12-21 13:42:48,,,,,,,,,,,,,,,,,,
13171,07/03/1989,2024-12-21 13:49:35,,,,,,,,,,,,,,,,,,
13173,29/12/1996,2024-12-21 13:49:11,,,,,,,,,,,,,,,,,,
13177,18/05/1960,2024-12-22 17:12:16,,,,,,,,,,,,,,,,,,
13178,01/11/1988,2024-12-21 14:14:19,,,,,,,,,,,,,,,,,,
13183,06/10/1989,2024-12-21 14:32:13,,,,,,,,,,,,,,,,,,
13185,21/10/1992,2024-12-21 14:40:17,,,,,,,,,,,,,,,,,,
13189,13/08/1975,2024-12-21 14:57:53,,,,,,,,,,,,,,,,,,
13193,26/08/1984,2024-12-24 15:54:11,,,,,,,,,,,,,,,,,,
13197,14/07/1986,2024-12-21 15:10:17,,,,,,,,,,,,,,,,,,
13200,25/12/1991,2024-12-21 15:25:13,,,,,,,,,,,,,,,,,,
13202,22/03/1986,2024-12-21 21:39:35,,,,,,,,,,,,,,,,,,
13205,23/07/2002,2024-12-21 16:10:22,,,,,,,,,,,,,,,,,,
13207,01/07/1987,2024-12-21 16:14:01,,,,,,,,,,,,,,,,,,
13209,11/04/1983,2024-12-21 16:31:00,,,,,,,,,,,,,,,,,,
13210,19/07/2006,2024-12-21 16:35:26,,,,,,,,,,,,,,,,,,
13212,21/02/1989,2024-12-21 16:51:09,,,,,,,,,,,,,,,,,,
13214,04/02/1971,2024-12-21 16:42:10,,,,,,,,,,,,,,,,,,
13216,19/02/1981,2024-12-21 16:50:05,,,,,,,,,,,,,,,,,,
13218,10/01/2008,2024-12-21 17:23:49,,,,,,,,,,,,,,,,,,
13219,08/09/1995,2024-12-21 17:15:20,,,,,,,,,,,,,,,,,,
13224,17/02/1988,2025-01-02 09:56:49,,,,,,,,,,,,,,,,,,
13225,25/11/1983,2024-12-23 17:46:14,,,,,,,,,,,,,,,,,,
13234,30/05/1970,2024-12-21 18:28:39,,,,,,,,,,,,,,,,,,
13238,12/08/1980,2024-12-21 18:53:21,,,,,,,,,,,,,,,,,,
13239,17/04/1997,2024-12-21 18:55:45,,,,,,,,,,,,,,,,,,
13240,11/11/1988,2024-12-21 19:03:40,,,,,,,,,,,,,,,,,,
13241,15/07/1987,2024-12-21 19:11:55,,,,,,,,,,,,,,,,,,
13244,06/07/1991,2024-12-23 10:30:34,,,,,,,,,,,,,,,,,,
13246,11/08/1991,2024-12-22 21:37:49,,,,,,,,,,,,,,,,,,
13248,27/10/1985,2024-12-21 19:20:40,,,,,,,,,,,,,,,,,,
13249,21/01/1959,2024-12-21 19:22:54,,,,,,,,,,,,,,,,,,
13250,15/10/1995,2024-12-21 19:38:38,,,,,,,,,,,,,,,,,,
13251,08/11/1981,2024-12-21 19:27:42,,,,,,,,,,,,,,,,,,
13254,11/03/1998,2024-12-21 19:41:38,,,,,,,,,,,,,,,,,,
13255,23/09/1984,2024-12-21 19:49:49,,,,,,,,,,,,,,,,,,
13257,15/08/1979,2024-12-21 19:53:44,,,,,,,,,,,,,,,,,,
13261,16/10/1979,2024-12-22 01:18:43,,,,,,,,,,,,,,,,,,
13263,03/12/1993,2024-12-21 19:54:30,,,,,,,,,,,,,,,,,,
13264,04/02/1996,2024-12-23 06:12:12,,,,,,,,,,,,,,,,,,
13267,26/03/1975,2024-12-21 19:59:20,,,,,,,,,,,,,,,,,,
13271,18/05/1996,2024-12-21 20:15:04,,,,,,,,,,,,,,,,,,
13272,01/07/1966,2024-12-21 20:17:04,,,,,,,,,,,,,,,,,,
13273,04/11/1996,2024-12-21 20:18:37,,,,,,,,,,,,,,,,,,
13275,01/08/1973,2024-12-21 20:31:27,,,,,,,,,,,,,,,,,,
13277,21/05/1981,2024-12-21 20:49:33,,,,,,,,,,,,,,,,,,
13278,16/12/1977,2024-12-21 21:22:32,,,,,,,,,,,,,,,,,,
13279,07/07/1986,2024-12-22 08:48:30,,,,,,,,,,,,,,,,,,
13280,20/03/1992,2024-12-21 21:07:59,,,,,,,,,,,,,,,,,,
13286,16/08/1998,2024-12-21 21:12:58,,,,,,,,,,,,,,,,,,
13288,28/01/1974,2024-12-21 21:15:41,,,,,,,,,,,,,,,,,,
13293,15/01/1993,2024-12-21 21:32:33,,,,,,,,,,,,,,,,,,
13298,18/07/1996,2024-12-21 22:05:38,,,,,,,,,,,,,,,,,,
13301,08/02/1979,2024-12-21 22:39:34,,,,,,,,,,,,,,,,,,
13308,02/10/1985,2024-12-21 23:30:33,,,,,,,,,,,,,,,,,,
13310,20/05/1983,2024-12-21 23:53:56,,,,,,,,,,,,,,,,,,
13311,31/03/1995,2024-12-21 23:52:20,,,,,,,,,,,,,,,,,,
13313,20/01/1988,2024-12-22 00:42:36,,,,,,,,,,,,,,,,,,
13314,28/01/1992,2024-12-22 00:15:40,,,,,,,,,,,,,,,,,,
13315,16/05/1968,2024-12-22 00:19:30,,,,,,,,,,,,,,,,,,
13316,21/06/1982,2024-12-22 00:23:08,,,,,,,,,,,,,,,,,,
13318,30/06/2024,2024-12-22 00:27:39,,,,,,,,,,,,,,,,,,
13319,13/09/1990,2024-12-22 00:44:42,,,,,,,,,,,,,,,,,,
13321,10/07/1979,2024-12-22 02:08:18,,,,,,,,,,,,,,,,,,
13323,02/06/2001,2024-12-22 01:40:58,,,,,,,,,,,,,,,,,,
13325,24/01/1981,2024-12-22 02:00:35,,,,,,,,,,,,,,,,,,
13332,07/02/1978,2024-12-22 04:21:54,,,,,,,,,,,,,,,,,,
13333,02/12/1991,2024-12-22 04:29:26,,,,,,,,,,,,,,,,,,
13334,27/12/1979,2024-12-22 04:53:26,,,,,,,,,,,,,,,,,,
13335,30/09/1984,2024-12-22 12:43:34,,,,,,,,,,,,,,,,,,
13337,20/06/1979,2024-12-22 06:04:06,,,,,,,,,,,,,,,,,,
13340,31/08/1975,2024-12-22 06:19:48,,,,,,,,,,,,,,,,,,
13343,01/10/1994,2024-12-22 06:58:57,,,,,,,,,,,,,,,,,,
13349,22/11/1996,2024-12-22 07:45:19,,,,,,,,,,,,,,,,,,
13352,20/08/1993,2024-12-22 07:53:34,,,,,,,,,,,,,,,,,,
13358,06/05/1994,2024-12-22 08:35:16,,,,,,,,,,,,,,,,,,
13359,10/03/1992,2024-12-22 08:46:17,,,,,,,,,,,,,,,,,,
13361,10/03/1981,2024-12-22 18:06:54,,,,,,,,,,,,,,,,,,
13365,24/01/1991,2024-12-22 09:16:59,,,,,,,,,,,,,,,,,,
13366,08/09/1975,2024-12-22 09:20:05,,,,,,,,,,,,,,,,,,
13370,25/11/1973,2024-12-22 10:08:03,,,,,,,,,,,,,,,,,,
13372,05/09/1993,2024-12-22 10:12:30,,,,,,,,,,,,,,,,,,
13373,23/01/1986,2024-12-22 10:22:37,,,,,,,,,,,,,,,,,,
13377,30/12/1991,2024-12-22 10:44:51,,,,,,,,,,,,,,,,,,
13380,30/05/1993,2024-12-22 11:03:05,,,,,,,,,,,,,,,,,,
13386,14/02/1987,2024-12-22 11:33:21,,,,,,,,,,,,,,,,,,
13387,06/07/1984,2024-12-26 12:19:02,,,,,,,,,,,,,,,,,,
13388,11/02/1995,2024-12-22 11:36:29,,,,,,,,,,,,,,,,,,
13390,15/03/1995,2024-12-22 11:41:36,,,,,,,,,,,,,,,,,,
13392,17/10/1972,2024-12-22 11:48:32,,,,,,,,,,,,,,,,,,
13393,19/02/2001,2024-12-22 18:45:07,,,,,,,,,,,,,,,,,,
13398,24/12/1964,2024-12-22 14:05:45,,,,,,,,,,,,,,,,,,
13400,25/11/1995,2024-12-22 13:07:22,,,,,,,,,,,,,,,,,,
13406,02/09/1980,2024-12-22 13:06:31,,,,,,,,,,,,,,,,,,
13408,13/05/1990,2024-12-22 13:04:44,,,,,,,,,,,,,,,,,,
13413,12/01/1983,2024-12-30 17:51:15,,,,,,,,,,,,,,,,,,
13414,17/12/1993,2024-12-22 13:26:55,,,,,,,,,,,,,,,,,,
13416,25/03/1987,2024-12-22 13:37:15,,,,,,,,,,,,,,,,,,
13418,23/06/1984,2024-12-22 20:30:27,,,,,,,,,,,,,,,,,,
13419,14/08/1994,2024-12-22 13:41:14,,,,,,,,,,,,,,,,,,
13421,10/12/1981,2024-12-22 13:46:01,,,,,,,,,,,,,,,,,,
13425,12/12/1988,2024-12-24 13:53:59,,,,,,,,,,,,,,,,,,
13438,11/10/1999,2024-12-22 15:00:14,,,,,,,,,,,,,,,,,,
13439,23/05/1983,2024-12-31 22:48:43,,,,,,,,,,,,,,,,,,
13442,18/05/1996,2024-12-22 15:21:46,,,,,,,,,,,,,,,,,,
13444,14/05/1992,2024-12-22 15:51:57,,,,,,,,,,,,,,,,,,
13445,14/01/1984,2024-12-22 15:50:40,,,,,,,,,,,,,,,,,,
13448,05/02/1986,2024-12-22 16:16:35,,,,,,,,,,,,,,,,,,
13452,13/11/1996,2024-12-22 16:23:03,,,,,,,,,,,,,,,,,,
13461,11/10/1981,2024-12-22 16:49:23,,,,,,,,,,,,,,,,,,
13463,06/01/1976,2024-12-22 16:54:09,,,,,,,,,,,,,,,,,,
13465,10/04/2001,2024-12-22 17:01:39,,,,,,,,,,,,,,,,,,
13466,09/12/1989,2024-12-22 17:14:15,,,,,,,,,,,,,,,,,,
13467,09/08/1987,2024-12-22 17:23:37,,,,,,,,,,,,,,,,,,
13469,06/12/1991,2024-12-22 17:28:40,,,,,,,,,,,,,,,,,,
13472,13/07/1994,2024-12-22 17:49:09,,,,,,,,,,,,,,,,,,
13474,27/01/1992,2024-12-22 18:05:57,,,,,,,,,,,,,,,,,,
13475,17/04/1987,2024-12-22 18:08:28,,,,,,,,,,,,,,,,,,
13477,15/05/1970,2024-12-23 13:42:35,,,,,,,,,,,,,,,,,,
13483,09/05/1974,2024-12-22 18:50:21,,,,,,,,,,,,,,,,,,
13490,15/09/1984,2024-12-22 19:46:54,,,,,,,,,,,,,,,,,,
13491,22/10/1983,2024-12-22 19:44:24,,,,,,,,,,,,,,,,,,
13492,10/10/1989,2024-12-22 19:39:39,,,,,,,,,,,,,,,,,,
13497,07/06/1985,2024-12-22 19:54:21,,,,,,,,,,,,,,,,,,
13501,14/09/1999,2024-12-22 20:12:49,,,,,,,,,,,,,,,,,,
13502,25/02/1995,2024-12-22 20:10:58,,,,,,,,,,,,,,,,,,
13505,10/03/1995,2024-12-22 20:14:20,,,,,,,,,,,,,,,,,,
13506,09/11/1969,2024-12-22 20:36:45,,,,,,,,,,,,,,,,,,
13507,21/01/1989,2024-12-22 20:16:55,,,,,,,,,,,,,,,,,,
13508,28/05/1993,2024-12-22 20:19:44,,,,,,,,,,,,,,,,,,
13509,28/02/1992,2024-12-22 20:25:16,,,,,,,,,,,,,,,,,,
13512,06/08/1987,2024-12-22 21:30:48,,,,,,,,,,,,,,,,,,
13514,18/03/1990,2024-12-22 20:33:48,,,,,,,,,,,,,,,,,,
13515,07/09/1997,2024-12-22 20:33:06,,,,,,,,,,,,,,,,,,
13518,13/03/1977,2024-12-22 20:38:28,,,,,,,,,,,,,,,,,,
13519,23/09/1967,2024-12-22 20:57:20,,,,,,,,,,,,,,,,,,
13523,18/12/1974,2024-12-22 20:49:17,,,,,,,,,,,,,,,,,,
13525,10/03/1984,2024-12-22 20:53:36,,,,,,,,,,,,,,,,,,
13526,14/09/1991,2024-12-22 20:50:44,,,,,,,,,,,,,,,,,,
13527,13/12/1991,2024-12-22 20:58:55,,,,,,,,,,,,,,,,,,
13531,16/10/1983,2024-12-22 21:08:33,,,,,,,,,,,,,,,,,,
13533,29/12/1992,2024-12-22 21:04:30,,,,,,,,,,,,,,,,,,
13534,12/11/1999,2024-12-22 21:10:49,,,,,,,,,,,,,,,,,,
13535,10/11/1988,2024-12-22 21:32:23,,,,,,,,,,,,,,,,,,
13536,01/12/1995,2024-12-22 21:17:41,,,,,,,,,,,,,,,,,,
13541,06/02/1990,2024-12-22 21:35:04,,,,,,,,,,,,,,,,,,
13542,19/04/2000,2024-12-23 06:00:06,,,,,,,,,,,,,,,,,,
13543,13/06/1985,2024-12-22 21:44:14,,,,,,,,,,,,,,,,,,
13546,26/05/1980,2024-12-22 22:00:03,,,,,,,,,,,,,,,,,,
13547,07/09/1997,2024-12-22 22:03:30,,,,,,,,,,,,,,,,,,
13548,26/02/1979,2024-12-22 22:11:20,,,,,,,,,,,,,,,,,,
13552,22/11/1983,2024-12-22 22:16:11,,,,,,,,,,,,,,,,,,
13553,31/07/1986,2024-12-23 15:23:05,,,,,,,,,,,,,,,,,,
13555,09/01/1993,2024-12-22 22:18:36,,,,,,,,,,,,,,,,,,
13557,16/06/1990,2024-12-22 22:21:56,,,,,,,,,,,,,,,,,,
13560,31/05/1984,2024-12-22 22:30:10,,,,,,,,,,,,,,,,,,
13561,24/05/1987,2024-12-22 22:25:51,,,,,,,,,,,,,,,,,,
13562,16/06/1991,2024-12-22 22:24:53,,,,,,,,,,,,,,,,,,
13570,23/03/1986,2024-12-22 23:01:58,,,,,,,,,,,,,,,,,,
13572,27/04/1981,2024-12-22 23:03:26,,,,,,,,,,,,,,,,,,
13573,12/05/1997,2024-12-22 23:04:48,,,,,,,,,,,,,,,,,,
13574,10/01/1991,2024-12-22 23:11:56,,,,,,,,,,,,,,,,,,
13578,21/05/1998,2024-12-22 23:29:04,,,,,,,,,,,,,,,,,,
13585,29/05/1997,2024-12-22 23:51:27,,,,,,,,,,,,,,,,,,
13591,02/12/1994,2024-12-23 00:10:27,,,,,,,,,,,,,,,,,,
13593,05/04/2000,2024-12-23 00:17:53,,,,,,,,,,,,,,,,,,
13594,16/12/1996,2024-12-23 00:21:29,,,,,,,,,,,,,,,,,,
13598,06/03/1960,2024-12-23 01:06:09,,,,,,,,,,,,,,,,,,
13609,11/07/1986,2024-12-23 07:24:29,,,,,,,,,,,,,,,,,,
13610,18/12/1983,2024-12-23 05:49:35,,,,,,,,,,,,,,,,,,
13615,16/11/1984,2024-12-23 06:48:07,,,,,,,,,,,,,,,,,,
13622,14/01/1982,2024-12-23 07:50:13,,,,,,,,,,,,,,,,,,
13623,28/05/1991,2024-12-23 07:49:05,,,,,,,,,,,,,,,,,,
13631,12/12/1993,2024-12-23 09:43:36,,,,,,,,,,,,,,,,,,
13634,22/10/1991,2024-12-23 09:40:52,,,,,,,,,,,,,,,,,,
13649,03/03/1970,2024-12-26 11:50:03,,,,,,,,,,,,,,,,,,
13653,06/06/1982,2024-12-23 11:27:24,,,,,,,,,,,,,,,,,,
13658,29/08/1989,2024-12-23 12:24:54,,,,,,,,,,,,,,,,,,
13663,21/02/1995,2024-12-23 12:29:38,,,,,,,,,,,,,,,,,,
13666,22/06/2004,2024-12-23 12:34:30,,,,,,,,,,,,,,,,,,
13668,05/07/1983,2024-12-23 19:31:58,,,,,,,,,,,,,,,,,,
13678,08/09/1986,2024-12-23 12:46:42,,,,,,,,,,,,,,,,,,
13682,25/11/1997,2024-12-23 12:49:23,,,,,,,,,,,,,,,,,,
13685,17/09/1986,2024-12-23 13:01:08,,,,,,,,,,,,,,,,,,
13688,28/07/1988,2024-12-23 13:09:16,,,,,,,,,,,,,,,,,,
13689,07/07/1980,2024-12-23 13:10:10,,,,,,,,,,,,,,,,,,
13692,05/04/2001,2024-12-23 13:21:07,,,,,,,,,,,,,,,,,,
13694,18/11/1981,2024-12-23 13:30:11,,,,,,,,,,,,,,,,,,
13695,18/01/2003,2024-12-23 13:32:21,,,,,,,,,,,,,,,,,,
13697,10/04/1997,2024-12-23 13:34:02,,,,,,,,,,,,,,,,,,
13698,20/04/1996,2024-12-23 13:37:24,,,,,,,,,,,,,,,,,,
13700,07/09/2020,2024-12-23 13:52:33,,,,,,,,,,,,,,,,,,
13701,23/12/1974,2024-12-23 13:51:15,,,,,,,,,,,,,,,,,,
13703,10/06/1997,2024-12-23 13:58:37,,,,,,,,,,,,,,,,,,
13706,07/03/1987,2024-12-23 19:30:30,,,,,,,,,,,,,,,,,,
13708,16/06/1982,2024-12-23 14:38:45,,,,,,,,,,,,,,,,,,
13709,25/07/1992,2024-12-23 14:30:45,,,,,,,,,,,,,,,,,,
13710,23/10/1976,2024-12-23 14:28:29,,,,,,,,,,,,,,,,,,
13711,03/04/1974,2024-12-23 14:35:43,,,,,,,,,,,,,,,,,,
13713,04/02/1991,2024-12-23 14:45:33,,,,,,,,,,,,,,,,,,
13714,22/06/1993,2024-12-23 14:51:30,,,,,,,,,,,,,,,,,,
13715,22/12/1999,2024-12-23 14:49:52,,,,,,,,,,,,,,,,,,
13718,25/04/1984,2024-12-23 15:14:18,,,,,,,,,,,,,,,,,,
13720,07/01/1996,2024-12-23 15:27:51,,,,,,,,,,,,,,,,,,
13726,05/01/1985,2024-12-23 16:58:11,,,,,,,,,,,,,,,,,,
13727,17/04/1984,2024-12-23 16:09:04,,,,,,,,,,,,,,,,,,
13732,25/02/1998,2024-12-23 16:39:52,,,,,,,,,,,,,,,,,,
13737,20/09/1988,2024-12-23 18:14:46,,,,,,,,,,,,,,,,,,
13740,05/07/1979,2024-12-23 18:20:05,,,,,,,,,,,,,,,,,,
13742,10/05/1983,2024-12-23 18:39:37,,,,,,,,,,,,,,,,,,
13750,27/03/1995,2024-12-23 19:18:00,,,,,,,,,,,,,,,,,,
13751,22/12/1997,2024-12-23 19:19:16,,,,,,,,,,,,,,,,,,
13755,26/07/1990,2024-12-23 19:24:41,,,,,,,,,,,,,,,,,,
13762,03/04/1990,2024-12-23 19:35:23,,,,,,,,,,,,,,,,,,
13765,01/05/1998,2024-12-23 19:38:24,,,,,,,,,,,,,,,,,,
13766,01/01/2003,2024-12-24 06:43:00,,,,,,,,,,,,,,,,,,
13768,21/08/2004,2024-12-23 19:40:10,,,,,,,,,,,,,,,,,,
13769,22/03/1989,2024-12-23 19:45:17,,,,,,,,,,,,,,,,,,
13770,24/03/1997,2024-12-23 19:43:31,,,,,,,,,,,,,,,,,,
13771,28/02/1986,2024-12-23 19:55:46,,,,,,,,,,,,,,,,,,
13772,09/03/1987,2024-12-23 19:52:08,,,,,,,,,,,,,,,,,,
13776,27/10/2002,2024-12-23 19:59:30,,,,,,,,,,,,,,,,,,
13777,16/07/1991,2024-12-23 20:02:26,,,,,,,,,,,,,,,,,,
13778,30/04/2000,2024-12-23 20:25:20,,,,,,,,,,,,,,,,,,
13780,15/12/1974,2024-12-23 20:28:18,,,,,,,,,,,,,,,,,,
13783,24/03/1993,2024-12-23 20:41:02,,,,,,,,,,,,,,,,,,
13784,24/01/1977,2024-12-23 20:49:33,,,,,,,,,,,,,,,,,,
13785,14/11/1975,2024-12-23 20:48:06,,,,,,,,,,,,,,,,,,
13786,05/07/1982,2024-12-23 20:59:10,,,,,,,,,,,,,,,,,,
13787,26/11/1999,2024-12-24 06:57:25,,,,,,,,,,,,,,,,,,
13789,27/06/1981,2024-12-23 20:56:01,,,,,,,,,,,,,,,,,,
13795,28/06/1995,2024-12-23 21:15:29,,,,,,,,,,,,,,,,,,
13796,02/02/1982,2024-12-24 04:28:05,,,,,,,,,,,,,,,,,,
13797,18/09/1984,2024-12-23 21:24:29,,,,,,,,,,,,,,,,,,
13799,29/08/1973,2024-12-23 23:04:30,,,,,,,,,,,,,,,,,,
13801,18/01/1997,2024-12-23 21:30:49,,,,,,,,,,,,,,,,,,
13803,15/04/1995,2024-12-23 21:43:13,,,,,,,,,,,,,,,,,,
13814,04/10/1996,2024-12-23 22:18:15,,,,,,,,,,,,,,,,,,
13815,21/09/1999,2024-12-23 22:23:21,,,,,,,,,,,,,,,,,,
13823,20/05/1996,2024-12-23 22:36:34,,,,,,,,,,,,,,,,,,
13825,04/06/1975,2024-12-23 22:47:27,,,,,,,,,,,,,,,,,,
13830,02/16/1082,2024-12-23 23:47:39,,,,,,,,,,,,,,,,,,
13831,11/08/2004,2024-12-23 23:54:23,,,,,,,,,,,,,,,,,,
13832,19/12/2001,2024-12-23 23:51:48,,,,,,,,,,,,,,,,,,
13833,21/08/1996,2024-12-23 23:52:34,,,,,,,,,,,,,,,,,,
13836,17/09/1997,2024-12-24 00:12:04,,,,,,,,,,,,,,,,,,
13837,16/01/2002,2024-12-24 00:14:20,,,,,,,,,,,,,,,,,,
13842,11/11/1983,2024-12-24 01:14:50,,,,,,,,,,,,,,,,,,
13846,15/11/1984,2024-12-24 02:08:50,,,,,,,,,,,,,,,,,,
13850,14/02/1972,2024-12-24 11:06:04,,,,,,,,,,,,,,,,,,
13859,16/07/1982,2024-12-24 10:55:31,,,,,,,,,,,,,,,,,,
13862,18/11/2005,2024-12-24 05:37:59,,,,,,,,,,,,,,,,,,
13864,08/12/2001,2024-12-24 05:27:46,,,,,,,,,,,,,,,,,,
13866,20/09/1987,2024-12-24 08:21:23,,,,,,,,,,,,,,,,,,
13877,19/10/1975,2024-12-24 07:24:30,,,,,,,,,,,,,,,,,,
13879,28/05/1982,2024-12-24 07:47:29,,,,,,,,,,,,,,,,,,
13881,17/05/1971,2024-12-24 08:05:19,,,,,,,,,,,,,,,,,,
13896,07/03/1988,2024-12-24 09:21:22,,,,,,,,,,,,,,,,,,
13900,15/11/1991,2024-12-24 08:44:44,,,,,,,,,,,,,,,,,,
13902,12/10/1993,2024-12-24 09:05:47,,,,,,,,,,,,,,,,,,
13905,09/01/1998,2024-12-24 08:48:42,,,,,,,,,,,,,,,,,,
13907,03/01/2001,2024-12-24 08:45:18,,,,,,,,,,,,,,,,,,
13913,26/04/1995,2024-12-24 08:49:54,,,,,,,,,,,,,,,,,,
13915,09/02/1993,2024-12-25 14:28:13,,,,,,,,,,,,,,,,,,
13916,04/11/1991,2024-12-24 09:26:16,,,,,,,,,,,,,,,,,,
13917,07/01/1997,2024-12-24 09:02:29,,,,,,,,,,,,,,,,,,
13919,28/10/1988,2024-12-24 09:15:29,,,,,,,,,,,,,,,,,,
13921,17/12/1991,2024-12-24 09:04:06,,,,,,,,,,,,,,,,,,
13928,18/06/1993,2024-12-24 09:17:11,,,,,,,,,,,,,,,,,,
13930,25/03/1994,2024-12-24 09:19:29,,,,,,,,,,,,,,,,,,
13938,16/02/1999,2024-12-24 09:27:51,,,,,,,,,,,,,,,,,,
13940,15/11/1987,2024-12-24 09:37:16,,,,,,,,,,,,,,,,,,
13942,31/10/1985,2024-12-24 12:38:17,,,,,,,,,,,,,,,,,,
13946,15/09/1990,2024-12-24 09:57:34,,,,,,,,,,,,,,,,,,
13949,07/06/1973,2024-12-24 10:11:54,,,,,,,,,,,,,,,,,,
13952,26/11/1973,2024-12-24 10:17:55,,,,,,,,,,,,,,,,,,
13953,21/08/2004,2024-12-24 10:14:51,,,,,,,,,,,,,,,,,,
13954,07/01/1985,2024-12-24 10:26:27,,,,,,,,,,,,,,,,,,
13955,30/07/1992,2024-12-24 10:32:42,,,,,,,,,,,,,,,,,,
13959,23/09/2000,2024-12-24 10:34:35,,,,,,,,,,,,,,,,,,
13960,26/12/1995,2024-12-24 10:36:15,,,,,,,,,,,,,,,,,,
13961,25/12/1987,2024-12-24 10:41:32,,,,,,,,,,,,,,,,,,
13968,25/05/2000,2024-12-24 11:07:08,,,,,,,,,,,,,,,,,,
13972,23/05/1988,2024-12-24 11:30:54,,,,,,,,,,,,,,,,,,
13978,06/06/1993,2024-12-24 11:40:22,,,,,,,,,,,,,,,,,,
13981,02/11/1988,2024-12-24 11:59:40,,,,,,,,,,,,,,,,,,
13986,12/04/1986,2024-12-24 12:10:55,,,,,,,,,,,,,,,,,,
13987,31/08/1986,2024-12-24 12:12:27,,,,,,,,,,,,,,,,,,
13990,07/07/1989,2024-12-24 12:19:35,,,,,,,,,,,,,,,,,,
13997,24/08/1994,2024-12-24 12:51:51,,,,,,,,,,,,,,,,,,
13999,18/05/1995,2024-12-24 12:50:55,,,,,,,,,,,,,,,,,,
14010,08/07/1992,2024-12-24 13:24:35,,,,,,,,,,,,,,,,,,
14013,02/05/1984,2024-12-24 13:35:54,,,,,,,,,,,,,,,,,,
14014,03/09/1988,2024-12-24 13:51:10,,,,,,,,,,,,,,,,,,
14019,15/05/1989,2024-12-24 14:52:45,,,,,,,,,,,,,,,,,,
14020,13/03/1995,2024-12-24 14:18:26,,,,,,,,,,,,,,,,,,
14022,18/11/1990,2024-12-24 14:33:50,,,,,,,,,,,,,,,,,,
14027,24/06/1981,2024-12-24 17:32:06,,,,,,,,,,,,,,,,,,
14031,29/09/1985,2024-12-24 15:34:54,,,,,,,,,,,,,,,,,,
14032,07/01/1993,2024-12-24 15:40:52,,,,,,,,,,,,,,,,,,
14044,27/08/1994,2024-12-24 16:17:17,,,,,,,,,,,,,,,,,,
14050,29/06/2000,2024-12-24 16:58:11,,,,,,,,,,,,,,,,,,
14052,28/11/1967,2024-12-24 17:12:59,,,,,,,,,,,,,,,,,,
14060,30/04/1986,2024-12-24 17:46:52,,,,,,,,,,,,,,,,,,
14061,27/09/1993,2024-12-24 18:00:11,,,,,,,,,,,,,,,,,,
14067,28/06/1978,2024-12-24 18:53:11,,,,,,,,,,,,,,,,,,
14071,06/04/1980,2024-12-24 19:06:56,,,,,,,,,,,,,,,,,,
14075,29/04/1978,2024-12-24 19:25:07,,,,,,,,,,,,,,,,,,
14084,10/09/1993,2024-12-24 20:22:41,,,,,,,,,,,,,,,,,,
14085,17/04/1994,2024-12-24 20:25:48,,,,,,,,,,,,,,,,,,
14086,01/06/2000,2024-12-24 20:31:21,,,,,,,,,,,,,,,,,,
14087,22/02/1999,2024-12-25 08:14:37,,,,,,,,,,,,,,,,,,
14088,24/09/1994,2024-12-24 20:44:12,,,,,,,,,,,,,,,,,,
14091,15/05/1988,2024-12-24 20:42:49,,,,,,,,,,,,,,,,,,
14096,10/01/1975,2024-12-24 20:54:54,,,,,,,,,,,,,,,,,,
14099,26/12/1997,2024-12-24 21:01:18,,,,,,,,,,,,,,,,,,
14102,10/02/1998,2024-12-24 21:15:21,,,,,,,,,,,,,,,,,,
14104,27/10/1990,2024-12-24 21:49:11,,,,,,,,,,,,,,,,,,
14108,28/03/1973,2024-12-25 09:29:54,,,,,,,,,,,,,,,,,,
14110,08/02/2000,2024-12-24 22:40:46,,,,,,,,,,,,,,,,,,
14112,28/06/1977,2024-12-24 23:04:37,,,,,,,,,,,,,,,,,,
14126,19/09/1974,2024-12-25 00:42:49,,,,,,,,,,,,,,,,,,
14129,26/11/1968,2024-12-25 01:10:37,,,,,,,,,,,,,,,,,,
14132,05/12/2001,2024-12-25 04:45:52,,,,,,,,,,,,,,,,,,
14141,02/09/1997,2024-12-25 06:43:53,,,,,,,,,,,,,,,,,,
14146,21/05/1980,2024-12-25 08:58:49,,,,,,,,,,,,,,,,,,
14151,06/09/1984,2024-12-25 08:10:44,,,,,,,,,,,,,,,,,,
14152,06/10/1975,2024-12-25 08:36:41,,,,,,,,,,,,,,,,,,
14157,04/06/1973,2024-12-25 08:45:39,,,,,,,,,,,,,,,,,,
14166,08/11/1990,2024-12-25 15:14:53,,,,,,,,,,,,,,,,,,
14168,16/08/1973,2024-12-25 09:51:10,,,,,,,,,,,,,,,,,,
14171,05/11/1993,2024-12-25 09:57:29,,,,,,,,,,,,,,,,,,
14177,19/09/1999,2024-12-25 11:13:27,,,,,,,,,,,,,,,,,,
14178,23/05/1996,2024-12-25 11:19:04,,,,,,,,,,,,,,,,,,
14182,24/09/1999,2024-12-25 11:17:38,,,,,,,,,,,,,,,,,,
14189,14/07/1994,2024-12-25 11:24:05,,,,,,,,,,,,,,,,,,
14194,30/03/1996,2024-12-25 11:31:22,,,,,,,,,,,,,,,,,,
14195,27/11/1995,2024-12-25 11:28:54,,,,,,,,,,,,,,,,,,
14197,30/08/1997,2024-12-25 11:34:45,,,,,,,,,,,,,,,,,,
14200,24/07/1991,2024-12-25 13:24:02,,,,,,,,,,,,,,,,,,
14201,07/04/1998,2024-12-25 11:39:14,,,,,,,,,,,,,,,,,,
14203,27/12/1982,2024-12-25 12:53:25,,,,,,,,,,,,,,,,,,
14204,26/10/1997,2024-12-25 11:45:06,,,,,,,,,,,,,,,,,,
14207,19/10/1997,2024-12-25 12:05:34,,,,,,,,,,,,,,,,,,
14208,15/03/1993,2024-12-25 12:04:52,,,,,,,,,,,,,,,,,,
14209,22/01/2000,2024-12-25 12:35:10,,,,,,,,,,,,,,,,,,
14210,02/07/1992,2024-12-25 12:10:30,,,,,,,,,,,,,,,,,,
14211,25/12/1988,2024-12-25 12:45:05,,,,,,,,,,,,,,,,,,
14216,25/12/1989,2024-12-25 12:19:04,,,,,,,,,,,,,,,,,,
14218,21/02/1997,2024-12-25 12:16:12,,,,,,,,,,,,,,,,,,
14221,03/09/1989,2024-12-25 12:20:50,,,,,,,,,,,,,,,,,,
14223,20/03/1980,2024-12-25 12:30:47,,,,,,,,,,,,,,,,,,
14225,26/04/1993,2024-12-25 12:29:00,,,,,,,,,,,,,,,,,,
14226,26/06/1996,2024-12-25 12:26:18,,,,,,,,,,,,,,,,,,
14228,25/02/1994,2024-12-25 17:55:57,,,,,,,,,,,,,,,,,,
14238,01/02/1999,2024-12-27 10:37:42,,,,,,,,,,,,,,,,,,
14241,16/07/1980,2024-12-25 12:41:58,,,,,,,,,,,,,,,,,,
14247,09/04/2000,2024-12-25 12:46:48,,,,,,,,,,,,,,,,,,
14249,19/05/1986,2024-12-25 13:17:19,,,,,,,,,,,,,,,,,,
14250,30/05/1997,2024-12-25 12:47:55,,,,,,,,,,,,,,,,,,
14255,20/01/1979,2024-12-26 14:05:23,,,,,,,,,,,,,,,,,,
14256,28/01/1998,2024-12-25 12:51:59,,,,,,,,,,,,,,,,,,
14262,21/09/1998,2024-12-25 13:01:14,,,,,,,,,,,,,,,,,,
14263,06/09/1997,2024-12-25 12:59:18,,,,,,,,,,,,,,,,,,
14264,16/05/1997,2024-12-25 13:30:59,,,,,,,,,,,,,,,,,,
14266,18/06/1983,2024-12-25 13:07:31,,,,,,,,,,,,,,,,,,
14268,26/11/1999,2024-12-25 13:04:46,,,,,,,,,,,,,,,,,,
14270,20/05/1979,2024-12-25 13:52:57,,,,,,,,,,,,,,,,,,
14271,04/07/1989,2024-12-25 13:09:18,,,,,,,,,,,,,,,,,,
14273,30/07/1997,2024-12-25 13:20:08,,,,,,,,,,,,,,,,,,
14283,08/10/1997,2024-12-25 13:21:58,,,,,,,,,,,,,,,,,,
14286,05/12/1995,2024-12-25 13:25:26,,,,,,,,,,,,,,,,,,
14288,25/05/1981,2024-12-25 14:04:58,,,,,,,,,,,,,,,,,,
14290,19/11/1999,2024-12-25 13:32:11,,,,,,,,,,,,,,,,,,
14292,23/08/2001,2024-12-25 13:40:46,,,,,,,,,,,,,,,,,,
14293,19/03/1973,2024-12-25 13:44:01,,,,,,,,,,,,,,,,,,
14297,04/04/1996,2024-12-25 13:51:46,,,,,,,,,,,,,,,,,,
14299,17/11/1974,2024-12-25 14:39:08,,,,,,,,,,,,,,,,,,
14302,09/04/1980,2024-12-25 14:03:23,,,,,,,,,,,,,,,,,,
14303,08/08/1988,2024-12-25 13:59:07,,,,,,,,,,,,,,,,,,
14305,27/03/1989,2024-12-25 14:02:01,,,,,,,,,,,,,,,,,,
14307,30/08/1997,2024-12-25 14:07:42,,,,,,,,,,,,,,,,,,
14310,07/10/1976,2024-12-25 14:18:07,,,,,,,,,,,,,,,,,,
14311,26/04/1972,2024-12-25 16:35:55,,,,,,,,,,,,,,,,,,
14317,26/07/1980,2024-12-25 14:29:57,,,,,,,,,,,,,,,,,,
14319,07/10/2000,2024-12-25 14:36:58,,,,,,,,,,,,,,,,,,
14321,27/10/1998,2024-12-25 14:42:08,,,,,,,,,,,,,,,,,,
14322,19/09/1994,2024-12-25 14:50:02,,,,,,,,,,,,,,,,,,
14325,16/02/1996,2024-12-25 14:52:11,,,,,,,,,,,,,,,,,,
14330,30/07/1992,2024-12-25 15:35:26,,,,,,,,,,,,,,,,,,
14332,08/04/1993,2024-12-25 15:40:29,,,,,,,,,,,,,,,,,,
14333,12/04/1987,2024-12-25 15:41:59,,,,,,,,,,,,,,,,,,
14335,19/10/1984,2024-12-25 15:48:11,,,,,,,,,,,,,,,,,,
14336,11/08/1995,2024-12-25 15:53:04,,,,,,,,,,,,,,,,,,
14341,05/10/1999,2024-12-25 16:21:05,,,,,,,,,,,,,,,,,,
14344,20/03/1983,2024-12-25 20:19:52,,,,,,,,,,,,,,,,,,
14346,15/01/2002,2024-12-25 16:40:43,,,,,,,,,,,,,,,,,,
14347,10/04/1987,2024-12-25 16:45:34,,,,,,,,,,,,,,,,,,
14348,27/08/1980,2024-12-25 16:57:33,,,,,,,,,,,,,,,,,,
14353,23/10/1984,2024-12-25 16:54:14,,,,,,,,,,,,,,,,,,
14356,02/06/1984,2024-12-25 17:14:42,,,,,,,,,,,,,,,,,,
14360,28/11/1978,2024-12-25 17:12:15,,,,,,,,,,,,,,,,,,
14366,28/08/1999,2024-12-25 17:54:47,,,,,,,,,,,,,,,,,,
14370,17/11/1992,2024-12-25 18:22:56,,,,,,,,,,,,,,,,,,
14373,16/05/1974,2024-12-31 09:37:32,,,,,,,,,,,,,,,,,,
14379,21/08/1993,2024-12-30 09:53:36,,,,,,,,,,,,,,,,,,
14380,27/09/1997,2024-12-25 18:54:19,,,,,,,,,,,,,,,,,,
14382,17/07/1993,2024-12-25 19:26:01,,,,,,,,,,,,,,,,,,
14383,01/03/1977,2024-12-25 19:19:10,,,,,,,,,,,,,,,,,,
14384,06/08/1981,2024-12-25 19:27:51,,,,,,,,,,,,,,,,,,
14386,19/01/1983,2024-12-25 19:43:32,,,,,,,,,,,,,,,,,,
14394,08/01/1979,2024-12-25 19:52:50,,,,,,,,,,,,,,,,,,
14395,15/04/1992,2024-12-25 20:24:49,,,,,,,,,,,,,,,,,,
14397,16/06/1983,2024-12-25 20:05:24,,,,,,,,,,,,,,,,,,
14400,25/08/1982,2024-12-25 20:20:37,,,,,,,,,,,,,,,,,,
14402,28/01/1990,2024-12-25 20:17:28,,,,,,,,,,,,,,,,,,
14403,05/02/1997,2024-12-25 20:21:10,,,,,,,,,,,,,,,,,,
14409,06/01/1977,2024-12-25 20:45:14,,,,,,,,,,,,,,,,,,
14415,15/09/1989,2024-12-25 21:04:26,,,,,,,,,,,,,,,,,,
14418,03/07/1984,2024-12-26 07:30:33,,,,,,,,,,,,,,,,,,
14425,07/05/1968,2024-12-25 21:58:16,,,,,,,,,,,,,,,,,,
14432,15/01/1980,2024-12-25 22:37:30,,,,,,,,,,,,,,,,,,
14439,01/11/1983,2024-12-25 22:49:42,,,,,,,,,,,,,,,,,,
14440,05/03/1996,2024-12-25 22:54:05,,,,,,,,,,,,,,,,,,
14446,17/08/1996,2024-12-25 23:30:37,,,,,,,,,,,,,,,,,,
14448,07/02/1989,2024-12-25 23:47:49,,,,,,,,,,,,,,,,,,
14451,25/12/2001,2024-12-26 00:18:27,,,,,,,,,,,,,,,,,,
14452,12/01/2001,2024-12-26 00:21:44,,,,,,,,,,,,,,,,,,
14458,17/08/1999,2024-12-26 01:57:39,,,,,,,,,,,,,,,,,,
14460,08/12/1987,2024-12-26 02:21:44,,,,,,,,,,,,,,,,,,
14461,22/04/1982,2024-12-26 02:51:01,,,,,,,,,,,,,,,,,,
14466,23/05/1988,2024-12-26 04:39:53,,,,,,,,,,,,,,,,,,
14471,26/08/1982,2024-12-26 06:07:39,,,,,,,,,,,,,,,,,,
14474,03/04/1981,2024-12-26 06:39:25,,,,,,,,,,,,,,,,,,
14475,09/09/1991,2024-12-26 06:43:28,,,,,,,,,,,,,,,,,,
14476,25/08/1987,2024-12-26 06:47:13,,,,,,,,,,,,,,,,,,
14483,06/12/1988,2024-12-30 08:48:03,,,,,,,,,,,,,,,,,,
14485,13/04/1973,2024-12-26 07:26:06,,,,,,,,,,,,,,,,,,
14486,06/01/1980,2024-12-26 07:36:06,,,,,,,,,,,,,,,,,,
14488,01/09/1978,2024-12-26 17:47:56,,,,,,,,,,,,,,,,,,
14490,12/06/1978,2024-12-26 09:09:44,,,,,,,,,,,,,,,,,,
14504,14/07/1982,2024-12-26 09:24:37,,,,,,,,,,,,,,,,,,
14506,17/02/2000,2024-12-26 09:49:38,,,,,,,,,,,,,,,,,,
14508,18/12/1989,2024-12-26 10:04:54,,,,,,,,,,,,,,,,,,
14510,14/01/2024,2024-12-26 10:15:04,,,,,,,,,,,,,,,,,,
14511,07/12/1988,2024-12-26 10:17:00,,,,,,,,,,,,,,,,,,
14513,17/10/1993,2024-12-26 10:35:28,,,,,,,,,,,,,,,,,,
14518,14/03/1986,2024-12-26 10:38:48,,,,,,,,,,,,,,,,,,
14521,24/01/1999,2024-12-26 10:57:55,,,,,,,,,,,,,,,,,,
14522,13/08/1996,2024-12-26 10:59:28,,,,,,,,,,,,,,,,,,
14523,14/08/1990,2024-12-26 11:03:20,,,,,,,,,,,,,,,,,,
14524,28/03/1993,2024-12-26 11:07:47,,,,,,,,,,,,,,,,,,
14527,03/04/1987,2024-12-26 11:18:04,,,,,,,,,,,,,,,,,,
14528,11/03/1999,2024-12-26 11:18:52,,,,,,,,,,,,,,,,,,
14529,12/06/1996,2024-12-26 11:20:38,,,,,,,,,,,,,,,,,,
14532,24/10/1983,2024-12-26 11:26:00,,,,,,,,,,,,,,,,,,
14533,21/03/1986,2024-12-26 11:30:01,,,,,,,,,,,,,,,,,,
14540,25/03/1998,2024-12-26 11:53:06,,,,,,,,,,,,,,,,,,
14543,28/06/1997,2024-12-26 12:13:13,,,,,,,,,,,,,,,,,,
14548,25/02/2004,2024-12-26 12:44:59,,,,,,,,,,,,,,,,,,
14551,15/09/1993,2024-12-26 13:13:32,,,,,,,,,,,,,,,,,,
14558,16/06/1990,2024-12-26 13:30:50,,,,,,,,,,,,,,,,,,
14560,26/11/1995,2024-12-26 13:49:51,,,,,,,,,,,,,,,,,,
14568,21/07/1986,2024-12-26 14:17:28,,,,,,,,,,,,,,,,,,
14575,26/11/1988,2024-12-26 14:23:20,,,,,,,,,,,,,,,,,,
14583,15/01/1987,2024-12-26 15:25:39,,,,,,,,,,,,,,,,,,
14587,17/12/1995,2024-12-26 15:20:12,,,,,,,,,,,,,,,,,,
14589,14/08/1965,2024-12-26 15:42:36,,,,,,,,,,,,,,,,,,
14594,15/03/1998,2024-12-26 15:45:45,,,,,,,,,,,,,,,,,,
14597,07/04/1987,2024-12-26 16:00:28,,,,,,,,,,,,,,,,,,
14598,07/02/1989,2024-12-26 16:05:56,,,,,,,,,,,,,,,,,,
14599,01/11/1998,2024-12-26 16:04:27,,,,,,,,,,,,,,,,,,
14604,08/12/1996,2024-12-26 16:31:33,,,,,,,,,,,,,,,,,,
14606,02/01/1987,2024-12-26 16:40:53,,,,,,,,,,,,,,,,,,
14607,27/11/1995,2024-12-26 16:52:42,,,,,,,,,,,,,,,,,,
14609,05/09/1983,2024-12-26 17:02:36,,,,,,,,,,,,,,,,,,
14612,06/03/1996,2024-12-26 17:05:56,,,,,,,,,,,,,,,,,,
14613,07/11/1994,2024-12-26 17:08:14,,,,,,,,,,,,,,,,,,
14616,23/02/1997,2024-12-26 17:18:01,,,,,,,,,,,,,,,,,,
14621,10/04/1982,2024-12-26 22:06:30,,,,,,,,,,,,,,,,,,
14622,20/08/2000,2024-12-26 18:08:45,,,,,,,,,,,,,,,,,,
14627,10/11/1988,2024-12-26 18:31:01,,,,,,,,,,,,,,,,,,
14633,17/01/1996,2024-12-26 18:56:40,,,,,,,,,,,,,,,,,,
14634,15/09/1984,2024-12-26 19:01:04,,,,,,,,,,,,,,,,,,
14636,10/04/1975,2024-12-26 19:38:32,,,,,,,,,,,,,,,,,,
14640,19/07/1968,2024-12-26 20:00:33,,,,,,,,,,,,,,,,,,
14643,17/11/1990,2024-12-26 20:14:43,,,,,,,,,,,,,,,,,,
14651,19/04/1979,2024-12-26 21:34:38,,,,,,,,,,,,,,,,,,
14653,26/12/2008,2024-12-26 21:47:05,,,,,,,,,,,,,,,,,,
14656,12/11/1990,2024-12-26 21:51:32,,,,,,,,,,,,,,,,,,
14658,13/11/1990,2024-12-26 21:57:06,,,,,,,,,,,,,,,,,,
14660,24/03/1991,2024-12-26 22:13:45,,,,,,,,,,,,,,,,,,
14666,27/10/1994,2024-12-26 22:46:40,,,,,,,,,,,,,,,,,,
14669,25/09/1994,2024-12-26 22:59:33,,,,,,,,,,,,,,,,,,
14673,21/01/1981,2024-12-26 23:15:56,,,,,,,,,,,,,,,,,,
14674,10/08/1987,2024-12-26 23:21:25,,,,,,,,,,,,,,,,,,
14697,02/06/1966,2024-12-27 05:10:59,,,,,,,,,,,,,,,,,,
14698,16/04/1990,2024-12-27 05:11:59,,,,,,,,,,,,,,,,,,
14702,15/03/1979,2024-12-27 05:46:49,,,,,,,,,,,,,,,,,,
14704,04/06/1976,2024-12-27 06:23:11,,,,,,,,,,,,,,,,,,
14705,24/08/1990,2024-12-27 06:37:36,,,,,,,,,,,,,,,,,,
14707,12/01/1993,2024-12-27 07:27:08,,,,,,,,,,,,,,,,,,
14710,06/02/1985,2024-12-27 07:58:10,,,,,,,,,,,,,,,,,,
14711,04/10/1977,2024-12-27 08:00:41,,,,,,,,,,,,,,,,,,
14713,26/10/1971,2024-12-27 08:25:34,,,,,,,,,,,,,,,,,,
14716,31/08/1989,2024-12-27 08:56:47,,,,,,,,,,,,,,,,,,
14726,03/10/1983,2024-12-27 10:04:05,,,,,,,,,,,,,,,,,,
14727,14/11/1981,2024-12-27 10:16:40,,,,,,,,,,,,,,,,,,
14732,04/08/1995,2024-12-27 10:45:13,,,,,,,,,,,,,,,,,,
14734,11/04/1986,2024-12-27 11:17:18,,,,,,,,,,,,,,,,,,
14740,08/05/1982,2024-12-27 11:28:58,,,,,,,,,,,,,,,,,,
14743,09/01/1982,2024-12-27 11:35:32,,,,,,,,,,,,,,,,,,
14747,01/05/2000,2024-12-27 11:56:06,,,,,,,,,,,,,,,,,,
14748,11/01/1980,2024-12-28 12:15:59,,,,,,,,,,,,,,,,,,
14751,27/06/1972,2024-12-27 12:13:48,,,,,,,,,,,,,,,,,,
14752,09/11/2000,2024-12-27 12:23:11,,,,,,,,,,,,,,,,,,
14760,24/08/1986,2024-12-27 13:12:47,,,,,,,,,,,,,,,,,,
14762,24/04/1997,2024-12-27 13:34:55,,,,,,,,,,,,,,,,,,
14764,09/11/1997,2024-12-27 13:45:22,,,,,,,,,,,,,,,,,,
14766,01/03/1971,2024-12-27 13:50:52,,,,,,,,,,,,,,,,,,
14772,25/06/1996,2024-12-27 15:09:36,,,,,,,,,,,,,,,,,,
14779,13/04/1992,2024-12-27 15:20:03,,,,,,,,,,,,,,,,,,
14792,22/08/2000,2024-12-27 15:38:37,,,,,,,,,,,,,,,,,,
14797,20/03/1986,2024-12-27 16:21:52,,,,,,,,,,,,,,,,,,
14804,24/10/2005,2024-12-27 16:39:24,,,,,,,,,,,,,,,,,,
14806,04/08/1981,2024-12-27 16:43:21,,,,,,,,,,,,,,,,,,
14807,06/12/1983,2024-12-27 16:47:05,,,,,,,,,,,,,,,,,,
14808,11/11/1975,2024-12-27 17:11:29,,,,,,,,,,,,,,,,,,
14814,03/09/2001,2024-12-27 18:07:41,,,,,,,,,,,,,,,,,,
14815,18/05/1964,2024-12-27 18:13:10,,,,,,,,,,,,,,,,,,
14817,17/07/1985,2024-12-27 18:17:52,,,,,,,,,,,,,,,,,,
14820,27/10/1998,2024-12-27 18:45:30,,,,,,,,,,,,,,,,,,
14821,11/04/2000,2024-12-27 18:58:50,,,,,,,,,,,,,,,,,,
14822,19/02/1990,2024-12-27 18:52:03,,,,,,,,,,,,,,,,,,
14824,19/02/2002,2024-12-27 18:54:39,,,,,,,,,,,,,,,,,,
14825,28/01/1983,2024-12-27 18:56:43,,,,,,,,,,,,,,,,,,
14829,14/11/1995,2024-12-27 19:18:23,,,,,,,,,,,,,,,,,,
14834,08/01/1966,2024-12-27 19:55:10,,,,,,,,,,,,,,,,,,
14836,24/01/1996,2024-12-27 20:07:13,,,,,,,,,,,,,,,,,,
14841,07/12/1993,2024-12-27 20:18:06,,,,,,,,,,,,,,,,,,
14846,19/03/1985,2024-12-27 20:30:45,,,,,,,,,,,,,,,,,,
14848,19/03/1988,2024-12-27 20:40:10,,,,,,,,,,,,,,,,,,
14849,26/11/1982,2024-12-27 20:44:03,,,,,,,,,,,,,,,,,,
14851,17/09/1994,2024-12-27 20:54:08,,,,,,,,,,,,,,,,,,
14852,30/12/1995,2024-12-28 21:45:30,,,,,,,,,,,,,,,,,,
14854,20/12/1977,2024-12-27 20:59:49,,,,,,,,,,,,,,,,,,
14856,17/06/1982,2024-12-27 21:02:53,,,,,,,,,,,,,,,,,,
14859,30/04/1979,2024-12-27 21:09:45,,,,,,,,,,,,,,,,,,
14860,19/06/1986,2024-12-27 21:11:49,,,,,,,,,,,,,,,,,,
14864,22/10/1982,2024-12-27 21:20:43,,,,,,,,,,,,,,,,,,
14870,01/09/1991,2024-12-27 21:24:05,,,,,,,,,,,,,,,,,,
14874,07/05/1987,2024-12-27 21:48:12,,,,,,,,,,,,,,,,,,
14875,03/11/1997,2024-12-27 21:45:49,,,,,,,,,,,,,,,,,,
14886,11/08/1994,2024-12-27 22:41:49,,,,,,,,,,,,,,,,,,
14887,25/12/1982,2024-12-27 22:52:24,,,,,,,,,,,,,,,,,,
14888,30/05/1995,2024-12-27 22:46:02,,,,,,,,,,,,,,,,,,
14891,02/03/1968,2024-12-28 20:47:03,,,,,,,,,,,,,,,,,,
14893,29/07/1992,2024-12-27 23:00:53,,,,,,,,,,,,,,,,,,
14894,18/06/1993,2024-12-27 22:59:10,,,,,,,,,,,,,,,,,,
14896,03/05/1991,2024-12-27 23:43:19,,,,,,,,,,,,,,,,,,
14900,07/04/1996,2024-12-28 00:04:58,,,,,,,,,,,,,,,,,,
14908,30/11/1968,2024-12-31 16:53:32,,,,,,,,,,,,,,,,,,
14909,01/07/1977,2024-12-28 00:57:53,,,,,,,,,,,,,,,,,,
14913,11/06/1979,2024-12-28 01:39:19,,,,,,,,,,,,,,,,,,
14925,10/01/1989,2024-12-28 05:50:05,,,,,,,,,,,,,,,,,,
14926,28/08/1984,2024-12-28 06:00:58,,,,,,,,,,,,,,,,,,
14931,02/10/1989,2024-12-28 06:22:39,,,,,,,,,,,,,,,,,,
14938,19/09/2003,2024-12-28 06:23:50,,,,,,,,,,,,,,,,,,
14942,27/08/1995,2024-12-28 06:34:31,,,,,,,,,,,,,,,,,,
14945,20/10/1975,2024-12-28 07:00:28,,,,,,,,,,,,,,,,,,
14947,29/05/1978,2024-12-29 15:57:36,,,,,,,,,,,,,,,,,,
14949,10/06/1997,2024-12-28 07:45:16,,,,,,,,,,,,,,,,,,
14951,09/06/1995,2024-12-28 08:09:43,,,,,,,,,,,,,,,,,,
14957,14/08/1991,2024-12-28 09:09:41,,,,,,,,,,,,,,,,,,
14958,29/05/1961,2024-12-28 09:24:35,,,,,,,,,,,,,,,,,,
14960,08/08/1958,2024-12-31 10:35:17,,,,,,,,,,,,,,,,,,
14963,01/03/2007,2024-12-28 09:54:14,,,,,,,,,,,,,,,,,,
14969,10/01/1997,2024-12-28 10:36:59,,,,,,,,,,,,,,,,,,
14970,12/03/2003,2024-12-28 10:47:34,,,,,,,,,,,,,,,,,,
14972,30/06/1977,2024-12-28 11:23:26,,,,,,,,,,,,,,,,,,
14975,08/09/1964,2024-12-28 11:40:40,,,,,,,,,,,,,,,,,,
14976,23/07/1991,2024-12-28 11:47:33,,,,,,,,,,,,,,,,,,
14977,11/09/1986,2024-12-28 11:51:12,,,,,,,,,,,,,,,,,,
14978,22/12/1994,2024-12-28 11:52:21,,,,,,,,,,,,,,,,,,
14983,18/07/1991,2024-12-28 12:04:21,,,,,,,,,,,,,,,,,,
14990,25/09/1989,2024-12-29 10:54:53,,,,,,,,,,,,,,,,,,
14992,18/09/2000,2024-12-28 13:04:38,,,,,,,,,,,,,,,,,,
14993,19/07/1987,2024-12-30 13:21:43,,,,,,,,,,,,,,,,,,
14994,16/07/1981,2024-12-28 13:09:34,,,,,,,,,,,,,,,,,,
14995,10/07/1983,2024-12-28 13:15:36,,,,,,,,,,,,,,,,,,
14996,02/03/1979,2024-12-28 13:18:03,,,,,,,,,,,,,,,,,,
15000,31/07/1982,2024-12-28 13:22:04,,,,,,,,,,,,,,,,,,
15001,06/12/1974,2024-12-28 13:28:38,,,,,,,,,,,,,,,,,,
15003,05/05/1978,2024-12-28 13:33:25,,,,,,,,,,,,,,,,,,
15005,01/04/1987,2024-12-28 13:45:15,,,,,,,,,,,,,,,,,,
15006,17/11/1995,2024-12-28 13:53:57,,,,,,,,,,,,,,,,,,
15008,16/06/1983,2024-12-28 14:05:42,,,,,,,,,,,,,,,,,,
15013,17/07/1995,2024-12-28 14:34:58,,,,,,,,,,,,,,,,,,
15014,08/12/1994,2024-12-28 14:48:01,,,,,,,,,,,,,,,,,,
15018,21/02/1994,2024-12-28 15:04:15,,,,,,,,,,,,,,,,,,
15021,26/09/1968,2024-12-28 15:11:00,,,,,,,,,,,,,,,,,,
15026,12/08/1979,2024-12-28 15:36:04,,,,,,,,,,,,,,,,,,
15029,31/01/1994,2024-12-28 16:02:34,,,,,,,,,,,,,,,,,,
15030,03/07/1988,2024-12-28 15:59:18,,,,,,,,,,,,,,,,,,
15035,31/05/1988,2024-12-29 10:44:24,,,,,,,,,,,,,,,,,,
15036,03/03/1984,2024-12-28 16:19:37,,,,,,,,,,,,,,,,,,
15038,15/07/1981,2024-12-28 16:22:24,,,,,,,,,,,,,,,,,,
15044,14/07/1976,2024-12-31 13:21:04,,,,,,,,,,,,,,,,,,
15046,15/09/1978,2024-12-28 16:37:28,,,,,,,,,,,,,,,,,,
15049,02/06/1959,2024-12-28 16:50:49,,,,,,,,,,,,,,,,,,
15052,05/11/1987,2024-12-28 17:15:58,,,,,,,,,,,,,,,,,,
15053,20/12/1989,2024-12-28 17:21:27,,,,,,,,,,,,,,,,,,
15054,25/05/1979,2024-12-28 17:37:40,,,,,,,,,,,,,,,,,,
15083,13/04/1993,2024-12-28 20:10:25,,,,,,,,,,,,,,,,,,
15087,18/10/1991,2024-12-28 20:36:54,,,,,,,,,,,,,,,,,,
15089,06/04/1992,2024-12-28 20:38:38,,,,,,,,,,,,,,,,,,
15090,22/03/1963,2024-12-28 20:41:56,,,,,,,,,,,,,,,,,,
15091,03/05/1990,2024-12-28 20:41:02,,,,,,,,,,,,,,,,,,
15092,09/12/1957,2024-12-28 21:09:51,,,,,,,,,,,,,,,,,,
15101,17/02/1984,2024-12-28 21:41:22,,,,,,,,,,,,,,,,,,
15103,07/03/2009,2024-12-28 21:54:26,,,,,,,,,,,,,,,,,,
15104,09/07/1992,2025-01-04 22:42:07,,,,,,,,,,,,,,,,,,
15106,31/01/2007,2024-12-28 22:05:39,,,,,,,,,,,,,,,,,,
15109,15/02/1997,2024-12-28 22:22:39,,,,,,,,,,,,,,,,,,
15111,01/11/1992,2024-12-28 22:45:31,,,,,,,,,,,,,,,,,,
15112,30/03/2007,2024-12-28 22:52:24,,,,,,,,,,,,,,,,,,
15113,20/02/1996,2024-12-28 22:50:13,,,,,,,,,,,,,,,,,,
15115,21/07/1991,2024-12-28 23:26:22,,,,,,,,,,,,,,,,,,
15118,26/11/1990,2024-12-28 23:40:56,,,,,,,,,,,,,,,,,,
15127,07/07/1976,2024-12-29 01:35:36,,,,,,,,,,,,,,,,,,
15130,23/06/1989,2024-12-29 02:30:19,,,,,,,,,,,,,,,,,,
15143,01/08/1966,2024-12-29 05:24:01,,,,,,,,,,,,,,,,,,
15149,02/02/1978,2024-12-29 06:30:02,,,,,,,,,,,,,,,,,,
15151,28/12/1994,2024-12-29 07:10:02,,,,,,,,,,,,,,,,,,
15152,30/09/1970,2024-12-29 07:58:10,,,,,,,,,,,,,,,,,,
15153,21/06/1994,2024-12-29 08:11:21,,,,,,,,,,,,,,,,,,
15155,18/12/1972,2024-12-29 09:03:37,,,,,,,,,,,,,,,,,,
15156,12/16/1089,2024-12-29 09:05:29,,,,,,,,,,,,,,,,,,
15159,01/12/1982,2024-12-29 10:13:18,,,,,,,,,,,,,,,,,,
15163,05/12/1990,2024-12-29 10:45:19,,,,,,,,,,,,,,,,,,
15180,24/11/1994,2024-12-29 13:15:56,,,,,,,,,,,,,,,,,,
15185,01/01/1979,2024-12-29 14:09:36,,,,,,,,,,,,,,,,,,
15186,19/07/1992,2024-12-29 14:11:04,,,,,,,,,,,,,,,,,,
15192,13/04/1979,2024-12-29 14:22:20,,,,,,,,,,,,,,,,,,
15203,19/07/1979,2024-12-29 15:12:51,,,,,,,,,,,,,,,,,,
15206,07/06/1985,2024-12-29 15:20:57,,,,,,,,,,,,,,,,,,
15208,10/02/1988,2024-12-29 15:32:15,,,,,,,,,,,,,,,,,,
15210,15/06/1977,2024-12-29 16:19:13,,,,,,,,,,,,,,,,,,
15214,19/12/1991,2024-12-29 15:50:59,,,,,,,,,,,,,,,,,,
15220,04/08/1995,2024-12-29 16:25:54,,,,,,,,,,,,,,,,,,
15228,10/04/1989,2024-12-29 17:05:03,,,,,,,,,,,,,,,,,,
15230,17/05/2003,2024-12-29 17:15:41,,,,,,,,,,,,,,,,,,
15238,31/03/1982,2024-12-29 18:05:54,,,,,,,,,,,,,,,,,,
15243,29/09/2000,2024-12-29 18:20:58,,,,,,,,,,,,,,,,,,
15246,11/08/1969,2024-12-29 18:33:57,,,,,,,,,,,,,,,,,,
15250,08/02/1979,2024-12-29 18:44:14,,,,,,,,,,,,,,,,,,
15267,22/01/1977,2024-12-29 19:54:23,,,,,,,,,,,,,,,,,,
15269,15/09/1995,2024-12-29 19:32:48,,,,,,,,,,,,,,,,,,
15273,27/12/1982,2024-12-29 19:46:33,,,,,,,,,,,,,,,,,,
15276,05/04/1968,2024-12-29 22:37:17,,,,,,,,,,,,,,,,,,
15280,02/11/1992,2024-12-29 20:34:53,,,,,,,,,,,,,,,,,,
15285,01/01/1991,2024-12-30 10:13:30,,,,,,,,,,,,,,,,,,
15293,27/09/1997,2024-12-29 21:16:36,,,,,,,,,,,,,,,,,,
15298,04/09/1993,2024-12-29 23:53:50,,,,,,,,,,,,,,,,,,
15299,25/05/1989,2024-12-29 21:50:18,,,,,,,,,,,,,,,,,,
15303,19/04/1986,2024-12-30 12:10:11,,,,,,,,,,,,,,,,,,
15305,25/03/1983,2024-12-29 22:18:01,,,,,,,,,,,,,,,,,,
15307,14/06/1989,2024-12-29 22:29:03,,,,,,,,,,,,,,,,,,
15308,12/06/1995,2024-12-29 22:40:27,,,,,,,,,,,,,,,,,,
15315,03/02/1994,2024-12-29 23:42:13,,,,,,,,,,,,,,,,,,
15321,18/10/1997,2024-12-30 00:22:58,,,,,,,,,,,,,,,,,,
15340,11/07/1980,2024-12-30 04:01:04,,,,,,,,,,,,,,,,,,
15344,22/12/1992,2024-12-30 05:41:27,,,,,,,,,,,,,,,,,,
15357,22/06/1999,2024-12-30 07:58:07,,,,,,,,,,,,,,,,,,
15358,31/07/1983,2024-12-30 09:00:16,,,,,,,,,,,,,,,,,,
15359,27/12/1988,2024-12-30 14:35:10,,,,,,,,,,,,,,,,,,
15361,23/04/1992,2024-12-30 08:21:07,,,,,,,,,,,,,,,,,,
15362,23/04/2000,2024-12-30 08:52:15,,,,,,,,,,,,,,,,,,
15364,12/10/1971,2024-12-30 08:36:16,,,,,,,,,,,,,,,,,,
15368,06/09/1986,2024-12-30 08:55:05,,,,,,,,,,,,,,,,,,
15371,05/07/1988,2024-12-30 10:12:27,,,,,,,,,,,,,,,,,,
15375,11/01/1994,2024-12-30 09:33:36,,,,,,,,,,,,,,,,,,
15377,12/08/1975,2024-12-30 09:39:29,,,,,,,,,,,,,,,,,,
15383,24/11/1983,2024-12-30 10:15:02,,,,,,,,,,,,,,,,,,
15396,26/07/1978,2024-12-30 12:29:17,,,,,,,,,,,,,,,,,,
15397,09/02/1955,2024-12-30 12:38:24,,,,,,,,,,,,,,,,,,
15405,18/05/1988,2024-12-30 13:27:27,,,,,,,,,,,,,,,,,,
15411,24/04/1979,2024-12-30 15:06:38,,,,,,,,,,,,,,,,,,
15412,05/01/1986,2024-12-30 13:46:47,,,,,,,,,,,,,,,,,,
15415,13/04/1972,2024-12-30 14:23:09,,,,,,,,,,,,,,,,,,
15417,03/06/1991,2024-12-30 15:31:20,,,,,,,,,,,,,,,,,,
15429,02/05/1977,2024-12-30 15:34:08,,,,,,,,,,,,,,,,,,
15430,12/05/1978,2024-12-30 15:42:05,,,,,,,,,,,,,,,,,,
15442,08/03/1988,2024-12-30 16:32:05,,,,,,,,,,,,,,,,,,
15444,20/10/1973,2024-12-30 16:28:26,,,,,,,,,,,,,,,,,,
15448,17/04/1970,2024-12-30 16:43:46,,,,,,,,,,,,,,,,,,
15449,06/09/1989,2024-12-30 16:46:44,,,,,,,,,,,,,,,,,,
15450,08/02/1994,2024-12-30 16:56:24,,,,,,,,,,,,,,,,,,
15452,06/08/1985,2024-12-30 19:56:42,,,,,,,,,,,,,,,,,,
15454,17/09/1989,2024-12-30 17:27:48,,,,,,,,,,,,,,,,,,
15460,16/09/1979,2024-12-30 18:24:39,,,,,,,,,,,,,,,,,,
15471,16/10/1989,2024-12-30 19:38:56,,,,,,,,,,,,,,,,,,
15478,10/09/2003,2024-12-30 20:15:33,,,,,,,,,,,,,,,,,,
15480,08/01/1980,2024-12-30 20:51:49,,,,,,,,,,,,,,,,,,
15487,01/01/1980,2024-12-30 21:13:49,,,,,,,,,,,,,,,,,,
15488,08/10/1983,2024-12-30 21:15:45,,,,,,,,,,,,,,,,,,
15491,26/11/2002,2024-12-30 21:43:51,,,,,,,,,,,,,,,,,,
15497,11/11/1992,2024-12-30 21:57:37,,,,,,,,,,,,,,,,,,
15498,10/09/1977,2024-12-30 21:58:44,,,,,,,,,,,,,,,,,,
15500,02/12/1978,2024-12-30 22:26:38,,,,,,,,,,,,,,,,,,
15502,29/12/1993,2024-12-30 22:13:47,,,,,,,,,,,,,,,,,,
15503,12/12/1997,2024-12-30 22:18:38,,,,,,,,,,,,,,,,,,
15507,26/08/1993,2024-12-30 22:40:25,,,,,,,,,,,,,,,,,,
15509,15/06/1988,2024-12-30 22:37:31,,,,,,,,,,,,,,,,,,
15510,19/09/1982,2024-12-30 22:42:08,,,,,,,,,,,,,,,,,,
15518,10/08/1981,2024-12-30 23:35:22,,,,,,,,,,,,,,,,,,
15520,24/01/1993,2024-12-31 01:17:51,,,,,,,,,,,,,,,,,,
15523,16/01/1998,2024-12-31 00:03:14,,,,,,,,,,,,,,,,,,
15526,06/11/1999,2024-12-31 00:22:55,,,,,,,,,,,,,,,,,,
15527,14/03/1982,2024-12-31 00:28:07,,,,,,,,,,,,,,,,,,
15528,08/03/1989,2024-12-31 01:35:59,,,,,,,,,,,,,,,,,,
15531,14/06/1997,2024-12-31 01:28:11,,,,,,,,,,,,,,,,,,
15532,11/03/1990,2024-12-31 01:29:18,,,,,,,,,,,,,,,,,,
15533,14/04/1989,2024-12-31 01:32:38,,,,,,,,,,,,,,,,,,
15536,14/03/1975,2024-12-31 04:18:14,,,,,,,,,,,,,,,,,,
15544,22/03/1969,2024-12-31 07:34:27,,,,,,,,,,,,,,,,,,
15549,15/11/1990,2024-12-31 08:28:05,,,,,,,,,,,,,,,,,,
15552,11/10/1988,2024-12-31 08:10:55,,,,,,,,,,,,,,,,,,
15556,13/02/1994,2024-12-31 09:18:09,,,,,,,,,,,,,,,,,,
15557,08/03/1995,2024-12-31 09:16:33,,,,,,,,,,,,,,,,,,
15558,22/08/1998,2024-12-31 10:00:03,,,,,,,,,,,,,,,,,,
15574,06/06/1994,2024-12-31 12:50:18,,,,,,,,,,,,,,,,,,
15578,31/07/1982,2024-12-31 13:30:52,,,,,,,,,,,,,,,,,,
15582,04/03/1978,2024-12-31 13:52:50,,,,,,,,,,,,,,,,,,
15583,11/09/1979,2024-12-31 14:06:07,,,,,,,,,,,,,,,,,,
15585,11/09/1979,2024-12-31 14:33:15,,,,,,,,,,,,,,,,,,
15591,14/04/1996,2024-12-31 16:17:16,,,,,,,,,,,,,,,,,,
15593,04/11/1998,2024-12-31 16:03:32,,,,,,,,,,,,,,,,,,
15596,24/05/1984,2024-12-31 16:13:07,,,,,,,,,,,,,,,,,,
15597,02/09/2000,2024-12-31 16:23:10,,,,,,,,,,,,,,,,,,
15612,21/07/1970,2024-12-31 17:28:54,,,,,,,,,,,,,,,,,,
15621,06/08/2003,2024-12-31 20:38:59,,,,,,,,,,,,,,,,,,
15622,22/10/2006,2024-12-31 20:48:46,,,,,,,,,,,,,,,,,,
15626,14/03/1984,2024-12-31 21:29:49,,,,,,,,,,,,,,,,,,
15627,15/01/1958,2024-12-31 21:40:49,,,,,,,,,,,,,,,,,,
15632,26/09/1991,2024-12-31 22:33:04,,,,,,,,,,,,,,,,,,
15639,07/01/1979,2025-01-02 11:24:28,,,,,,,,,,,,,,,,,,
15640,02/01/2002,2024-12-31 23:49:52,,,,,,,,,,,,,,,,,,
