# customer_id,transaction_id,receipt_date,transaction_date,receipt_number,product_sku,product_brand,quantity,total_unit_price,retailer,branch,,,
295,42,2024-06-03 18:27:00,2024-06-19 19:33:27,00134141,UFC BANANA CATSU 24/320 GRAMS.,UFC,1,28.5,SM Savemore,SAVEMORE SAN ILDEFONSO BULACAN,,,
295,45,2024-06-03 18:27:00,2024-06-19 22:59:34,0900134141,UFC BANANA CATSU 24/320 GRAMS.,UFC,1,28.5,SM Savemore,SAVEMORE SAN ILDEFONSO BULACAN,,,
354,59,2024-06-26 18:09:48,2024-06-30 12:31:08,630-004-00106943,UFC H/FSTA OIL1L,UFC,1,206,Puregold,PUREGOLD CALOOCAN,,,
389,69,2024-06-30 17:19:32,2024-07-05 12:45:44,105-025-00086732,DATU PUTI PATIS 150,Datu Puti,3,40.2,Puregold,Puregold - Dalandanan,,,
389,69,2024-06-30 17:19:32,2024-07-05 12:45:44,105-025-00086732,DP SOY SCE 200ML,Datu Puti,10,101.5,Puregold,Puregold - Dalandanan,,,
413,73,2024-07-06 15:28:28,2024-07-07 19:06:08,0000076477,CC*MT LCHNSCEREG325G,Mang Tomas,1,39.75,Robinsons Supermarket,Robinsons Supermarket - Rockwell Drive,,,
413,73,2024-07-06 15:28:28,2024-07-07 19:06:08,0000076477,DP WHT VNGR 0.5GAL,,1,92,Robinsons Supermarket,Robinsons Supermarket - Rockwell Drive,,,
413,73,2024-07-06 15:28:28,2024-07-07 19:06:08,0000076477,UFC GRAVY 50G × 72,Datu Puti,10,100,Robinsons Supermarket,Robinsons Supermarket - Rockwell Drive,,,
413,73,2024-07-06 15:28:28,2024-07-07 19:06:08,0000076477,UFC WHL KRNL CORN425,UFC,2,90.5,Robinsons Supermarket,Robinsons Supermarket - Rockwell Drive,,,
526,94,2024-07-12 19:29:08,2024-07-13 05:13:21,0000105047,GF COOKING OIL 950ML,Golden Fiesta,1,127.5,Robinsons Supermarket,ROBINSONS SUPERMARKET METROPLAZA QUIRINO,,,
527,95,2024-07-11 17:47:34,2024-07-13 05:43:51,136-009-00474132,$UFC GFP/OL950ML,,1,122,Puregold,PUREGOLD BAESA NOVALICHES QC,,,
527,95,2024-07-11 17:47:34,2024-07-13 05:43:51,136-009-00474132,DP SOY SCE 200ML,,1,10.15,Puregold,PUREGOLD BAESA NOVALICHES QC,,,
527,96,2024-07-12 18:56:31,2024-07-13 06:07:24,154-005-00770461,$UFC GFP/OL950ML,UFC,1,122,Puregold,PUREGOLD TDC SUSANO NOVALICHES QC,,,
529,97,2024-07-12 18:48:06,2024-07-13 07:00:10,154-012-00432429,$UFC GFP/OL950ML,Datu Puti,1,122,Puregold,PUREGOLD NOVALICHES,,,
413,101,2024-07-13 10:16:32,2024-07-13 17:20:19,0000193764,UFC BNNA CTSUP530G,UFC,1,50.75,Robinsons Supermarket,Robinsons Supermarket - Rockwell Drive,,,
464,103,2024-07-13 19:53:26,2024-07-13 21:36:33,0000024377,UFC LAUREL 8G,UFC,1,30.75,Robinsons Supermarket,ROBINSONS SUPERMARKET RSE 8 FORBES TOWN ROAD TAGUIG,,,
528,105,2024-07-12 19:13:56,2024-07-13 21:52:00,15400400460969,$UFC GFP/OL950ML,UFC,1,122,Puregold,PUREGOLD TDC SUSANO NOVALICHES QC,,,
527,108,2024-07-13 18:48:38,2024-07-14 05:03:31,13600600406536,$UFC GFP/OL950ML,UFC,1,122,Puregold,PUREGOLD BAESA NOVALICHES QC,,,
529,110,2024-07-13 18:08:51,2024-07-14 06:22:47,154-012-00432701,$UFC GFP/OL950ML,UFC,1,122,Puregold,PUREGOLD NOVALICHES,,,
529,110,2024-07-13 18:08:51,2024-07-14 06:22:47,154-012-00432701,UFC/QUESRP/CHS160G,UFC,1,49.5,Puregold,PUREGOLD NOVALICHES,,,
528,112,2024-07-13 17:55:22,2024-07-14 08:01:21,154-012-00432698,$UFC GFP/OL950ML,UFC,1,122,Puregold,PUREGOLD TDC SUSANO NOVALICHES QC,,,
526,113,2024-07-13 18:12:25,2024-07-14 09:45:49,154-004-00461160,$UFC GFP/OL950ML,UFC,1,122,Puregold,PUREGOLD TDC SUSANO NOVALICHES QC,,,
638,120,2024-07-14 13:34:00,2024-07-14 18:30:26,000076483 13,UFC GOLDEN FIESTA CANOLA OIL 485M,UFC,1,134,SM Supermarket,SM Supermarket - Sorsogon,,,
645,121,2024-07-14 17:32:46,2024-07-14 20:28:33,65500400018527,DP WHT VIN 1L,Datu Puti,1,41.25,Puregold,Puregold San Miguel,,,
645,121,2024-07-14 17:32:46,2024-07-14 20:28:33,65500400018527,<< UFC T/A B/KET32,UFC,1,27.5,Puregold,Puregold San Miguel,,,
645,121,2024-07-14 17:32:46,2024-07-14 20:28:33,65500400018527,$UFC GFP/OL950ML,UFC,1,122,Puregold,Puregold San Miguel,,,
527,122,2024-07-14 17:45:27,2024-07-15 06:13:41,154-012-00432943,$UFC GFP/OL950ML,UFC,1,122,Puregold,PUREGOLD TDC SUSANO NOVALICHES QC,,,
526,126,2024-07-14 18:36:35,2024-07-15 10:46:20,136-009-00474621,$UFC GFP/OL950ML,UFC,1,122,Puregold,PUREGOLD NOVALICHES,,,
645,128,2024-07-04 19:43:53,2024-07-15 12:12:00,655-002-00015331,$UFC GFP/OL950ML,UFC,1,122,Puregold,Puregold San Miguel,,,
645,128,2024-07-04 19:43:53,2024-07-15 12:12:00,655-002-00015331,DP WHT VIN 1L,Datu Puti,1,41.25,Puregold,Puregold San Miguel,,,
696,129,2024-07-15 14:41:59,2024-07-15 16:25:05,73500500455416,UFC BA/C 550G/530G,UFC,1,44.25,Puregold,Puregold - Victory Mall Taft,,,
529,135,2024-07-15 17:39:05,2024-07-15 21:18:48,15401200433040,$UFC GFP/OL950ML,UFC,1,122,Puregold,PUREGOLD TDC SUSANO NOVALICHES QC,,,
733,143,2024-06-09 12:00:21,2024-07-16 10:11:57,857-004-00143924,DP SOYSCE 1L,Datu Puti,12,612,Puregold,PUREGOLD SAN JOSE,,,
733,145,2024-05-20 15:26:18,2024-07-16 12:27:37,837-005-00104706,$UFC T/A B/KTCHP1K,UFC,12,840,Puregold,PUREGOLD SAN JOSE,,,
733,145,2024-05-20 15:26:18,2024-07-16 12:27:37,837-005-00104706,<< UFC T/A B/KET32,UFC,24,660,Puregold,PUREGOLD SAN JOSE,,,
733,145,2024-05-20 15:26:18,2024-07-16 12:27:37,837-005-00104706,DP PATIS 1L,Datu Puti,12,861,Puregold,PUREGOLD SAN JOSE,,,
733,146,2024-04-29 16:40:42,2024-07-16 12:34:29,857-003-00173106,DP WHT VIN 1L,Datu Puti,12,495,Puregold,PUREGOLD SAN JOSE,,,
733,146,2024-04-29 16:40:42,2024-07-16 12:34:29,857-003-00173106,MT LECHONSCE HT325,Mang Tomas,24,864,Puregold,PUREGOLD SAN JOSE,,,
733,146,2024-04-29 16:40:42,2024-07-16 12:34:29,857-003-00173106,MT LECHON SCE550G,Mang Tomas,18,873,Puregold,PUREGOLD SAN JOSE,,,
733,150,2024-06-19 17:30:14,2024-07-16 15:15:55,85700500105713,S/SWAN SOY340/350M,Silver Swan,24,462,Puregold,NE BODEGA SALES SAN JOSE,,,
733,150,2024-06-19 17:30:14,2024-07-16 15:15:55,85700500105713,<< UFC T/A B/KET32,UFC,24,660,Puregold,NE BODEGA SALES SAN JOSE,,,
733,150,2024-06-19 17:30:14,2024-07-16 15:15:55,85700500105713,UFC BA/C 550G/530G,UFC,6,265.5,Puregold,NE BODEGA SALES SAN JOSE,,,
733,151,2024-06-26 15:46:50,2024-07-16 15:24:59,85700400144934,D/PUTI S/SCE340ML,Datu Puti,24,450,Puregold,PUREGOLD SAN JOSE,,,
764,163,2024-07-15 18:12:06,2024-07-17 04:19:33,28800800143187,DP PATIS 1L,Datu Puti,36,2583,Puregold,PUREGOLD DELA PAZ PASIG,,,
764,163,2024-07-15 18:12:06,2024-07-17 04:19:33,28800800143187,DP SOYSCE 1L,Datu Puti,24,1224,Puregold,PUREGOLD DELA PAZ PASIG,,,
764,164,2024-06-16 12:25:15,2024-07-17 07:24:22,28800700116988,DP SOYSCE 1L,Datu Puti,12,612,Puregold,PUREGOLD DELA PAZ PASIG,,,
764,164,2024-06-16 12:25:15,2024-07-17 07:24:22,28800700116988,DP PATIS 1L,Datu Puti,24,1722,Puregold,PUREGOLD DELA PAZ PASIG,,,
764,165,2024-02-27 13:03:37,2024-07-17 07:39:35,288-005-00099923,DP PATIS 1L,Datu Puti,12,861,Puregold,PUREGOLD DELA PAZ PASIG,,,
733,168,2024-05-07 8:40:20,2024-07-17 10:07:51,857-002-00197384,$UFC B/KTCHP H&S32,UFC,6,192,Puregold,PUREGOLD - NUEVA ECIJA,,,
733,168,2024-05-07 8:40:20,2024-07-17 10:07:51,857-002-00197384,$UFC T/A B/KTCHP1K,UFC,3,210,Puregold,PUREGOLD - NUEVA ECIJA,,,
733,168,2024-05-07 8:40:20,2024-07-17 10:07:51,857-002-00197384,UFC SWT CHILI 340,UFC,6,237,Puregold,PUREGOLD - NUEVA ECIJA,,,
733,169,2024-07-15 12:48:02,2024-07-17 10:16:55,85700200204620,$UFC B/KTCHP H&S32,UFC,6,192,Puregold,NE BODEGA SALES SAN JOSE,,,
733,169,2024-07-15 12:48:02,2024-07-17 10:16:55,85700200204620,UFC SWT CHILI 340,UFC,6,237,Puregold,NE BODEGA SALES SAN JOSE,,,
764,170,2024-06-17 19:57:10,2024-07-17 10:26:26,288-007-00117006,DP SOYSCE 1L,Datu Puti,24,1224,Puregold,PUREGOLD DELA PAZ PASIG,,,
764,170,2024-06-17 19:57:10,2024-07-17 10:26:26,288-007-00117006,S/SWAN SOY340/350M,Silver Swan,24,462,Puregold,PUREGOLD DELA PAZ PASIG,,,
764,171,2024-07-03 13:15:38,2024-07-17 10:32:47,28800100019651,DP PATIS 1L,Datu Puti,12,861,Puregold,PUREGOLD DELA PAZ PASIG,,,
764,171,2024-07-03 13:15:38,2024-07-17 10:32:47,28800100019651,DP SOYSCE 1L,Datu Puti,24,1224,Puregold,PUREGOLD DELA PAZ PASIG,,,
764,171,2024-07-03 13:15:38,2024-07-17 10:32:47,28800100019651,SILVER SWAN VIN1L,Silver Swan,12,480,Puregold,PUREGOLD DELA PAZ PASIG,,,
764,171,2024-07-03 13:15:38,2024-07-17 10:32:47,28800100019651,DP WHT VIN 1L,Datu Puti,24,990,Puregold,PUREGOLD DELA PAZ PASIG,,,
764,172,2024-04-17 12:42:24,2024-07-17 16:23:49,28800300084607,DP SOYSCE 1L,Datu Puti,12,612,Puregold,PUREGOLD DELA PAZ PASIG,,,
764,172,2024-04-17 12:42:24,2024-07-17 16:23:49,28800300084607,DP PATIS 1L,Datu Puti,36,2583,Puregold,PUREGOLD DELA PAZ PASIG,,,
526,174,2024-07-17 16:37:04,2024-07-18 08:42:33,154-003-00334335,$UFC GFP/OL950ML,UFC,1,122,Puregold,PUREGOLD TDC SUSANO NOVALICHES QC,,,
529,175,2024-07-17 17:15:24,2024-07-18 09:07:49,13600900475001,$UFC GFP/OL950ML,UFC,1,122,Puregold,PUREGOLD NOVALICHES,,,
733,177,2024-07-17 15:54:05,2024-07-18 13:12:04,857-003-00179530,DP WHT VIN 1L,Datu Puti,12,495,Puregold,PUREGOLD - NUEVA ECIJA,,,
879,190,2024-07-19 17:28:04,2024-07-19 22:40:42,22600400243410,UFC H/FSTA OIL1L,UFC,1,206,Puregold,PUREGOLD JR CABUYAO,,,
645,200,2024-07-20 9:17:19,2024-07-20 10:06:55,655-009-00036627,DP WHT VIN 1L,Datu Puti,1,41.25,Puregold,Puregold San Miguel,,,
645,200,2024-07-20 9:17:19,2024-07-20 10:06:55,655-009-00036627,DP SOYSCE 1L,Datu Puti,1,51,Puregold,Puregold San Miguel,,,
645,200,2024-07-20 9:17:19,2024-07-20 10:06:55,655-009-00036627,$UFC GFP/OL950ML,UFC,1,122,Puregold,Puregold San Miguel,,,
978,205,2024-07-09 20:20:52,2024-07-20 15:35:10,0000074467,DP SOYSAUCE SUP 1L,Datu Puti,1,53.5,Robinsons Supermarket,ROBINSONS SUPERMARKET CIRCLE C CONGRESSIONAL,,,
978,205,2024-07-09 20:20:52,2024-07-20 15:35:10,0000074467,DP WHT VNGR SUP 1L,Datu Puti,1,41,Robinsons Supermarket,ROBINSONS SUPERMARKET CIRCLE C CONGRESSIONAL,,,
985,206,2024-06-02 13:09:11,2024-07-20 16:57:34,0000032404,SO*DP SOY SCE 1L,Datu Puti,1,60.75,Robinsons Supermarket,ROBINSONS SUPERMARKET STA. ANA,,,
985,206,2024-06-02 13:09:11,2024-07-20 16:57:34,0000032404,UFCGFCANOLA1LDUOPACK,UFC,1,258,Robinsons Supermarket,ROBINSONS SUPERMARKET STA. ANA,,,
526,215,2024-07-20 19:01:11,2024-07-20 20:57:06,136-005-00217356,$UFC GFP/OL930ML,UFC,1,122,Puregold,PUREGOLD NOVALICHES,,,
529,216,2024-07-20 18:06:34,2024-07-20 21:10:38,15400500772776,$UFC GFP/OL950ML,UFC,1,122,Puregold,PUREGOLD TDC SUSANO NOVALICHES QC,,,
1061,227,2024-07-20 17:29:01,2024-07-20 23:29:20,661-005-00037641,S/SWAN SOY340/350M,Silver Swan,1,19.25,Puregold,PUREGOLD PULANG LUPA,,,
930,237,2024-07-20 18:00:25,2024-07-21 11:09:38,0000213735,GF PALM OIL 1L SUP,Golden Fiesta,1,124.25,Robinsons Easymart,Robinsons Easymart - Cebu South Road Pardo,,,
1142,244,2024-07-21 16:37:15,2024-07-21 17:38:09,0000028650,GF PALM OIL 1L SUP,Golden Fiesta,1,124.25,Robinsons Supermarket,ROBINSONS SUPERMARKET RP PANGASINAN,,,
1142,245,2024-04-24 15:00:05,2024-07-21 17:51:43,29900300321468,$UFC GF CNLA OIL1,UFC,1,134,Puregold,PUREGOLD CALASIAO,,,
1174,259,2024-07-21 17:41:00,2024-07-21 21:38:39,00000554,*MDF UFC CORN WHL KERNEL,UFC,1,43.75,WalterMart Supermarket Inc,WALTERMART PANIQUI,,,
464,262,2024-07-21 16:39:40,2024-07-21 21:51:55,0000023942,LOCALLY RMANGO 240ML,Locally,1,36.5,Robinsons Supermarket,ROBINSONS SUPERMARKET RSE 8 FORBES TOWN ROAD TAGUIG,,,
1193,267,2024-07-19 18:04:09,2024-07-21 23:07:45,168-006-00106684,UFC GROUND PEPPER30G,UFC,1,48.25,Puregold,PUREGOLD BIÑAN LAGUNA,,,
529,270,2024-07-21 19:01:48,2024-07-22 05:25:14,136-010-00054479,$UFC GFP/OL950ML,UFC,1,122,Puregold,PUREGOLD BAESA NOVALICHES QC,,,
764,279,2024-07-18 9:43:36,2024-07-22 08:45:00,288-004-00092090,M.TOMAS LCHNSCE325,Mang Tomas,24,840,Puregold,Puregold - AMANG RODRIGUEZ,,,
764,279,2024-07-18 9:43:36,2024-07-22 08:45:00,288-004-00092090,MT LECHON SCE550G,Mang Tomas,18,873,Puregold,Puregold - AMANG RODRIGUEZ,,,
1248,282,2024-07-17 18:42:46,2024-07-22 10:12:07,0000083420,DP SOY SCE PCH 340ML,Datu Puti,1,19.75,Robinsons Supermarket,ROBINSONS SUPERMARKET CENTRO MALL CABUYAO,,,
1248,282,2024-07-17 18:42:46,2024-07-22 10:12:07,0000083420,DP VNGR PCH 350ML,Datu Puti,1,17.65,Robinsons Supermarket,ROBINSONS SUPERMARKET CENTRO MALL CABUYAO,,,
1248,282,2024-07-17 18:42:46,2024-07-22 10:12:07,0000083420,JUFRAN SWCHLISCE330G,Jufran,1,57,Robinsons Supermarket,ROBINSONS SUPERMARKET CENTRO MALL CABUYAO,,,
1248,282,2024-07-17 18:42:46,2024-07-22 10:12:07,0000083420,MT LECHONSCE HOT325G,Mang Tomas,1,40.5,Robinsons Supermarket,ROBINSONS SUPERMARKET CENTRO MALL CABUYAO,,,
1210,288,2024-07-16 18:03:21,2024-07-22 11:13:42,725-005-00260778,MT LECHON SCE550G,Mang Tomas,1,48.5,Puregold,Puregold -  Don Antonio Holy Spirit,,,
1210,288,2024-07-16 18:03:21,2024-07-22 11:13:42,725-005-00260778,SILVER SWAN VIN1L,Silver Swan,1,40,Puregold,Puregold -  Don Antonio Holy Spirit,,,
1347,308,2024-03-11 19:22:09,2024-07-22 23:59:44,0000319575,UFC GF CANOLA OIL 1L,UFC,1,139.5,Robinsons Supermarket,ROBINSONS SUPERMARKET BEE HIVE MALL VALENZUELA,,,
1384,312,2024-06-09 12:13:00,2024-07-23 11:35:05,000133699,MTOMS SCE LECHON REG 325G,Mang Tomas,1,38.5,SM Hypermarket,HYPERMARKET MANDALUYONG,,,
1420,326,2024-06-19 19:46:00,2024-07-23 16:12:11,00012579,UFCGFCANOLA1LDUOPACK,UFC,1,250,WalterMart Supermarket Inc,WALTERMART CABUYAO,,,
1387,327,2024-07-23 14:16:00,2024-07-23 16:28:05,182676,DATU PUTI VINEGAR JUMBO 30/385,Datu Puti,1,19,Gaisano Metro,METRO - TACLOBAN,,,
1183,334,2024-07-23 17:24:34,2024-07-23 18:30:26,0000924881,UFC GF CANOLA OIL 1L,UFC,1,139.5,Robinsons Easymart,EASYMART MARIPOSA,,,
1464,338,2024-07-23 12:17:00,2024-07-23 21:28:03,00-023256,DPUTI SCE SOY 350ML/24,Datu Puti,1,19,WalterMart Supermarket Inc,WALTERMART STA. CRUZ,,,
1464,338,2024-07-23 12:17:00,2024-07-23 21:28:03,00-023256,DPUTI VIN SUP 200ML/60,Datu Puti,1,9,WalterMart Supermarket Inc,WALTERMART STA. CRUZ,,,
527,344,2024-07-23 13:18:27,2024-07-23 23:14:40,15400500773526,$UFC GFP/OL950ML,UFC,1,122,Puregold,PUREGOLD TDC SUSANO NOVALICHES QC,,,
1542,360,2024-07-21 10:54:55,2024-07-24 09:07:16,113-005-00071718,UFC SWT CHILI 340,UFC,4,158,Puregold,Puregold -  Gen Santos Socorro,,,
1542,360,2024-07-21 10:54:55,2024-07-24 09:07:16,113-005-00071718,UFC/QUESRP/CHS160G,UFC,6,297,Puregold,Puregold -  Gen Santos Socorro,,,
1564,371,2024-06-23 18:45:56,2024-07-24 12:56:35,160-002-00446648,HAPI FSTA VEG 1L,Hapi Fiesta,1,81.75,Puregold,PUREGOLD NAGA BICOL,,,
1564,371,2024-06-23 18:45:56,2024-07-24 12:56:35,160-002-00446648,M.TOMAS LCHNSCE325,Mang Tomas,1,113,Puregold,PUREGOLD NAGA BICOL,,,
1564,371,2024-06-23 18:45:56,2024-07-24 12:56:35,160-002-00446648,DP PATIS SUP 150ML,Datu Puti,1,13.4,Puregold,PUREGOLD NAGA BICOL,,,
1564,371,2024-06-23 18:45:56,2024-07-24 12:56:35,160-002-00446648,UFC LAUREL 8G,UFC,1,32,Puregold,PUREGOLD NAGA BICOL,,,
1603,375,2024-07-23 18:30:39,2024-07-24 18:54:18,0000261589,CC*SLVRSWN SOY SCE1L,Silver Swan,1,57.75,Robinsons Supermarket,Robinsons Supermarket - Matandang Balara,,,
1603,375,2024-07-23 18:30:39,2024-07-24 18:54:18,0000261589,UFC FC BC BBG RMX25G,UFC,1,21,Robinsons Supermarket,Robinsons Supermarket - Matandang Balara,,,
1603,375,2024-07-23 18:30:39,2024-07-24 18:54:18,0000261589,UFC FC KIMCHI RMX25G,UFC,1,21,Robinsons Supermarket,Robinsons Supermarket - Matandang Balara,,,
464,376,2024-07-24 18:43:07,2024-07-24 19:30:04,0000155862,UFC/QUESRP/CHS160G,UFC,1,50,Robinsons Supermarket,ROBINSONS SUPERMARKET RSE 8 FORBES TOWN ROAD TAGUIG,,,
973,377,2024-07-20 3:22:00,2024-07-24 21:18:40,0300151006,UFC CORN KERNELS 24/425G,UFC,1,43.5,SM Savemore,SAVEMORE LIGHT RESIDENCES,,,
1645,382,2024-07-20 20:27:00,2024-07-25 02:09:21,00015918,GFSTA OIL CANOLA 2LT/6,Golden Fiesta,1,235,WalterMart Supermarket Inc,WALTERMART PLARIDEL,,,
764,386,2024-07-22 13:08:23,2024-07-25 13:35:02,28800500116874,DP PATIS 1L,Datu Puti,1,71.75,Puregold,Puregold - AMANG RODRIGUEZ,,,
764,386,2024-07-22 13:08:23,2024-07-25 13:35:02,28800500116874,DP PATIS 350ML,Datu Puti,1,25.09,Puregold,Puregold - AMANG RODRIGUEZ,,,
764,386,2024-07-22 13:08:23,2024-07-25 13:35:02,28800500116874,SILVER SWAN VIN350,Silver Swan,1,16.5,Puregold,Puregold - AMANG RODRIGUEZ,,,
764,386,2024-07-22 13:08:23,2024-07-25 13:35:02,28800500116874,S/SWAN SOY340/350M,Silver Swan,1,19.25,Puregold,Puregold - AMANG RODRIGUEZ,,,
764,386,2024-07-22 13:08:23,2024-07-25 13:35:02,28800500116874,D/PUTI S/SCE340ML,Datu Puti,1,19,Puregold,Puregold - AMANG RODRIGUEZ,,,
1681,387,2024-07-21 17:20:00,2024-07-25 15:04:49,00007361,GFSTA OIL CANOLA SUP 1LT/,Golden Fiesta,1,118.5,WalterMart Supermarket Inc,WALTERMART MALOLOS,,,
526,398,2024-07-25 19:03:35,2024-07-25 21:08:09,13600800576306,$UFC GFP/OL950ML,UFC,1,122,Puregold,PUREGOLD CANDELARIA QUEZON,,,
1759,420,2024-07-26 11:18:50,2024-07-26 12:01:39,0000075594,DP OYSTER SCE 30G,Datu Puti,2,12,Robinsons Supermarket,ROBINSONS SUPERMARKET CENTRO PACITA,,,
1420,421,2024-06-19 19:46:00,2024-07-26 13:13:44,00-012579,UFCGFCANOLA1LDUOPACK,UFC,1,250,WalterMart Supermarket Inc,WALTERMART CABUYAO,,,
1797,427,2024-07-07 15:07:00,2024-07-26 18:52:01,00000644,*MDF_UFC BKTCHP POUCH 320,UFC,1,25.5,WalterMart Supermarket Inc,WALTERMART SUCAT,,,
1797,427,2024-07-07 15:07:00,2024-07-26 18:52:01,00000644,JOLLY GRNPEAS 155GR/50,UFC,1,19.5,WalterMart Supermarket Inc,WALTERMART SUCAT,,,
1813,432,2024-07-26 17:10:05,2024-07-26 21:37:45,0000061023,CC*SLRSWNSUKA PUTI1L,Silver Swan,1,44.5,Robinsons Supermarket,ROBINSONS SUPERMARKET METROTOWN TARLAC,,,
1831,433,2024-07-24 19:12:59,2024-07-27 07:26:20,22500500479140,UFC BA/C 550G/530G,UFC,1,44.25,Puregold,PUREGOLD BIÑAN LAGUNA,,,
933,435,2024-07-27 10:30:24,2024-07-27 12:13:56,73101600361676,<< UFC T/A B/KET32,UFC,2,55,Puregold,PUREGOLD JR PANDACAN,,,
933,435,2024-07-27 10:30:24,2024-07-27 12:13:56,73101600361676,UFC SPICIER 100G,UFC,1,23.75,Puregold,PUREGOLD JR PANDACAN,,,
933,435,2024-07-27 10:30:24,2024-07-27 12:13:56,73101600361676,DP PATIS SUP 150ML,Datu Puti,3,40.2,Puregold,PUREGOLD JR PANDACAN,,,
1868,446,2024-07-27 16:30:56,2024-07-27 17:06:05,0000026885,CC*SLVRSWN SOY SCE1L,Silver Swan,1,57.75,Robinsons Supermarket,ROBINSONS SUPERMARKET RP NOVALICHES,,,
1868,446,2024-07-27 16:30:56,2024-07-27 17:06:05,0000026885,LOCALLY DALANDAN240M,Locally,1,32.75,Robinsons Supermarket,ROBINSONS SUPERMARKET RP NOVALICHES,,,
1868,446,2024-07-27 16:30:56,2024-07-27 17:06:05,0000026885,UFC FUNCHOW MEATY20G,UFC,2,33.5,Robinsons Supermarket,ROBINSONS SUPERMARKET RP NOVALICHES,,,
1796,447,2024-07-27 9:04:17,2024-07-27 17:24:57,39700800221999,M.TOMAS LCHNSCE325,Mang Tomas,1,35,Puregold,PUREGOLD BACOOR CAVITE,,,
1873,448,2024-07-27 17:54:36,2024-07-27 18:48:12,43700800156115,$UFC T/A B/KTCHP1K,UFC,1,70,Puregold,PUREGOLD  MOLINO TOWN CENTER,,,
1873,448,2024-07-27 17:54:36,2024-07-27 18:48:12,43700800156115,MT LECHON SCE550G,Mang Tomas,1,48.5,Puregold,PUREGOLD  MOLINO TOWN CENTER,,,
1878,449,2024-07-27 19:42:32,2024-07-27 19:59:37,0000084937,PAPA SPAG PROMO PACK,Papa,1,110,Robinsons Supermarket,ROBINSONS SUPERMARKET RP PAMPANGA,,,
1931,467,2024-07-27 18:23:25,2024-07-28 14:22:27,735-001-00188429,DP SOYSCE 1L,Datu Puti,1,51,Puregold,Puregold - Victory Mall Taft,,,
1946,476,2024-07-27 17:29:00,2024-07-28 17:06:38,00-041742,MTOMS SCE LECHON REG 325G,Mang Tomas,1,39.5,WalterMart Supermarket Inc,WALTERMART MAKATI,,,
1946,476,2024-07-27 17:29:00,2024-07-28 17:06:38,00-041742,UFC RICEMX FUNCHW KMCHI 2,UFC,1,20,WalterMart Supermarket Inc,WALTERMART MAKATI,,,
1946,476,2024-07-27 17:29:00,2024-07-28 17:06:38,00-041742,UFC RICEMX FUNCHW BLGGI 2,UFC,1,20,WalterMart Supermarket Inc,WALTERMART MAKATI,,,
1949,479,2024-07-27 16:50:13,2024-07-28 17:13:08,270-002-00157529,DP SOYSCE 1L,Datu Puti,1,51,Puregold,PUREGOLD JR OLD ZABARTE,,,
1949,479,2024-07-27 16:50:13,2024-07-28 17:13:08,270-002-00157529,DP WHT VIN 1L,Datu Puti,1,41.25,Puregold,PUREGOLD JR OLD ZABARTE,,,
764,484,2024-07-22 13:08:23,2024-07-28 17:33:20,288-005 00116874,DP PATIS 1L,Datu Puti,12,861,Puregold,Puregold - AMANG RODRIGUEZ,,,
764,484,2024-07-22 13:08:23,2024-07-28 17:33:20,288-005 00116874,DP PATIS 350ML,Datu Puti,24,600,Puregold,Puregold - AMANG RODRIGUEZ,,,
764,484,2024-07-22 13:08:23,2024-07-28 17:33:20,288-005 00116874,SILVER SWAN VIN350,Silver Swan,24,396,Puregold,Puregold - AMANG RODRIGUEZ,,,
764,484,2024-07-22 13:08:23,2024-07-28 17:33:20,288-005 00116874,S/SWAN SOY340/350M,Silver Swan,24,462,Puregold,Puregold - AMANG RODRIGUEZ,,,
764,484,2024-07-22 13:08:23,2024-07-28 17:33:20,288-005 00116874,D/PUTI S/SCE340ML,Datu Puti,24,456,Puregold,Puregold - AMANG RODRIGUEZ,,,
1880,489,2024-07-27 20:28:07,2024-07-28 17:51:54,0000025320,UFC BC HOT 320G,UFC,2,72,Robinsons Supermarket,ROBINSONS SUPERMARKET RP NOVALICHES,,,
1956,492,2024-07-27 20:57:41,2024-07-28 18:09:36,0000141689,CC*SLVRSWN SOY SCE1L,Silver Swan,1,57.75,Robinsons Supermarket,ROBINSONS SUPERMARKET RP ERMITA,,,
1956,492,2024-07-27 20:57:41,2024-07-28 18:09:36,0000141689,SO*DP WHT VNGR 1LX12,Datu Puti,1,42.5,Robinsons Supermarket,ROBINSONS SUPERMARKET RP ERMITA,,,
1956,492,2024-07-27 20:57:41,2024-07-28 18:09:36,0000141689,UFC CHCKN AND CRN60G,UFC,1,49.5,Robinsons Supermarket,ROBINSONS SUPERMARKET RP ERMITA,,,
1953,493,2024-07-28 15:43:53,2024-07-28 18:17:46,27000500402531,SO*DP SOY SCE 1L,Datu Puti,1,53,Puregold,PUREGOLD JR OLD ZABARTE,,,
1957,494,2024-07-26 18:17:06,2024-07-28 18:18:27,0000149029,LOCALLY RIPE MANGO1L,Locally,1,101.25,Robinsons Supermarket,ROBINSONS SUPERMARKET VICTORY MALL CALOOCAN,,,
1957,494,2024-07-26 18:17:06,2024-07-28 18:18:27,0000149029,UFC CRAB AND CORN60G,UFC,2,99,Robinsons Supermarket,ROBINSONS SUPERMARKET VICTORY MALL CALOOCAN,,,
1952,495,2024-07-28 10:39:00,2024-07-28 18:23:18,0200115728,DATU PUTI SOYSAUCE SUP110ML/72 110,Datu Puti,1,53,SM Savemore,SAVEMORE BUCANDALA IMUS,,,
1947,498,2024-07-26 9:44:00,2024-07-28 19:57:40,2500158273,SILVER SWAN SUKANG H,Silver Swan,1,40,SM Savemore,SAVEMORE BALIUAG,,,
1947,498,2024-07-26 9:44:00,2024-07-28 19:57:40,2500158273,SLVRSWN SOYSCE 350ML,Silver Swan,1,53.5,SM Savemore,SAVEMORE BALIUAG,,,
1974,500,2024-07-28 16:04:01,2024-07-28 21:22:37,0000024561,DP PATIS 350ML GIN,Datu Puti,1,26,Robinsons Supermarket,ROBINSONS SUPERMARKET GRACELAND MALOLOS,,,
1974,500,2024-07-28 16:04:01,2024-07-28 21:22:37,0000024561,JUFRAN SWCHLISCE330G,Jufran,1,57,Robinsons Supermarket,ROBINSONS SUPERMARKET GRACELAND MALOLOS,,,
1974,500,2024-07-28 16:04:01,2024-07-28 21:22:37,0000024561,LOCALLY RIPE MANGO1L,Locally,1,101.25,Robinsons Supermarket,ROBINSONS SUPERMARKET GRACELAND MALOLOS,,,
1974,500,2024-07-28 16:04:01,2024-07-28 21:22:37,0000024561,SO*DP WHT VNGR 1LX12,Datu Puti,1,42.5,Robinsons Supermarket,ROBINSONS SUPERMARKET GRACELAND MALOLOS,,,
1974,500,2024-07-28 16:04:01,2024-07-28 21:22:37,0000024561,UFC CRMY AP SCE200G,UFC,1,59.5,Robinsons Supermarket,ROBINSONS SUPERMARKET GRACELAND MALOLOS,,,
1974,500,2024-07-28 16:04:01,2024-07-28 21:22:37,0000024561,UFC MUSHRM PCSSTM198,UFC,1,34.75,Robinsons Supermarket,ROBINSONS SUPERMARKET GRACELAND MALOLOS,,,
1950,501,2024-07-28 13:20:00,2024-07-28 22:35:25,000068955,SILVER SWAN VIN1L,Silver Swan,1,39.5,SM Supermarket,SM Supermarket - Tanza,,,
1978,503,2024-07-28 19:06:00,2024-07-28 22:49:56,00001219,DPUTI VIN PNOY SPICE 375M,Datu Puti,1,101,WalterMart Supermarket Inc,WalterMart Supermarket Inc - San Roque Antipolo,,,
1978,503,2024-07-28 19:06:00,2024-07-28 22:49:56,00001219,LOCALLY JCE MANGO 240ML/Z,Locally,4,136,WalterMart Supermarket Inc,WalterMart Supermarket Inc - San Roque Antipolo,,,
1978,503,2024-07-28 19:06:00,2024-07-28 22:49:56,00001219,DPUTI RMIX PNYHNG ADB 180,Datu Puti,1,38,WalterMart Supermarket Inc,WalterMart Supermarket Inc - San Roque Antipolo,,,
1978,503,2024-07-28 19:06:00,2024-07-28 22:49:56,00001219,DPUTI RMIX SPCY ADB 180ML,Datu Puti,1,38,WalterMart Supermarket Inc,WalterMart Supermarket Inc - San Roque Antipolo,,,
1978,503,2024-07-28 19:06:00,2024-07-28 22:49:56,00001219,DPUTI SCE BBQ MARINADE350,Datu Puti,1,33,WalterMart Supermarket Inc,WalterMart Supermarket Inc - San Roque Antipolo,,,
1959,505,2024-07-28 17:31:00,2024-07-28 23:03:02,000069030,SLVR SWAN S/SCE1LT,Silver Swan,1,53.5,SM Supermarket,SM Supermarket - Tanza,,,
1945,516,2024-07-27 13:57:00,2024-07-29 00:57:04,1000036921,DATU PUTI SOY SAUCE PE 12/1LT,Datu Puti,1,53,SM Savemore,SAVEMORE POZURROBIO,,,
1985,519,2024-07-26 16:19:07,2024-07-29 06:36:26,455-001-00326948,SS SOY SCE 1893ML,Silver Swan,1,58,Puregold,Puregold - Plainview,,,
1969,523,2024-07-29 10:41:06,2024-07-29 10:56:03,0000279859,SO*DP SOY SCE 1L,Datu Puti,1,60.75,Robinsons Supermarket,Robinsons Supermarket -Shopking Commercial,,,
1853,527,2024-07-29 8:48:34,2024-07-29 12:23:25,667-001-00047614,LOCALLY R/M240ML,Locally,1,33.6,Puregold,PUREGOLD SAN ISIDRO,,,
1853,527,2024-07-29 8:48:34,2024-07-29 12:23:25,667-001-00047614,LOCALLY DLNDN240ML,Locally,1,15,Puregold,PUREGOLD SAN ISIDRO,,,
1853,527,2024-07-29 8:48:34,2024-07-29 12:23:25,667-001-00047614,LOCALLY PMELO240ML,Locally,1,30.2,Puregold,PUREGOLD SAN ISIDRO,,,
1996,530,2024-07-26 19:34:11,2024-07-29 12:39:55,0000295988,DP OYSTER SCE 170G,Datu Puti,1,44.25,Robinsons Supermarket,ROBINSONS SUPERMARKET RP ANTIPOLO,,,
1996,530,2024-07-26 19:34:11,2024-07-29 12:39:55,0000295988,SLVRSWN SOY SCE385ML,Silver Swan,1,23.75,Robinsons Supermarket,ROBINSONS SUPERMARKET RP ANTIPOLO,,,
1997,531,2024-03-10 11:33:00,2024-07-29 12:48:23,0000004232,UFC GF CANOLA OIL 1L,UFC,1,139.5,Robinsons Supermarket,ROBINSONS SUPERMARKET RP LAS PINAS,,,
1955,532,2024-07-29 12:19:00,2024-07-29 12:50:30,00-018929,JFRAN SCE HOTCHLI 165GR/2,Jufran,1,52,WalterMart Supermarket Inc,WALTERMART CALAMBA,,,
1955,532,2024-07-29 12:19:00,2024-07-29 12:50:30,00-018929,*MDF_UFC CREAM OF MUSHROO,UFC,1,43.75,WalterMart Supermarket Inc,WALTERMART CALAMBA,,,
1997,533,2024-03-10 20:03:00,2024-07-29 13:00:21,04-00084165,GF PALM OIL 1L SUP,Golden Fiesta,1,118.5,SM Savemore,SAVEMORE DEPARO,,,
1999,535,2024-07-29 12:47:00,2024-07-29 13:11:03,00-007880,*MDF_UFC SCE SWEETCHILI 3,UFC,1,42.5,WalterMart Supermarket Inc,WALTERMART QUEZON CITY,,,
1999,535,2024-07-29 12:47:00,2024-07-29 13:11:03,00-007880,HFSTA OIL VEG PET 1LT/12,Hapi Fiesta,1,114,WalterMart Supermarket Inc,WALTERMART QUEZON CITY,,,
2001,540,2024-07-29 13:00:14,2024-07-29 13:32:35,0000090011,SO*DP SOY SCE 1L,Datu Puti,1,60.75,Robinsons Supermarket,Robinsons Supermarket - GF KAI MALL,,,
2005,547,2024-07-26 17:46:00,2024-07-29 15:21:33,000152304,DP SOYSCE 1L,Datu Puti,1,53,SM Supermarket,SM SUPERMARKET STA. MESA,,,
2009,550,2024-07-28 15:40:33,2024-07-29 16:15:59,0000233907,MT LCHNSCE REG550G,Mang Tomas,1,54.55,Robinsons Supermarket,Robinsons Supermarket -Shopking Commercial,,,
2037,552,2024-07-29 13:59:20,2024-07-29 21:31:25,28500200375762,DP SOYSCE 1L,Datu Puti,1,51,Puregold,PUREGOLD EXTRA TIAONG QUEZON,,,
2039,553,2024-07-28 20:37:38,2024-07-29 21:41:46,84001200459479,MT LECHON SCE550G,Mang Tomas,1,48.5,Puregold,COMPANY E (KALAYAAN AVE.),,,
2039,553,2024-07-28 20:37:38,2024-07-29 21:41:46,84001200459479,UFC PCS&STM 198G,UFC,1,34.25,Puregold,COMPANY E (KALAYAAN AVE.),,,
2039,553,2024-07-28 20:37:38,2024-07-29 21:41:46,84001200459479,JUF SWT CHILI 330G,Jufran,1,51.5,Puregold,COMPANY E (KALAYAAN AVE.),,,
2039,553,2024-07-28 20:37:38,2024-07-29 21:41:46,84001200459479,LOCALLY R/M240ML,Locally,1,33.6,Puregold,COMPANY E (KALAYAAN AVE.),,,
2014,557,2024-07-29 15:44:00,2024-07-29 22:39:01,505939,UFC BANANA CTSUP200G,UFC,1,69.5,Gaisano Metro,METRO - LUCENA,,,
2039,558,2024-07-23 20:10:36,2024-07-29 22:53:14,84000800430334,DP SOY SAUCE1L SUP,Datu Puti,1,48,Puregold,COMPANY E (KALAYAAN AVE.),,,
527,560,2024-07-27 17:39:26,2024-07-29 23:40:17,15401100189847,$UFC GFP/OL950ML,UFC,1,122,Puregold,PUREGOLD BAESA NOVALICHES QC,,,
528,561,2024-07-27 18:29:56,2024-07-29 23:47:45,13601000055343,$UFC GFP/OL950ML,UFC,1,122,Puregold,PUREGOLD CANDELARIA QUEZON,,,
526,562,2024-07-29 17:15:59,2024-07-29 23:50:18,15401200435635,$UFC GFP/OL950ML,UFC,1,122,Puregold,PUREGOLD BAESA NOVALICHES QC,,,
529,563,2024-07-29 18:04:39,2024-07-29 23:56:15,13601000055849,$UFC GFP/OL950ML,UFC,1,122,Puregold,PUREGOLD BAESA NOVALICHES QC,,,
2045,565,2024-07-24 12:23:00,2024-07-30 00:08:32,00012832,JFRAN SCE HOTCHLI 165GR/2,Jufran,1,52,WalterMart Supermarket Inc,WALTERMART TRECE MARTIRES,,,
2045,565,2024-07-24 12:23:00,2024-07-30 00:08:32,00012832,DPUTI VIN 1LT PET/12,Datu Puti,1,43,WalterMart Supermarket Inc,WALTERMART TRECE MARTIRES,,,
2045,565,2024-07-24 12:23:00,2024-07-30 00:08:32,00012832,*MDF_UFC BKTCHP POUCH 320,UFC,1,25.5,WalterMart Supermarket Inc,WALTERMART TRECE MARTIRES,,,
2045,565,2024-07-24 12:23:00,2024-07-30 00:08:32,00012832,DPUTI FSCE PATIS PET 350M,Datu Puti,1,26.25,WalterMart Supermarket Inc,WALTERMART TRECE MARTIRES,,,
2045,567,2024-06-24 10:28:00,2024-07-30 06:34:01,00-013403,DPUTI FSCE PATIS 1LT/12,Datu Puti,1,15.5,WalterMart Supermarket Inc,WALTERMART TRECE MARTIRES,,,
2045,567,2024-06-24 10:28:00,2024-07-30 06:34:01,00-013403,DPUTI FSCE PATIS PET 350M,Datu Puti,1,26.25,WalterMart Supermarket Inc,WALTERMART TRECE MARTIRES,,,
2045,567,2024-06-24 10:28:00,2024-07-30 06:34:01,00-013403,JFRAN SCE HOTCHLI 165GR/2,Jufran,1,52,WalterMart Supermarket Inc,WALTERMART TRECE MARTIRES,,,
2045,567,2024-06-24 10:28:00,2024-07-30 06:34:01,00-013403,DPUTI VIN SUP 200ML/60,Datu Puti,1,17.5,WalterMart Supermarket Inc,WALTERMART TRECE MARTIRES,,,
2045,567,2024-06-24 10:28:00,2024-07-30 06:34:01,00-013403,DPUTI VIN SUP 1LT/12,Datu Puti,1,42.75,WalterMart Supermarket Inc,WALTERMART TRECE MARTIRES,,,
2059,572,2024-07-28 15:24:25,2024-07-30 09:22:45,00000114400,UFC BNNA CTSUP530G,UFC,1,50.75,Robinsons Supermarket,Robinsons Supermarket - The District Mall Salawag,,,
2059,572,2024-07-28 15:24:25,2024-07-30 09:22:45,00000114400,UFCGFCANOLA1LDUOPACK,UFC,1,258,Robinsons Supermarket,Robinsons Supermarket - The District Mall Salawag,,,
2061,577,2024-07-27 12:45:00,2024-07-30 09:40:07,010553605,DP SOYSCE 1L,Datu Puti,1,53,SM Hypermarket,HYPERMARKET SUCAT 2 LOPEZ,,,
2063,580,2024-07-12 18:07:00,2024-07-30 09:59:40,23-00120102,DP VINEGAR 1L SUP,Datu Puti,1,43,SM Savemore,SAVEMORE AMANG RODRIGUEZ,,,
2064,583,2024-07-28 15:44:31,2024-07-30 10:29:45,270-005-00402532,DP SOYSCE 1L,Datu Puti,1,51,Puregold,Puregold - Zabarte Avenue Kaligayahan,,,
2078,584,2024-07-28 18:14:00,2024-07-30 14:09:48,00021363,*MDF_UFC SCE SWEET CHILI,UFC,1,19,WalterMart Supermarket Inc,WALTERMART CARMONA,,,
2079,585,2024-07-30 13:44:00,2024-07-30 14:10:49,010268663,DP SOYSCE 1L,Datu Puti,1,53,SM Hypermarket,HYPERMARKET NOVALICHES,,,
2080,587,2024-07-28 16:48:00,2024-07-30 14:26:31,00011528,UFC RICEMX FUNCHW BBMBP 2,UFC,2,40,WalterMart Supermarket Inc,WALTERMART GEN. TRIAS,,,
2080,587,2024-07-28 16:48:00,2024-07-30 14:26:31,00011528,UFC RICEMX FUNCHW BLGGI 2,UFC,2,40,WalterMart Supermarket Inc,WALTERMART GEN. TRIAS,,,
2077,589,2024-06-09 17:46:00,2024-07-30 14:38:35,000021408,UFC SINIGANG MIX 20G,UFC,3,100.5,SM Supermarket,SM SUPERMARKET BATAAN,,,
2083,591,2024-07-30 14:04:00,2024-07-30 16:21:54,0800168862,UFC BNNA CTSUP530G,UFC,1,45.5,SM Savemore,SAVEMORE FAME,,,
2103,594,2024-07-30 13:45:19,2024-07-30 20:18:54,0000120947,CC*MT LCHNSCEREG325G,Mang Tomas,1,39,Robinsons Supermarket,ROBINSONS SUPERMARKET RP ANTIPOLO,,,
2103,594,2024-07-30 13:45:19,2024-07-30 20:18:54,0000120947,DP BBQ RIFFIC 144ML,Datu Puti,1,34,Robinsons Supermarket,ROBINSONS SUPERMARKET RP ANTIPOLO,,,
2103,594,2024-07-30 13:45:19,2024-07-30 20:18:54,0000120947,UFC SWTCHLI SCE 340G,UFC,1,40.75,Robinsons Supermarket,ROBINSONS SUPERMARKET RP ANTIPOLO,,,
1570,596,2024-07-30 17:38:57,2024-07-30 21:26:36,63900800072949,M.TOMAS LCHNSCE325,Mang Tomas,1,35,Puregold,PUREGOLD GUADALUPE,,,
645,601,2024-07-26 20:51:01,2024-07-31 08:36:45,0000122487,GS*UFC BNNACTSUP320G,UFC,1,29,Robinsons Supermarket,ROBINSONS SUPERMARKET MERCEDES PASIG,,,
645,601,2024-07-26 20:51:01,2024-07-31 08:36:45,0000122487,DP OYSTER SCE 30G,Datu Puti,6,39,Robinsons Supermarket,ROBINSONS SUPERMARKET MERCEDES PASIG,,,
645,601,2024-07-26 20:51:01,2024-07-31 08:36:45,0000122487,SLVRSWN SOYSCE 350ML,Silver Swan,1,20.75,Robinsons Supermarket,ROBINSONS SUPERMARKET MERCEDES PASIG,,,
645,601,2024-07-26 20:51:01,2024-07-31 08:36:45,0000122487,SLVRSWN SUKAPTI350ML,Silver Swan,1,18,Robinsons Supermarket,ROBINSONS SUPERMARKET MERCEDES PASIG,,,
645,601,2024-07-26 20:51:01,2024-07-31 08:36:45,0000122487,UFCGFCOOKINGOIL 485ML,UFC,1,80,Robinsons Supermarket,ROBINSONS SUPERMARKET MERCEDES PASIG,,,
2138,606,2024-07-30 12:09:32,2024-07-31 11:41:40,615-008-00077562,DP SOYSCE 1L,Datu Puti,1,51,Puregold,PUREGOLD CIRCUMFERENTIAL ROAD ANTIPOLO,,,
2063,607,2024-07-30 10:00:23,2024-07-31 11:42:29,0000017983,UFC GROUND PEPPER30G,UFC,1,51,Robinsons Supermarket,ROBINSONS SUPERMARKET KARANGALAN PASIG,,,
2141,616,2024-07-31 12:59:41,2024-07-31 13:13:24,16100600319882,DP WHT VIN 1L,Datu Puti,2,82.5,Puregold,PUREGOLD SANTA ROSA BAYAN,,,
627,617,2024-07-31 11:36:37,2024-07-31 14:49:08,13200500523178,UFC G/F CANOLA 1L,UFC,1,133,Puregold,PUREGOLD JR JUAN LUNA TONDO,,,
1909,622,2024-07-31 11:19:00,2024-07-31 16:31:32,0300237898,JUFRANBNNACTSUP275G,Jufran,1,34.5,SM Savemore,SAVEMORE ILAGAN 1,,,
1909,622,2024-07-31 11:19:00,2024-07-31 16:31:32,0300237898,DATU PUTI SOYSAUCE SUP200ML/60 20,Datu Puti,1,11,SM Savemore,SAVEMORE ILAGAN 1,,,
2115,633,2024-07-31 17:32:00,2024-07-31 17:51:39,010655975,UFC GRAVY SA SARAP 72X50G,UFC,6,58.5,SM Supermarket,SM SUPERMARKET TRECE CAVITE,,,
2156,635,2024-07-31 16:47:57,2024-07-31 18:38:29,0000109537,GS*UFC BNNACTSUP320G,UFC,1,29.75,Robinsons Supermarket,Robinsons Supermarket - Pembo,,,
2156,635,2024-07-31 16:47:57,2024-07-31 18:38:29,0000109537,UFC SPAG SAUCE 500G,UFC,1,52,Robinsons Supermarket,Robinsons Supermarket - Pembo,,,
747,636,2024-07-31 18:57:08,2024-07-31 18:52:57,0000180512,CC*SLVRSWN SOY SCE1L,Silver Swan,1,59.25,The Marketplace,THE MARKETPLACE - RSE 8 FORBES TOWN ROAD TAGUIG,,,
2157,637,2024-07-31 16:55:03,2024-07-31 19:07:42,64300600124529,$UFC GFP/OL1LSUP,UFC,1,119,Puregold,PUREGOLD ANTIPOLO,,,
2157,637,2024-07-31 16:55:03,2024-07-31 19:07:42,64300600124529,M.TOMAS LCHNSCE325,Mang Tomas,1,35,Puregold,PUREGOLD ANTIPOLO,,,
2157,637,2024-07-31 16:55:03,2024-07-31 19:07:42,64300600124529,DP ADOBO S/HUMBA,Datu Puti,1,37,Puregold,PUREGOLD ANTIPOLO,,,
2159,642,2024-07-31 9:36:03,2024-07-31 20:40:04,0000032799,CC*SLVRSWN SOY SCE1L,Silver Swan,1,57.75,Robinsons Easymart,EASYMART SAN LORENZO,,,
2159,642,2024-07-31 9:36:03,2024-07-31 20:40:04,0000032799,LOCALLY GUYABANO 1L,Locally,1,87,Robinsons Easymart,EASYMART SAN LORENZO,,,
2159,642,2024-07-31 9:36:03,2024-07-31 20:40:04,0000032799,UFC FC KIMCHI RMX25G,UFC,1,21,Robinsons Easymart,EASYMART SAN LORENZO,,,
2159,642,2024-07-31 9:36:03,2024-07-31 20:40:04,0000032799,UFC FUNCHOW MEATY20G,UFC,1,16.75,Robinsons Easymart,EASYMART SAN LORENZO,,,
2162,644,2024-07-31 0:40:35,2024-07-31 20:46:15,0000579607,GF COOKING OIL 950ML,Golden Fiesta,1,127.5,Robinsons Supermarket,ROBINSONS SUPERMARKET METROPLAZA QUIRINO,,,
2164,651,2024-07-31 17:16:00,2024-07-31 21:03:18,00-035692,DPUTI SCE SOY PET 1LT/12,Datu Puti,1,53,WalterMart Supermarket Inc,WALTERMART TRECE MARTIRES,,,
2164,651,2024-07-31 17:16:00,2024-07-31 21:03:18,00-035692,DPUTI VIN 350ML/24,Datu Puti,1,17.5,WalterMart Supermarket Inc,WALTERMART TRECE MARTIRES,,,
529,655,2024-07-31 17:47:40,2024-07-31 21:20:20,154-003-00336796,$UFC GFP/OL950ML,UFC,1,122,Puregold,PUREGOLD TDC SUSANO NOVALICHES QC,,,
528,658,2024-07-31 18:14:34,2024-07-31 21:21:51,136-009-00476751,$UFC GFP/OL950ML,UFC,1,122,Puregold,PUREGOLD NOVALICHES,,,
2166,660,2024-07-31 20:20:20,2024-07-31 21:31:01,107-017-00173083,LOCALLY RTD GUY 1L,Locally,1,83.75,Puregold,PUREGOLD PASIG,,,
2168,662,2024-07-31 20:35:11,2024-07-31 21:44:43,341-001-00446261,M.TOMAS LCHNSCE325,Mang Tomas,1,35,Puregold,PUREGOLD NAVAL NAVOTAS,,,
2168,662,2024-07-31 20:35:11,2024-07-31 21:44:43,341-001-00446261,$UFC T/A B/KTCHP1K,UFC,1,70,Puregold,PUREGOLD NAVAL NAVOTAS,,,
747,667,2024-07-31 20:00:00,2024-07-31 21:50:35,00-067397,*MDF_UFC BKTCHP REG 1KG/1,UFC,1,66.75,WalterMart Supermarket Inc,WalterMart Supermarket Inc - PARANAQUE,,,
2170,671,2024-07-31 19:34:00,2024-07-31 22:24:24,0000467937,DP PATIS 1L,Datu Puti,1,74,Robinsons Supermarket,ROBINSONS SUPERMARKET RP GALLERIA,,,
2170,671,2024-07-31 19:34:00,2024-07-31 22:24:24,0000467937,UFC BNNA CTSUP530G,UFC,1,50.75,Robinsons Supermarket,ROBINSONS SUPERMARKET RP GALLERIA,,,
2173,673,2024-07-28 18:27:13,2024-07-31 23:42:56,229-004-00244572,LOCALLY R/M240ML,Locally,5,168,Puregold,PUREGOLD MATATALAIB,,,
2173,673,2024-07-28 18:27:13,2024-07-31 23:42:56,229-004-00244572,UFC SWT CHILI 340,UFC,1,39.5,Puregold,PUREGOLD MATATALAIB,,,
2174,681,2024-07-31 15:04:00,2024-08-01 00:11:12,3500224967,LOCALLY DALANDAN 1L,Locally,1,89.5,SM Savemore,SAVEMORE CAMARIN,,,
2169,684,2024-07-31 18:29:00,2024-08-01 00:13:33,0400093523,LOCALLY GUYABANO 1L,Locally,1,89.5,SM Savemore,SAVEMORE BERKELEY,,,
2178,685,2024-07-31 15:29:45,2024-08-01 00:15:14,0000079409,SO*DP SOY SCE 1L,Datu Puti,1,60.75,Robinsons Supermarket,ROBINSONS SUPERMARKET GRACELAND PLAZA MARIKINA,,,
2177,686,2024-07-31 17:16:00,2024-08-01 00:23:12,00035692,DPUTI SCE SOY PET 1LT/12,Datu Puti,1,53,WalterMart Supermarket Inc,WALTERMART TRECE MARTIRES,,,
2177,686,2024-07-31 17:16:00,2024-08-01 00:23:12,00035692,DPUTI VIN 350ML/24,Datu Puti,1,17.5,WalterMart Supermarket Inc,WALTERMART TRECE MARTIRES,,,
2175,687,2024-07-31 21:49:44,2024-08-01 00:34:18,0000041176,SILVER SWAN VIN1L,Silver Swan,1,57.75,Robinsons Supermarket,ROBINSONS SUPERMARKET RP ERMITA,,,
2179,688,2024-07-27 14:11:31,2024-08-01 00:36:19,0000037022,CC*SLVRSWN SOY SCE1L,Silver Swan,1,57.75,Robinsons Supermarket,ROBINSONS SUPERMARKET GUAGUA 2,,,
2180,690,2024-07-31 20:35:11,2024-08-01 02:54:00,34100100446261,M.TOMAS LCHNSCE325,Mang Tomas,1,35,Puregold,PUREGOLD NAVAL NAVOTAS,,,
2180,690,2024-07-31 20:35:11,2024-08-01 02:54:00,34100100446261,$UFC T/A B/KTCHP1K,UFC,1,70,Puregold,PUREGOLD NAVAL NAVOTAS,,,
2183,693,2024-07-31 19:14:48,2024-08-01 05:36:37,35800100106909,DP SOYSCE 1L,Datu Puti,1,51,Puregold,PUREGOLD TIPAS,,,
2188,703,2024-07-31 8:20:28,2024-08-01 08:51:07,61300600141496,SILVER SWAN VIN1L,Silver Swan,1,40,Puregold,PUREGOLD MONTALBAN,,,
2181,715,2024-07-31 0:40:35,2024-08-01 09:27:36,0000579607,GF COOKING OIL 950ML,Golden Fiesta,1,127.5,Robinsons Easymart,EASYMART - QUIRINO,,,
2187,720,2024-07-31 19:43:29,2024-08-01 10:20:41,33301200089354,LOCALLY RTD DAL 1L,Locally,1,83.75,Puregold,PUREGOLD MARILAO,,,
2152,723,2024-07-31 12:17:00,2024-08-01 10:57:20,000003100,LOCALLY BLENDED JUICE DRINK GUYAB,Locally,1,89.5,SM Supermarket,SM SUPERMARKET CALOOCAN,,,
2188,724,2024-07-31 8:19:44,2024-08-01 10:57:20,613-006-00141495,SS SOY SCE 1893ML,Silver Swan,1,53,Puregold,PUREGOLD BURGOS,,,
2199,738,2024-08-01 9:48:40,2024-08-01 14:30:26,0000263059,DP PATIS 350ML GIN,Datu Puti,1,26.25,Robinsons Easymart,EASYMART BAGONG SILANG 1,,,
2199,738,2024-08-01 9:48:40,2024-08-01 14:30:26,0000263059,PAPATOMATKTCHP340BOT,Papa,1,38.75,Robinsons Easymart,EASYMART BAGONG SILANG 1,,,
2199,738,2024-08-01 9:48:40,2024-08-01 14:30:26,0000263059,UFC FC KIMCHI RMX25G,UFC,1,21,Robinsons Easymart,EASYMART BAGONG SILANG 1,,,
1384,740,2024-06-05 18:26:08,2024-08-01 14:36:58,44000300141194,$UFC GF CNLA OIL1,UFC,1,142,Puregold,PUREGOLD SHAW,,,
1384,740,2024-06-05 18:26:08,2024-08-01 14:36:58,44000300141194,<<PAPA B/KTCHP320G,Papa,1,25.5,Puregold,PUREGOLD SHAW,,,
2201,742,2024-08-01 17:18:17,2024-08-01 19:03:29,32401100264790,DP BBQ MRND P144ML,Datu Puti,2,61,Puregold,PUREGOLD LIMAY BATAAN,,,
2201,742,2024-08-01 17:18:17,2024-08-01 19:03:29,32401100264790,JUFRAN RD H/C S165,Jufran,1,46,Puregold,PUREGOLD LIMAY BATAAN,,,
2139,743,2024-07-31 12:35:00,2024-08-01 21:59:41,00016113,JUFRAN SWEET3CHILISCE 24/330GR,Jufran,1,54,WalterMart Supermarket Inc,WALTERMART BALIWAG,,,
2160,768,2024-07-31 19:26:00,2024-08-02 16:59:50,0200046459,DATU PUTI WHITE VINEGAR 12/1LT Whi,Datu Puti,1,43,SM Savemore,SM Savemore - Ventura,,,
2160,768,2024-07-31 19:26:00,2024-08-02 16:59:50,0200046459,DP SOYSCE 1L,Datu Puti,1,53,SM Savemore,SM Savemore - Ventura,,,
2211,769,2024-08-02 16:31:35,2024-08-02 17:04:07,83000400304053,LOCALLY RTD GUY 1L,Locally,1,83.75,Puregold,PUREGOLD PULANG LUPA,,,
2212,770,2024-08-02 16:11:28,2024-08-02 17:07:47,0000064644,LOCALLY DALANDAN 1L,Locally,1,85.25,Robinsons Supermarket,ROBINSONS SUPERMARKET RP IMUS,,,
1174,771,2024-08-02 11:45:00,2024-08-02 18:08:57,00018169,GFSTA OIL CANOLA SUP 1LT/,Golden Fiesta,1,250,WalterMart Supermarket Inc,WALTERMART PANIQUI,,,
1174,771,2024-08-02 11:45:00,2024-08-02 18:08:57,00018169,*MDF UFC CORN WHL KERNEL,UFC,1,43.75,WalterMart Supermarket Inc,WALTERMART PANIQUI,,,
2189,782,2024-07-31 20:09:00,2024-08-02 22:27:27,1000090513,M.TOMAS LCHNSCE325,Mang Tomas,1,35,SM Savemore,SAVEMORE CABIAO,,,
528,783,2024-08-02 17:24:58,2024-08-02 22:32:18,15401100190155,$UFC GFP/OL1LSUP,UFC,1,119,Puregold,PUREGOLD BAESA NOVALICHES QC,,,
2216,784,2024-07-25 20:40:00,2024-08-02 23:17:13,197339,MANG TM LECHON SCE HOT 24/120Z 12,Mang Tomas,1,40,Gaisano Metro,METRO FRESH 'N EASY - LAWTON TAGUIG,,,
2216,784,2024-07-25 20:40:00,2024-08-02 23:17:13,197339,SLVR SWN SOY SAUCE 4/3785ML,Silver Swan,1,32.15,Gaisano Metro,METRO FRESH 'N EASY - LAWTON TAGUIG,,,
2217,788,2024-08-02 11:14:00,2024-08-03 01:30:38,02-00038187,M.TOMAS LCHNSCE325,Mang Tomas,1,38.5,SM Savemore,SAVEMORE FORTUNE TOWN,,,
2213,791,2024-08-03 10:22:00,2024-08-03 10:51:48,0300092280,M.TOMAS LCHNSCE325,Mang Tomas,1,38.5,SM Savemore,SAVEMORE EPZA,,,
2213,791,2024-08-03 10:22:00,2024-08-03 10:51:48,0300092280,DATU PUTI SOY SAUCE PE 12/1LT,Datu Puti,1,53,SM Savemore,SAVEMORE EPZA,,,
2197,795,2024-08-02 19:08:00,2024-08-03 11:16:04,000006608,LOCALLY BLENDED JUICE DRINK GUYAB,Locally,1,89.5,SM Supermarket,SM SUPERMARKET CALOOCAN,,,
2222,799,2024-08-02 19:10:00,2024-08-03 12:08:49,05-00115036,DP PATIS 350ML,Datu Puti,1,26,SM Savemore,SAVEMORE EPZA,,,
2163,804,2024-08-03 11:23:33,2024-08-03 13:24:09,35100500233382,LOCALLY DLNDN240ML,Locally,4,60,Puregold,PUREGOLD GUIMBA,,,
2225,805,2024-08-03 12:53:12,2024-08-03 13:24:29,0000083699,CC*SLVRSWN SOY SCE1L,Silver Swan,1,57.75,Robinsons Supermarket,ROBINSONS SUPERMARKET TOWN MALL MALABON,,,
2225,805,2024-08-03 12:53:12,2024-08-03 13:24:29,0000083699,GS*UFC BNNACTSUP320G,UFC,1,29,Robinsons Supermarket,ROBINSONS SUPERMARKET TOWN MALL MALABON,,,
2225,805,2024-08-03 12:53:12,2024-08-03 13:24:29,0000083699,SO*DP WHT VNGR 1LX12,Datu Puti,1,42.5,Robinsons Supermarket,ROBINSONS SUPERMARKET TOWN MALL MALABON,,,
2226,808,2024-08-03 13:14:00,2024-08-03 13:38:31,010454802,LOCALLY BLENDED JUICE DRINK GUYAB,Locally,1,89.5,SM Hypermarket,HYPERMARKET IMUS,,,
2227,811,2024-08-03 13:08:00,2024-08-03 14:14:25,010298084,<<DP SOYSCE 385ML,Datu Puti,1,22,SM Supermarket,SM SUPERMARKET EAST ORTIGAS,,,
2229,817,2024-08-03 14:14:00,2024-08-03 14:47:05,00018355,DPUTI SCE SOY PET 1LT/12,Datu Puti,1,53,WalterMart Supermarket Inc,WALTERMART CAPAS,,,
2228,818,2024-07-31 21:06:00,2024-08-03 14:51:05,0500139694,DP SOYSCE 1L,Datu Puti,1,53,SM Savemore,SAVEMORE LIGHT RESIDENCES,,,
2230,819,2024-08-03 15:10:34,2024-08-03 15:18:55,72100700401096,SILVER SWAN VIN1L,Silver Swan,1,40,Puregold,PUREGOLD JR BALARA QC,,,
2232,820,2024-08-03 17:03:36,2024-08-03 17:12:00,40103200346957,D/PUTI OYSTRFC150G,Datu Puti,3,80.25,Puregold,PUREGOLD SAN PEDRO,,,
2233,822,2024-08-03 17:12:09,2024-08-03 17:39:29,0000047611,SO*DP SOY SCE 1L,Datu Puti,1,60.75,Robinsons Supermarket,Robinsons Supermarket - New Manila Quezon City,,,
2233,822,2024-08-03 17:12:09,2024-08-03 17:39:29,0000047611,UFC GRAVY 50G × 72,UFC,1,10,Robinsons Supermarket,Robinsons Supermarket - New Manila Quezon City,,,
2234,823,2024-08-03 19:50:51,2024-08-03 20:31:43,13101000285325,DP SOYSCE 1L,Datu Puti,1,51,Puregold,PUREGOLD SAN ISIDRO,,,
2234,823,2024-08-03 19:50:51,2024-08-03 20:31:43,13101000285325,$UFC T/A B/KTCHP1K,UFC,1,70,Puregold,PUREGOLD SAN ISIDRO,,,
2234,823,2024-08-03 19:50:51,2024-08-03 20:31:43,13101000285325,M.TOMAS LCHNSCE325,Mang Tomas,1,35,Puregold,PUREGOLD SAN ISIDRO,,,
2236,826,2024-08-03 18:57:07,2024-08-03 22:07:41,0000022556,SO*DP SOY SCE 1L,Datu Puti,1,60.75,Robinsons Supermarket,ROBINSONS SUPERMARKET RP PANGASINAN,,,
528,829,2024-08-03 19:33:33,2024-08-03 22:43:57,13600800577836,$UFC GFP/OL950ML,UFC,1,122,Puregold,PUREGOLD BAESA NOVALICHES QC,,,
529,830,2024-08-03 18:53:44,2024-08-03 23:00:20,15401200436816,$UFC GFP/OL1LSUP,UFC,1,119,Puregold,PUREGOLD BAESA NOVALICHES QC,,,
985,832,2024-08-03 18:02:27,2024-08-03 23:42:46,0000080236,UFC BNNA CTSUP530G,UFC,1,50.75,Robinsons Supermarket,ROBINSONS SUPERMARKET TALAVERA SQUARE ILAGAN,,,
985,832,2024-08-03 18:02:27,2024-08-03 23:42:46,0000080236,UFCGFCANOLA1LDUOPACK,UFC,1,258,Robinsons Supermarket,ROBINSONS SUPERMARKET TALAVERA SQUARE ILAGAN,,,
526,833,2024-08-02 18:43:37,2024-08-04 00:43:11,13601000056493,$UFC GFP/OL950ML,UFC,1,122,Puregold,PUREGOLD QUEZON AVENUE,,,
764,834,2024-07-15 18:12:06,2024-08-04 10:50:12,28800800143107,DP PATIS 1L,Datu Puti,36,2583,Puregold,PUREGOLD DELA PAZ PASIG,,,
764,834,2024-07-15 18:12:06,2024-08-04 10:50:12,28800800143107,DP SOYSCE 1L,Datu Puti,24,1224,Puregold,PUREGOLD DELA PAZ PASIG,,,
2240,836,2024-08-04 11:56:52,2024-08-04 15:23:56,302-019-00112028,DP WHT VIN 1L,Datu Puti,1,41.25,Puregold,PUREGOLD SUBIC FERTUNA,,,
2240,836,2024-08-04 11:56:52,2024-08-04 15:23:56,302-019-00112028,DP SOYSCE 1L,Datu Puti,1,51,Puregold,PUREGOLD SUBIC FERTUNA,,,
464,837,2024-08-04 16:49:21,2024-08-04 17:35:13,0000020664,UFC MSHRM PC STM400G,UFC,1,60,The Marketplace,THE MARKETPLACE VENICE GRAND MCKINLEY,,,
464,837,2024-08-04 16:49:21,2024-08-04 17:35:13,0000020664,UFC WHOLE PEPPER 30G,UFC,1,59.25,The Marketplace,THE MARKETPLACE VENICE GRAND MCKINLEY,,,
1193,852,2024-08-04 18:33:16,2024-08-05 15:57:50,16800600107727,DP SOYSCE 1L,Datu Puti,1,51,Puregold,PUREGOLD BIÑAN LAGUNA,,,
1193,852,2024-08-04 18:33:16,2024-08-05 15:57:50,16800600107727,DP WHT VIN 1L,Datu Puti,1,41.25,Puregold,PUREGOLD BIÑAN LAGUNA,,,
1193,852,2024-08-04 18:33:16,2024-08-05 15:57:50,16800600107727,UFC CRB & CORN60G,UFC,1,49.25,Puregold,PUREGOLD BIÑAN LAGUNA,,,
1193,852,2024-08-04 18:33:16,2024-08-05 15:57:50,16800600107727,UFC FC SFDY/CHW20G,UFC,1,15,Puregold,PUREGOLD BIÑAN LAGUNA,,,
1193,852,2024-08-04 18:33:16,2024-08-05 15:57:50,16800600107727,UFC FC YANGCHOW20G,UFC,1,15,Puregold,PUREGOLD BIÑAN LAGUNA,,,
2253,853,2024-08-05 15:15:38,2024-08-05 18:28:19,31700400155118,$UFC GF CNLA OIL1,UFC,1,134,Puregold,PUREGOLD GAPAN,,,
2253,853,2024-08-05 15:15:38,2024-08-05 18:28:19,31700400155118,UFC FC YANGCHOW20G,UFC,2,30,Puregold,PUREGOLD GAPAN,,,
2253,853,2024-08-05 15:15:38,2024-08-05 18:28:19,31700400155118,D/PUTI S/SCE340ML,Datu Puti,1,19,Puregold,PUREGOLD GAPAN,,,
2259,854,2024-08-05 19:42:08,2024-08-05 20:57:59,15400500777095,$UFC GFP/OL950ML,UFC,1,122,Puregold,PUREGOLD TDC SUSANO NOVALICHES QC,,,
2263,858,2024-08-05 20:23:18,2024-08-05 21:31:03,11301600177527,UFC FC YANGCHOW20G,UFC,1,15,Puregold,Puregold -  Gen Santos Socorro,,,
2263,858,2024-08-05 20:23:18,2024-08-05 21:31:03,11301600177527,DP WHT VIN 1L,Datu Puti,1,41.25,Puregold,Puregold -  Gen Santos Socorro,,,
1058,863,2024-08-03 11:21:04,2024-08-05 23:18:44,41800500138237,DATU PUTI SOY SAUCE PE 12/1LT,Datu Puti,1,84,Puregold,PUREGOLD JR SAN FERNANDO PAMPANGA,,,
2269,869,2024-08-06 9:50:01,2024-08-06 10:10:57,444-006-00035739,LOCALLY PMELO240ML,Locally,2,60.4,Puregold,PUREGOLD BALIUAG BULACAN,,,
2269,869,2024-08-06 9:50:01,2024-08-06 10:10:57,444-006-00035739,<< PAPA B/KTCHP320G,Papa,1,25,Puregold,PUREGOLD BALIUAG BULACAN,,,
2269,869,2024-08-06 9:50:01,2024-08-06 10:10:57,444-006-00035739,LOCALLY CLMNS240ML,Locally,2,30,Puregold,PUREGOLD BALIUAG BULACAN,,,
2269,869,2024-08-06 9:50:01,2024-08-06 10:10:57,444-006-00035739,LOCALLY DLNDN240ML,Locally,2,30,Puregold,PUREGOLD BALIUAG BULACAN,,,
978,873,2024-07-27 10:36:39,2024-08-06 15:08:09,0000059769,UFC FUNCHOWSEAFOOD20,UFC,1,16.75,Robinsons Easymart,EASYMART - MARCOS HIGHWAY DELA PAZ,,,
978,874,2024-08-04 19:40:27,2024-08-06 15:24:51,0000062931,UFC GRAVY 50G × 72,UFC,1,10,Robinsons Easymart,EASYMART - MARCOS HIGHWAY DELA PAZ,,,
2277,875,2024-08-06 14:26:09,2024-08-06 16:59:37,33400400285316,<< UFC T/A B/KET32,UFC,1,27.5,Puregold,PUREGOLD IMUS CAVITE,,,
2277,875,2024-08-06 14:26:09,2024-08-06 16:59:37,33400400285316,MT LECHONSCE HT325,Mang Tomas,1,36,Puregold,PUREGOLD IMUS CAVITE,,,
2277,875,2024-08-06 14:26:09,2024-08-06 16:59:37,33400400285316,DP WHT VIN 1L,Datu Puti,1,41.25,Puregold,PUREGOLD IMUS CAVITE,,,
2262,878,2024-08-06 18:48:06,2024-08-06 19:48:39,71400400416503,$<<UFCGFOIL485ML,UFC,1,72,Puregold,PUREGOLD JR BALIBAGO PAMPANGA,,,
528,879,2024-08-05 18:47:48,2024-08-06 20:56:13,13600900477581,$UFC GFP/OL950ML,UFC,1,122,Puregold,PUREGOLD NOVALICHES,,,
529,880,2024-08-05 19:38:53,2024-08-06 21:09:17,15400500777093,$UFC GFP/OL950ML,UFC,1,122,Puregold,PUREGOLD TDC SUSANO NOVALICHES QC,,,
2259,881,2024-08-05 18:32:09,2024-08-06 21:26:06,13600700528207,$UFC GFP/OL950ML,UFC,1,122,Puregold,PUREGOLD NOVALICHES,,,
529,882,2024-08-05 18:47:02,2024-08-06 21:29:19,13600900477580,$UFC GFP/OL950ML,UFC,1,122,Puregold,PUREGOLD TDC SUSANO NOVALICHES QC,,,
528,884,2024-08-06 18:10:29,2024-08-06 22:22:57,15401200437567,$UFC GFP/OL950ML,UFC,1,122,Puregold,PUREGOLD TDC SUSANO NOVALICHES QC,,,
2280,885,2024-08-05 20:59:51,2024-08-06 22:39:40,0000232663,GOLDENSAVERSDUOPACK,Golden Fiesta,1,228,Robinsons Supermarket,Robinsons Supermarket -Shopking Commercial,,,
973,887,2024-08-07 9:08:00,2024-08-07 11:18:25,0300154935,*MDF_UFC COCONUT CREAM400,UFC,1,68.5,SM Savemore,SAVEMORE LIGHT RESIDENCES,,,
973,887,2024-08-07 9:08:00,2024-08-07 11:18:25,0300154935,UFC GI/BAG REG250G,UFC,1,91.5,SM Savemore,SAVEMORE LIGHT RESIDENCES,,,
2288,888,2024-08-07 11:56:52,2024-08-07 12:09:09,0000259471,UFC GF CANOLA 485ML,UFC,1,88,Robinsons Supermarket,ROBINSONS SUPERMARKET VICTORY MALL CALOOCAN,,,
645,889,2024-08-06 19:30:36,2024-08-07 15:18:58,655-009-00039033,$UFC GFP/OL950ML,UFC,1,122,Puregold,Puregold San Miguel,,,
2259,890,2024-08-06 19:09:03,2024-08-07 15:37:57,13601000057216,$UFC GFP/OL950ML,UFC,1,122,Puregold,PUREGOLD NOVALICHES,,,
2268,891,2024-08-05 17:01:55,2024-08-07 17:02:06,851-005-00842646,<<DP SOYSCE 385ML,Datu Puti,1,21.25,Puregold,PUREGOLD JR MARIKINA,,,
2268,891,2024-08-05 17:01:55,2024-08-07 17:02:06,851-005-00842646,<< UFC T/A B/KET32,UFC,1,27.5,Puregold,PUREGOLD JR MARIKINA,,,
2291,893,2024-08-07 17:33:31,2024-08-07 19:30:05,0000410473,UFC GF CANOLA OIL 1L,UFC,1,139.5,Robinsons Easymart,EASYMART 100 WEST MAKATI,,,
1053,895,2024-07-28 17:54:33,2024-08-07 21:36:07,0000378430,UFC GF CANOLA OIL 1L,UFC,1,139.5,Robinsons Supermarket,ROBINSONS SUPERMARKET RP DASMARINAS,,,
1797,899,2024-07-31 17:30:00,2024-08-08 08:50:06,010340054,MT LECHONSCE HT325,Mang Tomas,1,38.5,SM Supermarket,SM SUPERMARKET SOUTHMALL,,,
733,900,2024-08-07 15:55:05,2024-08-08 12:19:48,857-005-00107259,D/PUTI S/SCE340ML,Datu Puti,24,450,Puregold,PUREGOLD - NUEVA ECIJA,,,
733,900,2024-08-07 15:55:05,2024-08-08 12:19:48,857-005-00107259,<< UFC T/A B/KET32,UFC,24,660,Puregold,PUREGOLD - NUEVA ECIJA,,,
527,905,2024-08-09 18:39:00,2024-08-09 20:21:12,2100170380,$UFC GFP/OL950ML,UFC,1,122.5,SM Savemore,SAVEMORE NOVALICHES,,,
2259,906,2024-08-08 17:28:02,2024-08-09 20:35:07,136-007-00528671,$UFC GFP/OL950ML,UFC,1,122,Puregold,PUREGOLD NOVALICHES,,,
529,907,2024-08-08 16:38:02,2024-08-09 20:44:57,15400400465562,$UFC GFP/OL950ML,UFC,1,122,Puregold,PUREGOLD TDC SUSANO NOVALICHES QC,,,
2328,908,2024-05-08 18:19:00,2024-08-09 21:09:18,000000800,SLVR SWN SK/PUTI1L,Silver Swan,1,40,SM Hypermarket,HYPERMARKET PAMPANGA,,,
2328,908,2024-05-08 18:19:00,2024-08-09 21:09:18,000000800,SLVR SWAN S/SCE1LT,Silver Swan,1,53.5,SM Hypermarket,HYPERMARKET PAMPANGA,,,
2328,908,2024-05-08 18:19:00,2024-08-09 21:09:18,000000800,UFC P&S MSHRM 400G,UFC,2,87,SM Hypermarket,HYPERMARKET PAMPANGA,,,
2328,908,2024-05-08 18:19:00,2024-08-09 21:09:18,000000800,UFC CORN KRNEL425G,UFC,1,87,SM Hypermarket,HYPERMARKET PAMPANGA,,,
1870,909,2024-08-10 16:18:17,2024-08-10 16:38:14,25601200272360,DP WHI VIN 1.893L,Datu Puti,1,81.25,Puregold,PUREGOLD BINANGONAN,,,
528,911,2024-08-10 17:54:10,2024-08-10 20:40:35,13600700529058,$UFC GFP/OL950ML,UFC,1,122,Puregold,PUREGOLD NOVALICHES,,,
527,912,2024-08-10 18:31:50,2024-08-10 20:40:57,15401200438539,$UFC GFP/OL950ML,UFC,1,122,Puregold,PUREGOLD TDC SUSANO NOVALICHES QC,,,
2259,915,2024-08-09 17:15:44,2024-08-10 22:35:56,15401200438187,$UFC GFP/OL950ML,UFC,1,122,Puregold,PUREGOLD BAESA NOVALICHES QC,,,
2259,915,2024-08-09 17:15:44,2024-08-10 22:35:56,15401200438187,DP SOY SCE 200ML,Datu Puti,1,10,Puregold,PUREGOLD BAESA NOVALICHES QC,,,
526,916,2024-08-10 19:18:00,2024-08-10 22:38:09,2000139347,$UFC GFP/OL950ML,UFC,1,122.5,SM Savemore,SAVEMORE NOVALICHES,,,
2342,917,2024-08-10 19:04:00,2024-08-11 02:24:22,010728726 19,UFC BNNA CTSUP 4K,UFC,1,69.5,SM Hypermarket,HYPERMARKET MARILAO,,,
2334,921,2024-08-02 20:15:33,2024-08-11 21:17:30,398-005-00282943,$UFC GFP/OL 2L,UFC,1,220,Puregold,PUREGOLD PALIPARAN DASMARIÑAS,,,
2259,922,2024-08-11 18:47:15,2024-08-11 22:30:30,13601000058044,$UFC GFP/OL950ML,UFC,1,122,Puregold,PUREGOLD BAESA NOVALICHES QC,,,
529,923,2024-08-11 18:44:57,2024-08-11 22:33:02,13600800579329,$UFC GFP/OL950ML,UFC,1,122,Puregold,PUREGOLD BAESA NOVALICHES QC,,,
2349,925,2024-08-11 17:59:16,2024-08-11 22:40:43,15401100190765,$UFC GFP/OL950ML,UFC,1,122,Puregold,PUREGOLD TDC SUSANO NOVALICHES QC,,,
933,926,2024-08-11 9:07:14,2024-08-12 07:39:24,137-011-00219882,<< UFC T/A B/KET32,UFC,1,23,Puregold,PUREGOLD PACO,,,
933,926,2024-08-11 9:07:14,2024-08-12 07:39:24,137-011-00219882,DP WHT VNGR 200ML,Datu Puti,2,15.1,Puregold,PUREGOLD PACO,,,
933,926,2024-08-11 9:07:14,2024-08-12 07:39:24,137-011-00219882,UFC SPICIER 100G,UFC,1,23.75,Puregold,PUREGOLD PACO,,,
2349,930,2024-08-12 19:23:12,2024-08-12 20:42:23,13601000058173,$UFC GFP/OL950ML,UFC,1,122,Puregold,PUREGOLD NOVALICHES,,,
528,931,2024-08-12 18:47:15,2024-08-12 20:42:42,15401200439085,$UFC GFP/OL950ML,UFC,1,122,Puregold,PUREGOLD TDC SUSANO NOVALICHES QC,,,
2259,932,2024-08-12 19:27:21,2024-08-12 20:43:03,13600900478483,$UFC GFP/OL950ML,UFC,1,122,Puregold,PUREGOLD NOVALICHES,,,
526,933,2024-08-12 18:21:00,2024-08-12 21:04:28,4200216228,$UFC GFP/OL950ML,UFC,1,122.5,SM Savemore,SAVEMORE NOVALICHES,,,
2378,936,2024-07-22 9:23:50,2024-08-12 21:50:13,12400500233311,<< UFC T/A B/KET32,UFC,1,27.5,Puregold,PUREGOLD LEGASPI BICOL,,,
2378,936,2024-07-22 9:23:50,2024-08-12 21:50:13,12400500233311,SILVER SWAN VIN1L,Silver Swan,4,22,Puregold,PUREGOLD LEGASPI BICOL,,,
2395,938,2024-08-11 16:32:02,2024-08-13 06:38:23,0000010574,CC*SLRSWNSUKA PUTI1L,Silver Swan,1,44.5,Robinsons Supermarket,ROBINSONS SUPERMARKET RP ORMOC,,,
2395,938,2024-08-11 16:32:02,2024-08-13 06:38:23,0000010574,CC*SLVRSWN SOY SCE1L,Silver Swan,1,57.75,Robinsons Supermarket,ROBINSONS SUPERMARKET RP ORMOC,,,
2395,938,2024-08-11 16:32:02,2024-08-13 06:38:23,0000010574,SLVRWOW SARAP8GX12MP,Silver Swan,1,33,Robinsons Supermarket,ROBINSONS SUPERMARKET RP ORMOC,,,
2401,939,2024-08-03 19:37:00,2024-08-13 10:29:19,000059977,$UFC GFP/OL950ML,UFC,1,122.5,SM Supermarket,SM SUPERMARKET NAGA,,,
2401,939,2024-08-03 19:37:00,2024-08-13 10:29:19,000059977,SLVRSWN VNEGSUP350ML,Silver Swan,1,16,SM Supermarket,SM SUPERMARKET NAGA,,,
2401,941,2024-07-13 19:28:00,2024-08-13 12:30:41,000116464,SLVRSWN VNEGSUP350ML,Silver Swan,1,16,Gaisano Metro,METRO - NAGA CAMSUR,,,
733,942,2024-08-12 11:51:26,2024-08-13 13:16:33,857-004-00147722,DP WHT VIN 1L,Datu Puti,12,495,Puregold,PUREGOLD - NUEVA ECIJA,,,
733,942,2024-08-12 11:51:26,2024-08-13 13:16:33,857-004-00147722,DP SOYSCE 1L,Datu Puti,12,612,Puregold,PUREGOLD - NUEVA ECIJA,,,
2111,956,2024-07-29 12:44:00,2024-08-13 14:21:53,0700230287,GOLDEN FIESTA CANOLA OIL 1L/12,Golden Fiesta,1,134,SM Savemore,SAVEMORE PILI,,,
2111,956,2024-07-29 12:44:00,2024-08-13 14:21:53,0700230287,SLVR SWAN S/SCE1LT,Silver Swan,1,53.5,SM Savemore,SAVEMORE PILI,,,
2111,956,2024-07-29 12:44:00,2024-08-13 14:21:53,0700230287,SLVR SWN SK/PUTI1L,Silver Swan,1,40,SM Savemore,SAVEMORE PILI,,,
2111,957,2024-05-28 15:28:00,2024-08-13 14:53:56,1400154745,DP OYSTER SCE 170G,Datu Puti,1,44.5,SM Savemore,SAVEMORE PILI,,,
2413,959,2024-08-12 17:33:34,2024-08-13 15:33:40,15101200343613,DP SOY SAUCE 100ML,Datu Puti,10,66,Puregold,PUREGOLD GUIGUINTO BAYAN,,,
2424,969,2024-08-04 7:16:18,2024-08-13 19:29:13,0000204952,GF COOKING OIL 950ML,Golden Fiesta,1,127.5,Robinsons Easymart,EASYMART EDSA TAFT,,,
2349,973,2024-08-13 17:26:00,2024-08-13 20:47:50,4200216563,$UFC GFP/OL950ML,UFC,1,122.5,SM Savemore,SAVEMORE NOVALICHES,,,
2259,974,2024-08-13 18:27:02,2024-08-13 20:48:02,13600700529636,$UFC GFP/OL1LSUP,UFC,1,119,Puregold,PUREGOLD NOVALICHES,,,
528,975,2024-08-13 18:37:05,2024-08-13 20:48:12,13600900478596,$UFC GFP/OL1LSUP,UFC,1,119,Puregold,PUREGOLD NOVALICHES,,,
527,976,2024-08-13 18:23:11,2024-08-13 21:15:00,13601000058215,$UFC GFP/OL1LSUP,UFC,1,119,Puregold,PUREGOLD NOVALICHES,,,
2431,977,2024-08-13 17:01:43,2024-08-13 22:13:03,10201200083919,<< UFC T/A B/KET32,UFC,1,27.5,Puregold,PUREGOLD TAYUMAN,,,
2431,977,2024-08-13 17:01:43,2024-08-13 22:13:03,10201200083919,DP WHI VIN 1.893L,Datu Puti,1,81.25,Puregold,PUREGOLD TAYUMAN,,,
517,978,2024-08-14 12:34:00,2024-08-14 13:02:36,1600296519,GF PALM OIL 1L SUP,Golden Fiesta,1,118.5,SM Savemore,SAVEMORE SOLANO 2,,,
1053,980,2024-08-08 16:52:25,2024-08-14 14:21:23,0000329062,UFC GF CANOLA OIL 1L,UFC,1,139.5,Robinsons Supermarket,ROBINSONS SUPERMARKET RP PALAWAN,,,
2464,981,2024-08-14 13:45:28,2024-08-14 14:40:45,0000005034,CC*SLRSWNSUKA PUTI1L,Silver Swan,1,44.5,Robinsons Supermarket,ROBINSONS SUPERMARKET TOWNVILLE REGALADO FAIRVIEW,,,
2464,981,2024-08-14 13:45:28,2024-08-14 14:40:45,0000005034,UFCGFCANOLA1LDUOPACK,UFC,1,255,Robinsons Supermarket,ROBINSONS SUPERMARKET TOWNVILLE REGALADO FAIRVIEW,,,
2395,982,2024-08-14 14:39:23,2024-08-14 14:52:57,0000011030,SLVRWOW SARAP8GX12MP,Silver Swan,2,66,Robinsons Supermarket,ROBINSONS SUPERMARKET RP ORMOC,,,
2471,991,2024-08-14 13:53:21,2024-08-14 17:56:35,0000093376,SLVRWOW SARAP8GX12MP,Silver Swan,1,33,Robinsons Supermarket,Robinsons Supermarket - GF KAI MALL,,,
2471,991,2024-08-14 13:53:21,2024-08-14 17:56:35,0000093376,UFC BC HOT 320G,UFC,1,36,Robinsons Supermarket,Robinsons Supermarket - GF KAI MALL,,,
2471,991,2024-08-14 13:53:21,2024-08-14 17:56:35,0000093376,UFC FC BBMBAP RMX27G,UFC,2,42,Robinsons Supermarket,Robinsons Supermarket - GF KAI MALL,,,
2471,991,2024-08-14 13:53:21,2024-08-14 17:56:35,0000093376,UFC FC BC BBG RMX25G,UFC,2,42,Robinsons Supermarket,Robinsons Supermarket - GF KAI MALL,,,
2491,996,2024-08-12 17:33:25,2024-08-15 10:01:29,48500700130434,$UFC GF CNLA OIL1,UFC,1,134,Puregold,PUREGOLD EXTRA TANDANG SORA,,,
2497,1000,2024-08-14 16:12:41,2024-08-15 13:57:08,492-001-00091804,UFC SWT CHILI 340,UFC,1,39.5,Puregold,PUREGOLD EXTRA TIAONG QUEZON,,,
2497,1000,2024-08-14 16:12:41,2024-08-15 13:57:08,492-001-00091804,UFC H/FSTA OIL1L,UFC,1,54.9,Puregold,PUREGOLD EXTRA TIAONG QUEZON,,,
2499,1007,2024-08-14 17:36:09,2024-08-15 18:28:14,314-009-00445512,SILVER SWAN VIN1L,Silver Swan,1,40,Puregold,PUREGOLD BALINTAWAK QC,,,
2499,1007,2024-08-14 17:36:09,2024-08-15 18:28:14,314-009-00445512,$UFC GFP/OL1LSUP,UFC,1,119,Puregold,PUREGOLD BALINTAWAK QC,,,
2507,1008,2024-08-15 16:19:12,2024-08-15 18:33:51,0000011235,HH*SLVRSWNSOYSC200ML,Silver Swan,1,11,Robinsons Supermarket,ROBINSONS SUPERMARKET ORMOC CENTRUM,,,
2259,1010,2024-08-15 17:11:48,2024-08-15 22:35:11,13601000058587,$UFC GFP/OL1LSUP,UFC,1,119,Puregold,PUREGOLD BAESA NOVALICHES QC,,,
2349,1011,2024-08-15 17:33:28,2024-08-15 22:35:11,13600600410891,$UFC GFP/OL1LSUP,UFC,1,119,Puregold,PUREGOLD BAESA NOVALICHES QC,,,
528,1013,2024-08-15 17:21:13,2024-08-16 05:01:07,13600900478912,$UFC GFP/OL1LSUP,UFC,1,119,Puregold,PUREGOLD BAESA NOVALICHES QC,,,
2522,1016,2024-08-14 10:14:00,2024-08-16 09:09:23,000240806,GOLDEN FIESTA CANOLA OIL 1L/12,Golden Fiesta,1,134,SM Supermarket,SM SUPERMARKET CALOOCAN,,,
1961,1018,2024-08-15 9:13:00,2024-08-16 10:50:44,00-023543,*MDF_UFC BKTCHP REG 320GR,UFC,1,27,WalterMart Supermarket Inc,WALTERMART GUIGUINTO,,,
764,1020,2024-08-15 14:15:02,2024-08-16 11:18:23,28800400095057,DP SOYSCE 1L,Datu Puti,12,612,Puregold,Puregold - AMANG RODRIGUEZ,,,
764,1020,2024-08-15 14:15:02,2024-08-16 11:18:23,28800400095057,DP PATIS 1L,Datu Puti,24,1722,Puregold,Puregold - AMANG RODRIGUEZ,,,
764,1020,2024-08-15 14:15:02,2024-08-16 11:18:23,28800400095057,M.TOMAS LCHNSCE325,Mang Tomas,6,210,Puregold,Puregold - AMANG RODRIGUEZ,,,
764,1020,2024-08-15 14:15:02,2024-08-16 11:18:23,28800400095057,<< UFC T/A B/KET32,UFC,6,165,Puregold,Puregold - AMANG RODRIGUEZ,,,
764,1020,2024-08-15 14:15:02,2024-08-16 11:18:23,28800400095057,DP PATIS 350ML,Datu Puti,6,150,Puregold,Puregold - AMANG RODRIGUEZ,,,
2528,1022,2024-07-21 19:17:00,2024-08-16 11:27:37,010567735,UFC BANANA CATSU 24/320 GRAMS.,UFC,2,141.9,SM Hypermarket,HYPERMARKET SUN MALL,,,
2378,1024,2024-08-15 18:38:55,2024-08-16 12:28:34,12400300182285,<< UFC T/A B/KET32,UFC,2,55,Puregold,PUREGOLD LEGASPI BICOL,,,
2349,1025,2024-08-15 17:15:22,2024-08-16 14:31:21,13600700530028,UFC SWT CHILI 340,UFC,1,119,Puregold,PUREGOLD NOVALICHES,,,
2542,1029,2024-08-14 10:21:00,2024-08-16 16:20:49,010583725,GF PALM OIL 1L SUP,Golden Fiesta,1,118.5,SM Hypermarket,HYPERMARKET DASMARINAS,,,
2542,1029,2024-08-14 10:21:00,2024-08-16 16:20:49,010583725,DP PATIS 350ML,Datu Puti,1,26,SM Hypermarket,HYPERMARKET DASMARINAS,,,
2557,1031,2024-08-16 10:02:00,2024-08-16 19:43:21,000124474 10,DP VINEGAR 1L SUP,Datu Puti,1,86,SM Hypermarket,HYPERMARKET TAYTAY,,,
527,1035,2024-08-16 18:47:47,2024-08-16 20:59:43,13601000058818,$UFC GFP/OL1LSUP,UFC,1,119,Puregold,PUREGOLD NOVALICHES,,,
875,1041,2024-08-14 20:52:34,2024-08-16 22:51:16,0000020957,SLVRSWN VNEGSUP350ML,Silver Swan,1,17,Robinsons Supermarket,ROBINSONS SUPERMARKET IBA TOWN CENTER ZAMBALES,,,
2259,1047,2024-08-16 18:30:37,2024-08-17 09:27:20,136-010-00058808,$UFC GFP/OL1LSUP,UFC,1,119,Puregold,PUREGOLD NOVALICHES,,,
526,1049,2024-08-16 18:39:56,2024-08-17 09:58:17,136-008-00580007,$UFC GFP/OL1LSUP,UFC,1,119,Puregold,PUREGOLD NOVALICHES,,,
2499,1055,2024-08-14 17:26:17,2024-08-17 11:52:41,31400600259523,DP SPCD VIN350ML,Datu Puti,1,45,Puregold,PUREGOLD ESCALANTE,,,
2499,1055,2024-08-14 17:26:17,2024-08-17 11:52:41,31400600259523,$UFC GFP/OL1LSUP,UFC,1,119,Puregold,PUREGOLD ESCALANTE,,,
2606,1056,2024-08-15 17:48:00,2024-08-17 12:10:16,000013488,GOLDEN FIESTA CANOLA OIL 1L/12,Golden Fiesta,1,134,SM Hypermarket,HYPERMARKET MALL OF ASIA,,,
2606,1058,2024-07-19 10:51:41,2024-08-17 12:23:59,11500400670673,$UFC GF CNLA OIL1,UFC,1,134,Puregold,Puregold - Victory Mall Taft,,,
2606,1059,2024-07-07 20:24:55,2024-08-17 12:38:15,0000032057,SO*DP WHT VNGR 1LX12,Datu Puti,1,43,Shopwise,SHOPWISE LANCASTER,,,
2606,1059,2024-07-07 20:24:55,2024-08-17 12:38:15,0000032057,UFCGFCANOLA1LDUOPACK,UFC,1,262,Shopwise,SHOPWISE LANCASTER,,,
2613,1063,2024-08-09 11:52:00,2024-08-17 16:20:44,0100172610,GOLDEN FIESTA CANOLA OIL 1L/12,Golden Fiesta,1,134,SM Savemore,SAVEMORE TACLOBAN,,,
2625,1067,2024-08-16 19:05:00,2024-08-17 19:53:52,010627419 19,$UFC GFP/OL950ML,UFC,1,122.5,SM Supermarket,SM SUPERMARKET MEGAMALL A,,,
2625,1067,2024-08-16 19:05:00,2024-08-17 19:53:52,010627419 19,S/SWAN SOY340/350M,Silver Swan,1,20,SM Supermarket,SM SUPERMARKET MEGAMALL A,,,
529,1068,2024-08-17 18:32:25,2024-08-17 20:19:15,15401100191165,$UFC GFP/OL1LSUP,UFC,1,119,Puregold,PUREGOLD TDC SUSANO NOVALICHES QC,,,
527,1073,2024-08-17 19:04:48,2024-08-17 20:58:35,13600900479240,$UFC GFP/OL1LSUP,UFC,1,119,Puregold,PUREGOLD BAESA NOVALICHES QC,,,
528,1077,2024-08-17 19:07:47,2024-08-17 21:14:21,13600700530371,$UFC GFP/OL1LSUP,UFC,1,119,Puregold,PUREGOLD NOVALICHES,,,
2542,1088,2024-06-17 10:21:00,2024-08-18 13:11:40,010583415,GF PALM OIL 1L SUP,Golden Fiesta,1,118.5,SM Hypermarket,HYPERMARKET DASMARINAS,,,
2542,1088,2024-06-17 10:21:00,2024-08-18 13:11:40,010583415,DP PATIS 350ML,Datu Puti,1,26,SM Hypermarket,HYPERMARKET DASMARINAS,,,
2663,1093,2024-07-22 14:26:08,2024-08-18 14:06:45,0000032314,UFCGFCANOLA1LDUOPACK,UFC,1,258,Robinsons Supermarket,ROBINSONS SUPERMARKET IBA TOWN CENTER ZAMBALES,,,
2664,1096,2024-08-16 10:00:00,2024-08-18 14:17:17,0400076616,GF PALM OIL 1L SUP,Golden Fiesta,1,118.5,SM Savemore,SAVEMORE BAGBAGUIN,,,
2664,1097,2024-08-18 11:15:00,2024-08-18 14:32:18,2100171669,GF PALM OIL 1L SUP,Golden Fiesta,1,118.5,SM Savemore,SAVEMORE NOVALICHES,,,
2664,1099,2024-08-12 9:30:00,2024-08-18 14:42:19,0200098388,GF PALM OIL 1L SUP,Golden Fiesta,1,118.5,SM Savemore,SAVEMORE BAGBAGUIN,,,
2664,1100,2024-08-04 11:37:00,2024-08-18 14:52:03,0200097302,GF PALM OIL 1L SUP,Golden Fiesta,1,118.5,SM Savemore,SAVEMORE BAGBAGUIN,,,
2664,1100,2024-08-04 11:37:00,2024-08-18 14:52:03,0200097302,UFC SWEET CHLI SCE90,UFC,1,17.5,SM Savemore,SAVEMORE BAGBAGUIN,,,
764,1103,2024-08-17 14:50:18,2024-08-18 17:32:54,28800400095274,<< UFC T/A B/KET32,UFC,24,660,Puregold,Puregold - AMANG RODRIGUEZ,,,
764,1103,2024-08-17 14:50:18,2024-08-18 17:32:54,28800400095274,DP WHT VIN 1L,Datu Puti,12,495,Puregold,Puregold - AMANG RODRIGUEZ,,,
764,1103,2024-08-17 14:50:18,2024-08-18 17:32:54,28800400095274,DP SOYSCE 1L,Datu Puti,12,612,Puregold,Puregold - AMANG RODRIGUEZ,,,
2658,1107,2024-08-18 18:06:00,2024-08-18 18:37:40,010564973,GOLDEN FIESTA CANOLA OIL 1L/12,Golden Fiesta,1,134,SM Supermarket,SM SUPERMARKET AURA,,,
2684,1111,2024-08-16 14:53:00,2024-08-18 21:01:35,0600124373,GOLDEN FIESTA CANOLA OIL 1L/12,Golden Fiesta,1,134,SM Savemore,SAVEMORE ILAGAN 3 EXPRESS,,,
2342,1113,2024-08-17 20:24:00,2024-08-18 22:31:46,010369729 ,MT LECHONSCE HOT325G,Mang Tomas,1,53,SM Hypermarket,HYPERMARKET MARILAO,,,
2690,1115,2024-08-18 21:15:00,2024-08-19 00:02:28,000001345 ,UFC 2N1 TOMATO SAUCE 24/200G 200,UFC,0,0,SM Supermarket,SM SUPERMARKET SAN LAZARO,,,
526,1116,2024-08-18 19:12:09,2024-08-19 03:14:02,13600600411342,$UFC GFP/OL1LSUP,UFC,1,119,Puregold,PUREGOLD BAESA NOVALICHES QC,,,
1681,1118,2024-08-18 13:37:00,2024-08-19 09:23:45,000103821,GF PALM OIL 1L SUP,Golden Fiesta,1,118.5,SM Supermarket,SM SUPERMARKET PAMPANGA,,,
2662,1120,2024-08-19 9:59:20,2024-08-19 10:59:25,0000036320,UFCGFCANOLA1LDUOPACK,UFC,1,255,Robinsons Supermarket,ROBINSONS SUPERMARKET IBA TOWN CENTER ZAMBALES,,,
1343,1121,2024-08-19 10:44:03,2024-08-19 11:20:39,156-015-00409731,<< UFC T/A B/KET32,UFC,1,27.5,Puregold,PUREGOLD MONTALBAN,,,
1343,1121,2024-08-19 10:44:03,2024-08-19 11:20:39,156-015-00409731,DP SOYSCE 1L,Datu Puti,1,51,Puregold,PUREGOLD MONTALBAN,,,
1343,1121,2024-08-19 10:44:03,2024-08-19 11:20:39,156-015-00409731,UFC SWT CHILI 340,UFC,1,39.5,Puregold,PUREGOLD MONTALBAN,,,
1343,1121,2024-08-19 10:44:03,2024-08-19 11:20:39,156-015-00409731,M.TOMAS LCHNSCE325,Mang Tomas,1,35,Puregold,PUREGOLD MONTALBAN,,,
1343,1121,2024-08-19 10:44:03,2024-08-19 11:20:39,156-015-00409731,DP WHT VIN 1L,Datu Puti,1,41.25,Puregold,PUREGOLD MONTALBAN,,,
2692,1122,2024-05-04 18:02:00,2024-08-19 11:57:00,2100113531,GF PALM OIL 1L SUP,Golden Fiesta,2,237,SM Savemore,SAVEMORE BINANGONAN RIZAL,,,
2692,1122,2024-05-04 18:02:00,2024-08-19 11:57:00,2100113531,DATU PUTI WHITE VINEGAR 12/1LT Whi,Datu Puti,1,42.5,SM Savemore,SAVEMORE BINANGONAN RIZAL,,,
2692,1122,2024-05-04 18:02:00,2024-08-19 11:57:00,2100113531,DATU PUTI SOY SAUCE PE 12/1LT,Datu Puti,1,51.5,SM Savemore,SAVEMORE BINANGONAN RIZAL,,,
2692,1124,2024-05-17 9:58:00,2024-08-19 12:12:02,1400039347,SS CANE VIN 1L,Silver Swan,1,41.5,SM Savemore,SAVEMORE BINANGONAN RIZAL,,,
2692,1127,2024-08-19 12:37:15,2024-08-19 12:25:03,0108647,DATU PUTI WHITEVINEGAR4/3.785L,Datu Puti,5,28.75,Gaisano Metro,METRO - BINONDO,,,
2692,1127,2024-08-19 12:37:15,2024-08-19 12:25:03,0108647,DATU PUTI SOY SAUCE 8/1.893L,Datu Puti,3,19.8,Gaisano Metro,METRO - BINONDO,,,
2692,1127,2024-08-19 12:37:15,2024-08-19 12:25:03,0108647,DATU PUTI PATIS 150,Datu Puti,4,56,Gaisano Metro,METRO - BINONDO,,,
2542,1130,2024-06-17 10:21:00,2024-08-19 14:43:56,010533925,GF PALM OIL 1L SUP,Golden Fiesta,1,118.5,SM Hypermarket,HYPERMARKET DASMARINAS,,,
2542,1130,2024-06-17 10:21:00,2024-08-19 14:43:56,010533925,DP PATIS 350ML,Datu Puti,1,26,SM Hypermarket,HYPERMARKET DASMARINAS,,,
733,1135,2024-08-19 15:52:49,2024-08-19 15:39:23,85700500107666,M.TOMAS LCHNSCE325,Mang Tomas,24,840,Puregold,PUREGOLD - NUEVA ECIJA,,,
733,1135,2024-08-19 15:52:49,2024-08-19 15:39:23,85700500107666,MT LECHON SCE550G,Mang Tomas,18,873,Puregold,PUREGOLD - NUEVA ECIJA,,,
528,1136,2024-08-18 19:01:43,2024-08-19 15:40:32,13601000059285,$UFC GFP/OL1LSUP,UFC,1,119,Puregold,PUREGOLD NOVALICHES,,,
2349,1138,2024-08-18 19:01:43,2024-08-19 15:52:24,13601000059265,$UFC GFP/OL1LSUP,UFC,1,119,Puregold,PUREGOLD NOVALICHES,,,
2259,1139,2024-08-18 19:07:31,2024-08-19 16:19:26,13600800580385,$UFC GFP/OL1LSUP,UFC,1,119,Puregold,PUREGOLD NOVALICHES,,,
2700,1144,2024-08-18 10:57:00,2024-08-19 20:50:38,0800155382,MT LECHONSCE HT325,Mang Tomas,1,37.5,SM Savemore,SAVEMORE TALISAY,,,
2701,1145,2024-08-19 16:21:39,2024-08-19 21:23:33,83401100199403,$<<UFCGFOIL485ML,UFC,1,248,Puregold,PUREGOLD AYALA MALLS ARVO MARIKINA,,,
2542,1146,2024-06-17 10:21:00,2024-08-19 22:36:45,017583725 ,GF PALM OIL 1L SUP,Golden Fiesta,1,118.5,SM Hypermarket,HYPERMARKET DASMARINAS,,,
2542,1146,2024-06-17 10:21:00,2024-08-19 22:36:45,017583725 ,DP PATIS 350ML,Datu Puti,1,26,SM Hypermarket,HYPERMARKET DASMARINAS,,,
527,1147,2024-08-19 19:12:46,2024-08-20 05:25:53,13601000059423,$UFC GFP/OL1LSUP,UFC,1,119,Puregold,PUREGOLD BAESA NOVALICHES QC,,,
526,1148,2024-08-19 19:04:36,2024-08-20 05:27:56,13601000059417,$UFC GFP/OL1LSUP,UFC,1,119,Puregold,PUREGOLD BAESA NOVALICHES QC,,,
529,1149,2024-08-19 19:10:08,2024-08-20 05:45:19,136-008-00580602,$UFC GFP/OL1LSUP,UFC,1,119,Puregold,PUREGOLD BAESA NOVALICHES QC,,,
2623,1151,2024-08-19 18:06:00,2024-08-20 10:43:16,010119831,DPUTI VIN 350ML/24,Datu Puti,1,17.5,SM Supermarket,SM SUPERMARKET BF PARAÑAQUE,,,
2623,1151,2024-08-19 18:06:00,2024-08-20 10:43:16,010119831,DATU PUTI OYSTER150G,Datu Puti,1,30,SM Supermarket,SM SUPERMARKET BF PARAÑAQUE,,,
2395,1157,2024-08-20 13:41:15,2024-08-20 20:49:40,0000011970,CC*SLRSWNSUKA PUTI1L,Silver Swan,1,44.5,Robinsons Supermarket,ROBINSONS SUPERMARKET RP ORMOC,,,
2395,1158,2024-08-20 20:13:01,2024-08-21 04:05:52,0000029322,SLVRWOW SARAP8GX12MP,Silver Swan,1,33,Robinsons Supermarket,ROBINSONS SUPERMARKET RP ORMOC,,,
2692,1165,2024-08-22 8:32:20,2024-08-22 11:21:41,256-008-00326919,DP PATIS 1L,Datu Puti,1,84,Puregold,PUREGOLD BINANGONAN,,,
2692,1165,2024-08-22 8:32:20,2024-08-22 11:21:41,256-008-00326919,JUFRAN RD H/C S165,Jufran,1,46,Puregold,PUREGOLD BINANGONAN,,,
2773,1172,2024-08-10 15:20:00,2024-08-22 13:25:49,3000102250,UFC BANANA CATSU 24/320 GRAMS.,UFC,1,28.5,SM Savemore,SAVEMORE NUNEZ GENSAN,,,
2773,1172,2024-08-10 15:20:00,2024-08-22 13:25:49,3000102250,DPUTI VIN SUP 200ML/60,Datu Puti,1,9.25,SM Savemore,SAVEMORE NUNEZ GENSAN,,,
2613,1173,2024-08-22 11:44:00,2024-08-22 13:33:51,2000031309,GOLDEN FIESTA CANOLA OIL 1L/12,Golden Fiesta,1,134,SM Savemore,SAVEMORE TACLOBAN,,,
2613,1173,2024-08-22 11:44:00,2024-08-22 13:33:51,2000031309,DPUTI SCE SOY 350ML/24,Datu Puti,2,39,SM Savemore,SAVEMORE TACLOBAN,,,
2259,1179,2024-08-21 19:46:05,2024-08-22 14:24:06,13600800581019,$UFC GFP/OL1LSUP,UFC,1,119,Puregold,PUREGOLD NOVALICHES,,,
528,1180,2024-08-21 19:37:24,2024-08-22 14:42:08,13600600411793,$UFC GFP/OL1LSUP,UFC,1,119,Puregold,PUREGOLD NOVALICHES,,,
529,1181,2024-08-21 19:26:49,2024-08-22 14:53:48,13600700531104,$UFC GFP/OL1LSUP,UFC,1,119,Puregold,PUREGOLD NOVALICHES,,,
1645,1190,2024-08-19 18:44:08,2024-08-22 16:53:15,0000082362,DP OYSTER SCE 170G,Datu Puti,1,46.25,The Marketplace,The Marketplace - Mandaluyong,,,
1645,1190,2024-08-19 18:44:08,2024-08-22 16:53:15,0000082362,GF COOKING OIL 950ML,Golden Fiesta,2,259,The Marketplace,The Marketplace - Mandaluyong,,,
2805,1196,2024-08-22 17:50:00,2024-08-22 18:55:02,010627963,GFSTA/POC485MLPI,Golden Fiesta,1,72.5,SM Supermarket,SM SUPERMARKET MEGAMALL A,,,
2491,1198,2024-08-22 19:12:26,2024-08-22 19:31:18,465-007-00131821,<< UFC T/A B/KET32,UFC,2,55,Puregold,PUREGOLD CULIAT TANDANG SORA,,,
2491,1198,2024-08-22 19:12:26,2024-08-22 19:31:18,465-007-00131821,SILVR SWAN VIN3785,Silver Swan,1,18.25,Puregold,PUREGOLD CULIAT TANDANG SORA,,,
2080,1199,2024-08-22 17:48:18,2024-08-22 19:36:42,66400700017874,<< UFC T/A B/KET32,UFC,1,27.5,Puregold,PUREGOLD GEN TRIAS CAVITE,,,
2080,1199,2024-08-22 17:48:18,2024-08-22 19:36:42,66400700017874,M.TOMAS LCHNSCE325,Mang Tomas,1,35,Puregold,PUREGOLD GEN TRIAS CAVITE,,,
2080,1199,2024-08-22 17:48:18,2024-08-22 19:36:42,66400700017874,DP WHT VNGR 200ML,Datu Puti,1,7.7,Puregold,PUREGOLD GEN TRIAS CAVITE,,,
2080,1199,2024-08-22 17:48:18,2024-08-22 19:36:42,66400700017874,MT SIGA HT&SPC80G,Mang Tomas,1,11.75,Puregold,PUREGOLD GEN TRIAS CAVITE,,,
2806,1203,2024-08-03 11:22:00,2024-08-22 21:00:54,00021047,GFSTA OIL CANOLA 2LT/6,Golden Fiesta,1,235,WalterMart Supermarket Inc,WALTERMART GUIGUINTO,,,
2806,1203,2024-08-03 11:22:00,2024-08-22 21:00:54,00021047,DPUTI VIN SPICED 750ML/12,Datu Puti,1,87.5,WalterMart Supermarket Inc,WALTERMART GUIGUINTO,,,
2806,1203,2024-08-03 11:22:00,2024-08-22 21:00:54,00021047,DPUTI SCE OYSTER 3S 30G/4,Datu Puti,1,17.5,WalterMart Supermarket Inc,WALTERMART GUIGUINTO,,,
2832,1207,2024-08-17 19:37:11,2024-08-22 21:42:40,12201100575105,$UFC GF SOA OIL 1,UFC,1,172,Puregold,PUREGOLD CALOOCAN,,,
2832,1208,2024-07-20 18:37:00,2024-08-22 22:00:15,000129912 ,GOLDEN FIESTA SOYA OIL  1L/12 1,Golden Fiesta,1,177.5,SM Supermarket,SM SUPERMARKET SANGANDAAN,,,
2839,1209,2024-08-20 8:22:00,2024-08-22 22:01:16,075431,GOLDEN FIESTA COOKING OIL1L/12,Golden Fiesta,1,122.5,Gaisano Metro,Gaisano Metro - Wester Barangay,,,
2080,1210,2024-08-22 17:48:18,2024-08-22 22:30:41,86400700017874,<< UFC T/A B/KET32,UFC,1,27.5,Puregold,PUREGOLD BROOKSIDE GENERAL TRIAS,,,
2080,1210,2024-08-22 17:48:18,2024-08-22 22:30:41,86400700017874,M.TOMAS LCHNSCE325,Mang Tomas,2,45.75,Puregold,PUREGOLD BROOKSIDE GENERAL TRIAS,,,
2080,1210,2024-08-22 17:48:18,2024-08-22 22:30:41,86400700017874,<< DP W/VIN 385ML,Datu Puti,1,7.7,Puregold,PUREGOLD BROOKSIDE GENERAL TRIAS,,,
2080,1210,2024-08-22 17:48:18,2024-08-22 22:30:41,86400700017874,MT SIGA HT&SPC80G,Mang Tomas,1,11.75,Puregold,PUREGOLD BROOKSIDE GENERAL TRIAS,,,
2806,1216,2024-03-18 19:13:00,2024-08-23 04:59:22,00262161,GFSTA OIL CANOLA 2LT/6,Golden Fiesta,1,235,WalterMart Supermarket Inc,WALTERMART GUIGUINTO,,,
2806,1217,2024-04-09 10:56:00,2024-08-23 05:05:02,00000971,GFSTA OIL CANOLA SUP 1LT/,Golden Fiesta,1,247,WalterMart Supermarket Inc,WALTERMART GUIGUINTO,,,
2842,1220,2024-08-23 9:20:42,2024-08-23 09:42:57,0000155050,UFC GF SOYA OIL 1L,UFC,1,180,Robinsons Supermarket,ROBINSONS SUPERMARKET PERDICES DUMAGUETE,,,
2772,1222,2024-08-16 10:04:00,2024-08-23 10:54:57,04-00216557,UFC SINIGANG MIX 20G/96'S,UFC,1,12,SM Savemore,SAVEMORE TINEJEROS MALABON,,,
2065,1228,2024-08-23 14:21:00,2024-08-23 14:53:30,00022457,*MDF_UFC BKTCHP REG 530G/,UFC,1,45.5,WalterMart Supermarket Inc,WALTERMART MAKILING,,,
2065,1228,2024-08-23 14:21:00,2024-08-23 14:53:30,00022457,MTOMS SCE LECHON REG 325G,Mang Tomas,1,38,WalterMart Supermarket Inc,WALTERMART MAKILING,,,
2065,1228,2024-08-23 14:21:00,2024-08-23 14:53:30,00022457,GFSTA OIL CANOLA SUP 1LT/,Golden Fiesta,1,133.5,WalterMart Supermarket Inc,WALTERMART MAKILING,,,
2805,1230,2024-08-23 15:02:00,2024-08-23 18:20:21,000005046,UFC BNNA CTSUP 4K,UFC,1,69.5,SM Supermarket,SM SUPERMARKET MEGAMALL A,,,
2805,1230,2024-08-23 15:02:00,2024-08-23 18:20:21,000005046,CC*SLVRSWN SOY SCE1L,Silver Swan,1,53.5,SM Supermarket,SM SUPERMARKET MEGAMALL A,,,
1349,1234,2024-08-23 17:31:00,2024-08-23 19:33:57,1600143156,UFC BANANA CATSU 24/320 GRAMS.,UFC,1,28.5,SM Savemore,SAVEMORE SALITRAN,,,
2111,1235,2024-08-20 17:23:00,2024-08-23 19:50:21,1400176248,MT LECHONSCE HOT325G,Mang Tomas,1,40,SM Savemore,SAVEMORE PILI,,,
2928,1236,2024-08-23 12:09:33,2024-08-23 20:19:11,497-006-00064070,SS SOY SCE 500ML,Silver Swan,1,22.5,Puregold,PUREGOLD BACOLOD,,,
526,1237,2024-08-23 18:20:56,2024-08-23 20:43:00,13601000059991,$UFC GFP/OL1LSUP,UFC,1,119,Puregold,PUREGOLD NOVALICHES,,,
527,1238,2024-08-23 18:17:45,2024-08-23 20:52:18,13600900479974,$UFC GFP/OL1LSUP,UFC,1,119,Puregold,PUREGOLD NOVALICHES,,,
2349,1239,2024-08-23 18:06:02,2024-08-23 20:52:31,13600700531465,$UFC GFP/OL1LSUP,UFC,1,119,Puregold,PUREGOLD NOVALICHES,,,
2897,1244,2024-08-18 11:30:01,2024-08-23 22:01:40,15002100190486,S/SWAN SOY340/350M,Silver Swan,2,38.5,Puregold,PUREGOLD JR C. RAYMUNDO PASIG,,,
2839,1245,2024-08-23 11:04:00,2024-08-23 22:16:11,0400103010,GOLDEN FIESTA CANOLA OIL 1L/12,Golden Fiesta,1,134,SM Savemore,SAVEMORE PARKMALL,,,
3052,1265,2024-08-24 11:59:16,2024-08-24 13:15:15,0000108536,DP SOY SCE PCH 340ML,Datu Puti,1,19.75,Robinsons Supermarket,ROBINSONS SUPERMARKET RP PALAWAN,,,
3052,1265,2024-08-24 11:59:16,2024-08-24 13:15:15,0000108536,DP WHT VNGR SUP 1L,Datu Puti,1,41,Robinsons Supermarket,ROBINSONS SUPERMARKET RP PALAWAN,,,
3052,1265,2024-08-24 11:59:16,2024-08-24 13:15:15,0000108536,UFC B.CATSUP 320GSPC,UFC,1,25,Robinsons Supermarket,ROBINSONS SUPERMARKET RP PALAWAN,,,
528,1269,2024-08-23 18:01:40,2024-08-24 15:02:39,136-009-00479966,$UFC GFP/OL1LSUP,UFC,1,119,Puregold,PUREGOLD NOVALICHES,,,
529,1270,2024-08-23 17:53:43,2024-08-24 16:17:45,13601000059972,$UFC GFP/OL1LSUP,UFC,1,119,Puregold,PUREGOLD NOVALICHES,,,
2045,1282,2024-08-24 10:12:00,2024-08-24 20:39:18,00-016065,DPUTI FSCE PATIS PET 350M,Datu Puti,1,26.25,WalterMart Supermarket Inc,WALTERMART TRECE MARTIRES,,,
2045,1282,2024-08-24 10:12:00,2024-08-24 20:39:18,00-016065,DPUTI SCE SOY SUP 340ML/3,Datu Puti,1,20.75,WalterMart Supermarket Inc,WALTERMART TRECE MARTIRES,,,
3116,1286,2024-08-23 13:10:00,2024-08-24 21:27:52,31-00279059,DPUTI SCE SOY 350ML/24,Datu Puti,2,39,SM Savemore,SAVEMORE PAROLA CAINTA,,,
3116,1286,2024-08-23 13:10:00,2024-08-24 21:27:52,31-00279059,GOLDEN FIESTA CANOLA OIL 1L/12,Golden Fiesta,1,134,SM Savemore,SAVEMORE PAROLA CAINTA,,,
2259,1287,2024-08-24 18:36:26,2024-08-24 23:27:53,13601000060203,$UFC GFP/OL950ML,UFC,1,122,Puregold,PUREGOLD BAESA NOVALICHES QC,,,
2349,1288,2024-08-24 19:17:02,2024-08-24 23:44:03,15400500782386,$UFC GFP/OL1LSUP,UFC,1,119,Puregold,PUREGOLD BAESA NOVALICHES QC,,,
2663,1289,2024-08-23 13:39:00,2024-08-24 23:57:37,3000184617,$UFC GFP/OL950ML,UFC,1,122.5,SM Savemore,SAVEMORE SALITRAN,,,
2663,1289,2024-08-23 13:39:00,2024-08-24 23:57:37,3000184617,UFC IODZD SALT150G,UFC,2,27,SM Savemore,SAVEMORE SALITRAN,,,
2663,1289,2024-08-23 13:39:00,2024-08-24 23:57:37,3000184617,PAPA BKTCHP REG 1KG/12,Papa,1,66.5,SM Savemore,SAVEMORE SALITRAN,,,
2349,1290,2024-08-24 18:33:50,2024-08-25 02:19:31,13600800581563,$UFC GFP/OL950ML,UFC,1,122,Puregold,PUREGOLD BAESA NOVALICHES QC,,,
3166,1296,2024-08-24 16:57:00,2024-08-25 10:24:49,0400162396,DP SOY SCE 200ML,Datu Puti,1,11.5,SM Savemore,SAVEMORE AGORA LUCENA,,,
3166,1296,2024-08-24 16:57:00,2024-08-25 10:24:49,0400162396,DPUTI VIN SUP 200ML/60,Datu Puti,1,9.25,SM Savemore,SAVEMORE AGORA LUCENA,,,
2664,1297,2024-08-25 10:09:00,2024-08-25 10:36:49,0600093873,UFC WHOLE MUSHROOMS 24/400G,UFC,1,52,SM Savemore,SAVEMORE BAGBAGUIN,,,
2664,1297,2024-08-25 10:09:00,2024-08-25 10:36:49,0600093873,GF PALM OIL 1L SUP,Golden Fiesta,1,118.5,SM Savemore,SAVEMORE BAGBAGUIN,,,
1210,1298,2024-08-24 20:55:01,2024-08-25 11:14:23,0000099357,DP PATIS 350ML GIN,Datu Puti,1,26.25,Shopwise,SHOPWISE COMMONWEALTH,,,
1210,1298,2024-08-24 20:55:01,2024-08-25 11:14:23,0000099357,MT LCHNSCE REG550G,Mang Tomas,1,50.5,Shopwise,SHOPWISE COMMONWEALTH,,,
1210,1298,2024-08-24 20:55:01,2024-08-25 11:14:23,0000099357,UFC BNNA CTSUP530G,UFC,1,50.75,Shopwise,SHOPWISE COMMONWEALTH,,,
3170,1299,2024-08-25 11:17:00,2024-08-25 12:39:35,00012258,DPUTI SCE SOY SUP 340ML/3,Datu Puti,2,41.5,WalterMart Supermarket Inc,WALTERMART STA. MARIA,,,
1796,1300,2024-08-20 11:18:24,2024-08-25 12:44:16,39700800224980,<< UFC T/A B/KET32,UFC,1,27.5,Puregold,PUREGOLD JR GEN. TRIAS,,,
1796,1300,2024-08-20 11:18:24,2024-08-25 12:44:16,39700800224980,M.TOMAS LCHNSCE325,Mang Tomas,1,35,Puregold,PUREGOLD JR GEN. TRIAS,,,
1796,1300,2024-08-20 11:18:24,2024-08-25 12:44:16,39700800224980,<<DP SOYSCE 385ML,Datu Puti,1,21.25,Puregold,PUREGOLD JR GEN. TRIAS,,,
1796,1300,2024-08-20 11:18:24,2024-08-25 12:44:16,39700800224980,<<DP W/VIN 385ML,Datu Puti,1,18.25,Puregold,PUREGOLD JR GEN. TRIAS,,,
3181,1308,2024-08-23 12:02:00,2024-08-25 15:23:50,000161504,DP PATIS 1L,Datu Puti,1,78.5,SM Supermarket,SM SUPERMARKET PAMPANGA,,,
3181,1308,2024-08-23 12:02:00,2024-08-25 15:23:50,000161504,UFC GF CANOLA OIL2L,UFC,1,248,SM Supermarket,SM SUPERMARKET PAMPANGA,,,
3164,1312,2024-08-25 13:52:12,2024-08-25 16:10:32,0000136559,CC*MT LCHNSCEREG325G,Mang Tomas,1,38.5,Robinsons Supermarket,ROBINSONS SUPERMARKET RP MALOLOS,,,
3164,1312,2024-08-25 13:52:12,2024-08-25 16:10:32,0000136559,DP SOY SAUCE 385ML,Datu Puti,1,22.5,Robinsons Supermarket,ROBINSONS SUPERMARKET RP MALOLOS,,,
3164,1312,2024-08-25 13:52:12,2024-08-25 16:10:32,0000136559,DP WHTVNGR PET 385ML,Datu Puti,1,19.5,Robinsons Supermarket,ROBINSONS SUPERMARKET RP MALOLOS,,,
3188,1316,2024-08-25 13:14:00,2024-08-25 16:21:26,010522750,SPR FSTA COCO 1L PET,UFC,1,133.5,SM Supermarket,SM SUPERMARKET BAGUIO,,,
3188,1316,2024-08-25 13:14:00,2024-08-25 16:21:26,010522750,*MDF_UFC CREAM OF MUSHROO,UFC,1,38.5,SM Supermarket,SM SUPERMARKET BAGUIO,,,
3188,1316,2024-08-25 13:14:00,2024-08-25 16:21:26,010522750,UFC CRAB AND CORN SOUP 36/60G,UFC,2,15.9,SM Supermarket,SM SUPERMARKET BAGUIO,,,
3204,1323,2024-08-10 17:31:00,2024-08-25 19:38:03,000003353,DPUTI SCE SOY 350ML/24,Datu Puti,1,19.5,SM Hypermarket,HYPERMARKET DASMARINAS,,,
3204,1325,2024-08-24 12:07:22,2024-08-25 19:47:07,24300200361115,$UFC GFP/OL1LSUP,UFC,1,119,Puregold,PUREGOLD CENTRO SANTIAGO,,,
527,1328,2024-08-25 18:33:28,2024-08-25 20:48:43,13600900480232,$UFC GFP/OL950ML,UFC,1,122,Puregold,PUREGOLD NOVALICHES,,,
3206,1334,2024-08-25 21:52:14,2024-08-25 21:50:49,000001275,UFC WHOLE CORN KERNEL 48/185G,UFC,1,77,SM Supermarket,SM SUPERMARKET CAUAYAN,,,
1453,1337,2024-08-25 12:33:33,2024-08-25 22:18:52,34300300471537,$UFC GFCOR OIL1L,UFC,1,199.5,Puregold,PUREGOLD MONUMENTO,,,
3225,1339,2024-08-25 19:38:44,2024-08-25 22:21:22,156-013-00405139,SLVR SWN SOY SAUCE 4/3785ML,Silver Swan,1,53,Puregold,PUREGOLD MONTALBAN,,,
3233,1340,2024-08-25 14:31:00,2024-08-25 23:20:18,06-00115751,SLVRSWN PATIS 350ML,Silver Swan,1,24.5,SM Savemore,SAVEMORE SAN ISIDRO,,,
3233,1340,2024-08-25 14:31:00,2024-08-25 23:20:18,06-00115751,SLVRSWN VNEGSUP350ML,Silver Swan,2,64,SM Savemore,SAVEMORE SAN ISIDRO,,,
3233,1340,2024-08-25 14:31:00,2024-08-25 23:20:18,06-00115751,SS SOY SCE 500ML,Silver Swan,1,10.65,SM Savemore,SAVEMORE SAN ISIDRO,,,
3233,1340,2024-08-25 14:31:00,2024-08-25 23:20:18,06-00115751,GOLDEN FIESTA CANOLA OIL 1L/12,Golden Fiesta,1,134,SM Savemore,SAVEMORE SAN ISIDRO,,,
3234,1341,2024-08-25 17:42:56,2024-08-25 23:53:31,62000600098940,$UFC GFP/OL1LSUP,UFC,1,119,Puregold,PUREGOLD - BOCAUE BULACAN,,,
3101,1346,2024-08-22 14:08:23,2024-08-26 04:34:48,43600600211870,$UFC GFP/OL 2L,UFC,1,220,Puregold,PUREGOLD MALABON LETRE,,,
2259,1347,2024-08-25 18:30:28,2024-08-26 09:21:05,136-003-00219516,$UFC GFP/OL950ML,UFC,1,122,Puregold,PUREGOLD NOVALICHES,,,
3257,1348,2024-08-16 17:42:00,2024-08-26 10:29:08,000117250,UFC BANANA KETCHUP 200G/48 20,UFC,1,19.5,SM Hypermarket,HYPERMARKET LAS PIÑAS,,,
3257,1348,2024-08-16 17:42:00,2024-08-26 10:29:08,000117250,SLVRSWN PATIS 350ML,Silver Swan,1,10.75,SM Hypermarket,HYPERMARKET LAS PIÑAS,,,
645,1349,2024-08-25 20:56:29,2024-08-26 10:46:41,655-002-00019215,DP SOYSCE 1L,Datu Puti,1,51,Puregold,Puregold San Miguel,,,
645,1349,2024-08-25 20:56:29,2024-08-26 10:46:41,655-002-00019215,$UFC GFP/OL950ML,UFC,1,122,Puregold,Puregold San Miguel,,,
645,1349,2024-08-25 20:56:29,2024-08-26 10:46:41,655-002-00019215,DP WHT VIN 1L,Datu Puti,1,41.25,Puregold,Puregold San Miguel,,,
3271,1354,2024-08-26 8:05:00,2024-08-26 13:45:08,12-00272617,$UFC GF CAOLA 2L,UFC,1,234.5,SM Savemore,SAVEMORE SAN ILDEFONSO BULACAN,,,
3271,1354,2024-08-26 8:05:00,2024-08-26 13:45:08,12-00272617,DP VINEGAR 1L SUP,Datu Puti,1,43,SM Savemore,SAVEMORE SAN ILDEFONSO BULACAN,,,
3271,1354,2024-08-26 8:05:00,2024-08-26 13:45:08,12-00272617,DP SOYSCE 1L,Datu Puti,1,53,SM Savemore,SAVEMORE SAN ILDEFONSO BULACAN,,,
2887,1357,2024-08-26 11:50:24,2024-08-26 13:58:02,496-006-00033481,<<DP Oyster 170g,Datu Puti,1,41.75,Puregold,PUREGOLD SAN JOSE DEL MONTE BULACAN,,,
3285,1366,2024-08-26 14:47:05,2024-08-26 17:55:51,0000459742,CC*SLVRSWN SOY SCE1L,Silver Swan,1,57.75,Robinsons Supermarket,ROBINSONS SUPERMARKET SAN CARLOS,,,
3285,1366,2024-08-26 14:47:05,2024-08-26 17:55:51,0000459742,GS*UFC BNNACTSUP320G,UFC,1,28.5,Robinsons Supermarket,ROBINSONS SUPERMARKET SAN CARLOS,,,
3285,1366,2024-08-26 14:47:05,2024-08-26 17:55:51,0000459742,UFCGFCANOLA1LDUOPACK,UFC,1,255,Robinsons Supermarket,ROBINSONS SUPERMARKET SAN CARLOS,,,
3101,1367,2024-08-26 18:23:57,2024-08-26 19:31:41,43600600212485,DP VINEGAR 1L SUP,Datu Puti,1,39.75,Puregold,PUREGOLD MALABON LETRE,,,
3101,1367,2024-08-26 18:23:57,2024-08-26 19:31:41,43600600212485,UFC CORN KRNEL425G,UFC,4,175,Puregold,PUREGOLD MALABON LETRE,,,
529,1376,2024-08-26 19:44:13,2024-08-26 21:59:36,154-003-00341388,$UFC GFP/OL1LSUP,UFC,1,119,Puregold,PUREGOLD BAESA NOVALICHES QC,,,
3266,1377,2024-08-17 20:52:00,2024-08-26 22:02:19,159069,DP PATIS 350ML,Datu Puti,1,28,SM Savemore,SAVEMORE BROADWAY,,,
3266,1377,2024-08-17 20:52:00,2024-08-26 22:02:19,159069,DP SOY SCE 200ML,Datu Puti,1,11.5,SM Savemore,SAVEMORE BROADWAY,,,
3266,1377,2024-08-17 20:52:00,2024-08-26 22:02:19,159069,DPUTI VIN SUP 200ML/60,Datu Puti,1,9.25,SM Savemore,SAVEMORE BROADWAY,,,
3335,1379,2024-08-25 13:21:11,2024-08-26 22:32:55,12400400143117,MT LECHONSCE HT325,Mang Tomas,1,36,Puregold,PUREGOLD LEGASPI BICOL,,,
3335,1379,2024-08-25 13:21:11,2024-08-26 22:32:55,12400400143117,<< UFC T/A B/KET32,UFC,2,55,Puregold,PUREGOLD LEGASPI BICOL,,,
3335,1379,2024-08-25 13:21:11,2024-08-26 22:32:55,12400400143117,SS SOY SCE 500ML,Silver Swan,8,54.4,Puregold,PUREGOLD LEGASPI BICOL,,,
733,1394,2024-08-26 12:56:07,2024-08-27 12:04:43,85700200208774,DP SOYSCE 1L,Datu Puti,12,612,Puregold,PUREGOLD - NUEVA ECIJA,,,
3206,1397,2024-08-27 9:48:19,2024-08-27 12:45:46,24300300314491,<< UFC T/A B/KET32,UFC,1,27.25,Puregold,PUREGOLD CENTRO SANTIAGO,,,
1174,1398,2024-08-27 11:19:00,2024-08-27 12:51:59,00039038,GFSTA OIL CANOLA 2LT/6,Golden Fiesta,1,235,WalterMart Supermarket Inc,WALTERMART PANIQUI,,,
1174,1398,2024-08-27 11:19:00,2024-08-27 12:51:59,00039038,*MDF UFC CORN WHL KERNEL,UFC,1,43.75,WalterMart Supermarket Inc,WALTERMART PANIQUI,,,
2773,1399,2024-08-27 12:47:00,2024-08-27 13:00:31,1000159401,DP SOY SCE 200ML,Datu Puti,1,11.5,SM Savemore,SAVEMORE NUNEZ GENSAN,,,
2773,1399,2024-08-27 12:47:00,2024-08-27 13:00:31,1000159401,DPUTI VIN SUP 200ML/60,Datu Puti,1,9.25,SM Savemore,SAVEMORE NUNEZ GENSAN,,,
2604,1407,2024-08-27 11:15:00,2024-08-27 15:31:43,000081886,UFC GF CANOLA OIL2L,UFC,1,248,SM Supermarket,SM SUPERMARKET NAGA,,,
3427,1417,2024-08-16 15:04:00,2024-08-27 21:22:56,2700187431,UFC SWTCHLI SCE 340G,UFC,1,38,SM Savemore,SAVEMORE PILI,,,
3427,1417,2024-08-16 15:04:00,2024-08-27 21:22:56,2700187431,UFC BANANA CATSU 24/320 GRAMS.,UFC,1,28.5,SM Savemore,SAVEMORE PILI,,,
3427,1417,2024-08-16 15:04:00,2024-08-27 21:22:56,2700187431,DP SOY SCE 200ML,Datu Puti,1,11.5,SM Savemore,SAVEMORE PILI,,,
3427,1417,2024-08-16 15:04:00,2024-08-27 21:22:56,2700187431,UFC HAPI FIESTA VEGETABLE OIL 24,UFC,1,63.5,SM Savemore,SAVEMORE PILI,,,
3355,1426,2024-08-26 11:14:00,2024-08-28 10:34:49,01-00012141,DP VINEGAR 1L SUP,Datu Puti,2,86,SM Supermarket,SM SUPERMARKET FAIRVIEW,,,
3355,1426,2024-08-26 11:14:00,2024-08-28 10:34:49,01-00012141,DPOYSTERRIFIC430G,Datu Puti,1,89.5,SM Supermarket,SM SUPERMARKET FAIRVIEW,,,
3450,1431,2024-08-28 11:35:52,2024-08-28 12:41:22,0000237812,CC*SLVRSWN SOY SCE1L,Silver Swan,1,57.75,Robinsons Supermarket,ROBINSONS SUPERMARKET Z SQUARE BANAWE,,,
3450,1433,2024-08-28 11:34:00,2024-08-28 14:03:42,0000237811,SO*DP WHT VNGR 1LX12,Datu Puti,1,42.75,Robinsons Supermarket,ROBINSONS SUPERMARKET Z SQUARE BANAWE,,,
2586,1438,2024-08-28 16:39:22,2024-08-28 17:33:03,0000080204,GF PALM OIL 1L SUP,Golden Fiesta,1,121,Robinsons Supermarket,ROBINSONS SUPERMARKET NEPOMALL ANGELES,,,
517,1439,2024-08-28 18:44:00,2024-08-28 19:07:24,1800085112,DP SOY SAUCE 385ML,Datu Puti,1,22,SM Savemore,SAVEMORE SOLANO 2,,,
3462,1442,2024-08-28 20:38:06,2024-08-28 22:39:08,25000800417452,MT SIGA HT&SPC80G,Mang Tomas,1,11.75,Puregold,PUREGOLD TAGUIG,,,
3462,1445,2024-08-28 20:20:00,2024-08-29 00:12:50,000366306,LOCALLY CLMNS240ML,Locally,1,32,SM Hypermarket,HYPERMARKET FTI TAGUIG,,,
1384,1448,2024-08-19 11:26:18,2024-08-29 10:26:44,46000200353361,<< UFC T/A B/KET32,UFC,1,27.75,Puregold,Puregold - Aglipay Mandaluyong,,,
1384,1448,2024-08-19 11:26:18,2024-08-29 10:26:44,46000200353361,M.TOMAS LCHNSCE325,Mang Tomas,1,38.75,Puregold,Puregold - Aglipay Mandaluyong,,,
1384,1448,2024-08-19 11:26:18,2024-08-29 10:26:44,46000200353361,DP SOY SCE 200ML,Datu Puti,1,10.9,Puregold,Puregold - Aglipay Mandaluyong,,,
1384,1454,2024-07-30 19:37:00,2024-08-29 12:01:54,010149783,GOLDEN FIESTA CANOLA OIL 1L/12,Golden Fiesta,1,134,SM Hypermarket,HYPERMARKET MANDALUYONG,,,
1384,1454,2024-07-30 19:37:00,2024-08-29 12:01:54,010149783,MT LECHONSCE HT325,Mang Tomas,1,36,SM Hypermarket,HYPERMARKET MANDALUYONG,,,
3473,1458,2024-08-29 13:49:00,2024-08-29 16:21:05,010579311,$UFC GFP/OL 2L,UFC,1,219.5,SM Supermarket,SM SUPERMARKET MEGAMALL B,,,
3473,1458,2024-08-29 13:49:00,2024-08-29 16:21:05,010579311,DP SOYSCE 1L,Datu Puti,1,53,SM Supermarket,SM SUPERMARKET MEGAMALL B,,,
3473,1458,2024-08-29 13:49:00,2024-08-29 16:21:05,010579311,DP VINEGAR 1L SUP,Datu Puti,1,43,SM Supermarket,SM SUPERMARKET MEGAMALL B,,,
3473,1458,2024-08-29 13:49:00,2024-08-29 16:21:05,010579311,UFC BNNA CTSUP 4K,UFC,1,69.5,SM Supermarket,SM SUPERMARKET MEGAMALL B,,,
3473,1458,2024-08-29 13:49:00,2024-08-29 16:21:05,010579311,DP PATIS 350ML,Datu Puti,1,26,SM Supermarket,SM SUPERMARKET MEGAMALL B,,,
3473,1458,2024-08-29 13:49:00,2024-08-29 16:21:05,010579311,UFC GI/BAG SPY250G,UFC,1,91.5,SM Supermarket,SM SUPERMARKET MEGAMALL B,,,
3473,1458,2024-08-29 13:49:00,2024-08-29 16:21:05,010579311,MT LECHONSCE HOT325G,Mang Tomas,1,40,SM Supermarket,SM SUPERMARKET MEGAMALL B,,,
3011,1459,2024-08-29 7:45:39,2024-08-29 16:38:16,281-003-00530129,UFC S/FST C/OILP1L,UFC,1,113,Puregold,PUREGOLD JR BAYAMBANG,,,
879,1463,2024-08-29 16:33:00,2024-08-29 17:10:32,04-00198758,UFC HAPI FIESTA VEGETABLE OIL 24,UFC,1,205,SM Savemore,SAVEMORE CABUYAO,,,
879,1463,2024-08-29 16:33:00,2024-08-29 17:10:32,04-00198758,UFC BANANA CATSU 24/320 GRAMS.,UFC,1,28.5,SM Savemore,SAVEMORE CABUYAO,,,
879,1463,2024-08-29 16:33:00,2024-08-29 17:10:32,04-00198758,DP SOY SAUCE 385ML,Datu Puti,1,22,SM Savemore,SAVEMORE CABUYAO,,,
879,1463,2024-08-29 16:33:00,2024-08-29 17:10:32,04-00198758,DATU PUTI VINEGAR JUMBO 30/385,Datu Puti,1,19.5,SM Savemore,SAVEMORE CABUYAO,,,
3355,1465,2024-08-29 16:29:14,2024-08-29 17:31:46,0000016019,UFC BNNA CTSUP530G,UFC,1,50.75,Robinsons Supermarket,ROBINSONS SUPERMARKET TOWNVILLE REGALADO FAIRVIEW,,,
3193,1469,2024-08-28 12:21:47,2024-08-29 22:46:40,15002200161351,SILVER SWAN VIN350,Silver Swan,6,44.4,Puregold,COMPANY E (PASIG),,,
3193,1469,2024-08-28 12:21:47,2024-08-29 22:46:40,15002200161351,RR MENUDO 200G,UFC,4,119,Puregold,COMPANY E (PASIG),,,
3193,1469,2024-08-28 12:21:47,2024-08-29 22:46:40,15002200161351,RR CALDERTA200G,UFC,4,119,Puregold,COMPANY E (PASIG),,,
752,1470,2024-06-02 10:14:00,2024-08-30 12:06:39,09-00329521,GOLDEN FIESTA CANOLA OIL 1L/12,Golden Fiesta,1,128,SM Savemore,SAVEMORE AGORA,,,
752,1474,2024-06-28 12:24:51,2024-08-30 13:01:07,125 04800016555985,UFCGFCOOKINGOIL 485ML,UFC,1,80,Robinsons Supermarket,ROBINSONS SUPERMARKET GUSA CAGAYAN DE ORO,,,
3274,1477,2024-08-08 16:15:00,2024-08-30 13:40:11,0200210267,UFC P&S MSHRM 400G,UFC,1,51.5,SM Savemore,SAVEMORE AMANG RODRIGUEZ,,,
3489,1479,2024-08-15 17:09:00,2024-08-30 14:41:07,010462979,DP PATIS 350ML,Datu Puti,1,26,SM Supermarket,SM SUPERMARKET EAST ORTIGAS,,,
3489,1479,2024-08-15 17:09:00,2024-08-30 14:41:07,010462979,DATU PUTI WHITE VINEGAR 12/1LT Whi,Datu Puti,1,42.5,SM Supermarket,SM SUPERMARKET EAST ORTIGAS,,,
3489,1479,2024-08-15 17:09:00,2024-08-30 14:41:07,010462979,DATU PUTI SOY SAUCE PE 12/1LT,Datu Puti,2,103,SM Supermarket,SM SUPERMARKET EAST ORTIGAS,,,
3206,1483,2024-08-30 11:53:00,2024-08-30 15:35:57,010492605,UFC WHOLE CORN KERNEL 48/185G,UFC,1,77,SM Supermarket,SM SUPERMARKET CAUAYAN,,,
3488,1484,2024-08-30 15:13:00,2024-08-30 17:59:57,00013570,DPUTI SCE SOY PET 385ML/2,Datu Puti,1,23,WalterMart Supermarket Inc,WALTERMART QUEZON CITY,,,
3495,1491,2024-08-29 20:37:00,2024-08-30 21:30:34,010473481,DATU PUTI WHITE VINEGAR 12/1LT Whi,Datu Puti,1,42.5,SM Hypermarket,SM Hypermarket - Heroes Hall,,,
3495,1491,2024-08-29 20:37:00,2024-08-30 21:30:34,010473481,DATU PUTI SOY SAUCE PE 12/1LT,Datu Puti,1,51.5,SM Hypermarket,SM Hypermarket - Heroes Hall,,,
3495,1491,2024-08-29 20:37:00,2024-08-30 21:30:34,010473481,SPR FSTA COCO 1L SUP,UFC,1,113.5,SM Hypermarket,SM Hypermarket - Heroes Hall,,,
1349,1495,2024-08-30 18:47:00,2024-08-31 06:24:11,3500079004,UFC BANANA CATSU 24/320 GRAMS.,UFC,1,28.5,SM Savemore,SAVEMORE SALITRAN,,,
1349,1495,2024-08-30 18:47:00,2024-08-31 06:24:11,3500079004,DP SOY SAUCE 385ML,Datu Puti,1,22,SM Savemore,SAVEMORE SALITRAN,,,
1349,1495,2024-08-30 18:47:00,2024-08-31 06:24:11,3500079004,DP PATIS 350ML,Datu Puti,1,26,SM Savemore,SAVEMORE SALITRAN,,,
3515,1507,2024-08-31 16:15:00,2024-08-31 17:56:34,0600101083,GOLDEN FIESTA CANOLA OIL 1L/12,Golden Fiesta,1,134,SM Savemore,SAVEMORE BORACAY,,,
3521,1508,2024-08-31 13:21:45,2024-08-31 18:56:05,0000794232,UFC GF CANOLA OIL 1L,UFC,1,139.5,Robinsons Supermarket,ROBINSONS SUPERMARKET BUTUAN,,,
3514,1518,2024-08-31 13:22:19,2024-09-01 08:33:29,0000794233,UFC GF CANOLA OIL 1L,UFC,1,139.5,Robinsons Supermarket,ROBINSONS SUPERMARKET BUTUAN,,,
1174,1524,2024-01-09 11:51:00,2024-09-01 12:11:47,00-040414,GFSTA OIL CANOLA 2LT/6,Golden Fiesta,1,235,WalterMart Supermarket Inc,WALTERMART PANIQUI,,,
1174,1524,2024-01-09 11:51:00,2024-09-01 12:11:47,00-040414,UFC CORN KRNEL425G,UFC,1,43.75,WalterMart Supermarket Inc,WALTERMART PANIQUI,,,
3311,1525,2024-09-01 12:10:37,2024-09-01 12:17:28,0000319159,UFC SWTCHLI SCE 340G,UFC,1,45.25,The Marketplace,The Marketplace - Uptown Place,,,
2664,1526,2024-09-01 11:14:00,2024-09-01 12:29:23,0500078761,DP BBQ RIFFIC 144ML,Datu Puti,1,34,SM Savemore,SAVEMORE BAGBAGUIN,,,
2664,1526,2024-09-01 11:14:00,2024-09-01 12:29:23,0500078761,GF PALM OIL 1L SUP,Golden Fiesta,1,118.5,SM Savemore,SAVEMORE BAGBAGUIN,,,
3427,1528,2024-09-01 12:18:00,2024-09-01 13:15:18,2400095648,GOLDEN FIESTA CANOLA OIL 1L/12,Golden Fiesta,1,134,SM Savemore,SAVEMORE PILI,,,
3427,1528,2024-09-01 12:18:00,2024-09-01 13:15:18,2400095648,DP SOY SAUCE 385ML,Datu Puti,1,22,SM Savemore,SAVEMORE PILI,,,
3427,1528,2024-09-01 12:18:00,2024-09-01 13:15:18,2400095648,DATU PUTI VINEGAR JUMBO 30/385,Datu Puti,1,19.5,SM Savemore,SAVEMORE PILI,,,
3285,1529,2024-09-01 11:29:12,2024-09-01 13:15:39,0000330359,SO*DP WHT VNGR 1LX12,Datu Puti,1,42.75,Robinsons Supermarket,ROBINSONS SUPERMARKET SAN CARLOS,,,
3285,1529,2024-09-01 11:29:12,2024-09-01 13:15:39,0000330359,UFC FUNCHOW MEATY20G,UFC,4,60,Robinsons Supermarket,ROBINSONS SUPERMARKET SAN CARLOS,,,
3285,1529,2024-09-01 11:29:12,2024-09-01 13:15:39,0000330359,UFC SWTCHLI SCE 340G,UFC,1,40.75,Robinsons Supermarket,ROBINSONS SUPERMARKET SAN CARLOS,,,
3206,1532,2024-09-01 10:35:09,2024-09-01 14:05:54,24300300315429,<<DP SOYSCE 385ML,Datu Puti,1,21.25,Puregold,PUREGOLD CENTRO SANTIAGO,,,
2658,1534,2024-08-25 11:10:01,2024-09-01 15:52:03,0000098346,CC*MT LCHNSCEREG325G,Mang Tomas,1,39.5,Robinsons Easymart,EASYMART 100 WEST MAKATI,,,
2658,1534,2024-08-25 11:10:01,2024-09-01 15:52:03,0000098346,GS*UFC BNNACTSUP320G,UFC,1,29.75,Robinsons Easymart,EASYMART 100 WEST MAKATI,,,
3519,1535,2024-09-01 9:13:07,2024-09-01 16:34:49,13501800200693,UFC G/F CANOLA 1L,UFC,1,133,Puregold,PUREGOLD QUEZON AVENUE,,,
3551,1537,2024-01-09 14:29:00,2024-09-01 17:05:45,00029288,GFSTA OIL CANOLA SUP 1LT/,Golden Fiesta,1,250,WalterMart Supermarket Inc,WALTERMART QUEZON CITY,,,
2772,1538,2024-08-23 11:22:00,2024-09-01 17:09:07,2400242017,MT LECHONSCE HT325,Mang Tomas,1,38.5,SM Savemore,SM Savemore - FRANCIS MARKET,,,
517,1540,2024-09-01 16:26:00,2024-09-01 17:53:14,0700098806,SSwan SoySce 19L,Silver Swan,1,53.5,SM Savemore,SAVEMORE SOLANO 2,,,
3418,1546,2024-09-01 15:04:00,2024-09-01 18:51:53,000056255,UFC RICEMX FUNCHW BLGGI 2,UFC,1,20,SM Supermarket,SM SUPERMARKET OLONGAPO CENTRAL,,,
3418,1546,2024-09-01 15:04:00,2024-09-01 18:51:53,000056255,UFC BANANA KETCHUP 200G/48 20,UFC,1,19.5,SM Supermarket,SM SUPERMARKET OLONGAPO CENTRAL,,,
3418,1546,2024-09-01 15:04:00,2024-09-01 18:51:53,000056255,MT SARSA BDGT PK100G,Mang Tomas,1,11.5,SM Supermarket,SM SUPERMARKET OLONGAPO CENTRAL,,,
3101,1557,2024-09-01 15:55:52,2024-09-02 07:38:10,43601100063195,DP VINEGAR 1L SUP,Datu Puti,1,39.75,Puregold,PUREGOLD MALABON LETRE,,,
3101,1557,2024-09-01 15:55:52,2024-09-02 07:38:10,43601100063195,DP SOY SAUCE1L SUP,Datu Puti,1,48,Puregold,PUREGOLD MALABON LETRE,,,
3488,1563,2024-08-31 16:11:00,2024-09-02 10:25:01,00-009642,DPUTI FSCE PATIS PET 350M,Datu Puti,1,26.25,WalterMart Supermarket Inc,WALTERMART QUEZON CITY,,,
3580,1566,2024-01-09 18:19:00,2024-09-02 11:55:40,00-002426,DPUTI VIN SUP 1LT/12,Datu Puti,1,42.75,WalterMart Supermarket Inc,WALTERMART CARMONA,,,
1945,1574,2024-08-25 12:09:00,2024-09-02 14:25:04,2000091879,MT LECHONSCE HT325,Mang Tomas,1,38.5,SM Savemore,SAVEMORE POZURROBIO,,,
1945,1574,2024-08-25 12:09:00,2024-09-02 14:25:04,2000091879,UFC BANANA CATSU 24/320 GRAMS.,UFC,1,28.5,SM Savemore,SAVEMORE POZURROBIO,,,
1945,1574,2024-08-25 12:09:00,2024-09-02 14:25:04,2000091879,DATU PUTI VINEGAR JUMBO 30/385,Datu Puti,1,19.5,SM Savemore,SAVEMORE POZURROBIO,,,
1945,1574,2024-08-25 12:09:00,2024-09-02 14:25:04,2000091879,DP PATIS 350ML,Datu Puti,1,26,SM Savemore,SAVEMORE POZURROBIO,,,
1945,1574,2024-08-25 12:09:00,2024-09-02 14:25:04,2000091879,DP SOY SAUCE 385ML,Datu Puti,1,22,SM Savemore,SAVEMORE POZURROBIO,,,
1053,1576,2024-08-17 18:40:20,2024-09-02 17:39:57,0000382939,UFC GF CANOLA OIL 1L,UFC,1,139.5,Robinsons Supermarket,ROBINSONS SUPERMARKET RP DASMARINAS,,,
933,1577,2024-09-01 16:30:22,2024-09-02 17:46:38,13701000177670,MT SIGA HT&SPC80G,Mang Tomas,2,23.5,Puregold,PUREGOLD DELA PAZ PASIG,,,
933,1577,2024-09-01 16:30:22,2024-09-02 17:46:38,13701000177670,UFC SPICIER 100G,UFC,2,47.5,Puregold,PUREGOLD DELA PAZ PASIG,,,
3589,1581,2024-08-31 15:25:04,2024-09-02 21:00:16,24601300479073,<< UFC T/A B/KET32,UFC,1,27.5,Puregold,PUREGOLD LAOAG,,,
3589,1581,2024-08-31 15:25:04,2024-09-02 21:00:16,24601300479073,$UFC GF SOA OIL 1,UFC,1,172,Puregold,PUREGOLD LAOAG,,,
733,1586,2024-09-01 16:04:44,2024-09-03 11:20:56,857-006-00060868,$UFC T/A B/KTCHP1K,UFC,6,420,Puregold,PUREGOLD - NUEVA ECIJA,,,
733,1586,2024-09-01 16:04:44,2024-09-03 11:20:56,857-006-00060868,$UFC B/KTCHP H&S32,UFC,12,384,Puregold,PUREGOLD - NUEVA ECIJA,,,
2501,1588,2024-07-17 20:11:40,2024-09-03 12:29:59,846-005-00215313,HAPI FSTA SUP 2L,Hapi Fiesta,1,205,Puregold,PUREGOLD SAN ROQUE,,,
2501,1589,2024-08-23 16:28:16,2024-09-03 12:30:00,347 003-00203851,<<DP W/VIN 385ML,Datu Puti,1,18.25,Puregold,PUREGOLD STO.DOMINGO CAINTA,,,
2501,1589,2024-08-23 16:28:16,2024-09-03 12:30:00,347 003-00203851,SILVER SWAN SUKANG H,Silver Swan,1,22.25,Puregold,PUREGOLD STO.DOMINGO CAINTA,,,
2501,1590,2024-08-10 12:26:00,2024-09-03 12:30:02,12-00174681,UFC BNNA CTSUP 4K,UFC,1,69.5,SM Savemore,SAVEMORE MARIKINA,,,
2501,1592,2024-07-19 9:21:29,2024-09-03 13:02:48,0000124565,CC*UFC BNNA CTSUP 1K,UFC,1,66,Robinsons Supermarket,ROBINSONS SUPERMARKET BLUE WAVE MARIKINA,,,
2501,1595,2024-09-01 19:50:00,2024-09-03 13:37:55,29-00028981,UFC 2N1 SPAGHETTI SCE 12/1KG,UFC,2,169,SM Savemore,SAVEMORE SHOE AVENUE,,,
3206,1599,2024-09-03 9:34:44,2024-09-03 17:29:55,85800400509875,$UFC GFP/OL1LSUP,UFC,1,119,Puregold,PUREGOLD JR CAUAYAN-ISABELA,,,
3206,1600,2024-09-01 10:40:03,2024-09-03 18:24:18,24300300315433,$UFC GFP/OL1LSUP,UFC,1,119,Puregold,PUREGOLD JR CAUAYAN-ISABELA,,,
3206,1602,2024-09-01 10:39:27,2024-09-03 18:36:20,24300300315432,$UFC GFP/OL1LSUP,UFC,1,119,Puregold,PUREGOLD JR CAUAYAN-ISABELA,,,
2853,1603,2024-09-03 11:27:00,2024-09-03 18:59:31,00021406,DPUTI FSCE PATIS PET 350M,Datu Puti,1,26.25,WalterMart Supermarket Inc,WALTERMART PANIQUI,,,
3462,1604,2024-09-03 16:41:00,2024-09-03 19:13:42,000367508,UFC RICEMX FUNCHW BLGGI 2,UFC,1,20,SM Hypermarket,HYPERMARKET FTI TAGUIG,,,
3206,1605,2024-09-01 10:44:19,2024-09-03 19:44:27,24300300315435,$UFC GFP/OL1LSUP,UFC,1,119,Puregold,PUREGOLD JR CAUAYAN-ISABELA,,,
3462,1606,2024-09-03 18:05:05,2024-09-03 20:12:34,25001600150778,UFCGFCOOKINGOIL250ML,UFC,1,39,Puregold,PUREGOLD TAGUIG,,,
3206,1607,2024-09-01 10:42:48,2024-09-03 20:46:41,24300300315434,$UFC GFP/OL1LSUP,UFC,1,119,Puregold,PUREGOLD CENTRO SANTIAGO,,,
1387,1608,2024-07-31 15:34:00,2024-09-04 08:25:18,131838,UFC SWEET CHILI 24/330 GRAMS.,UFC,1,42.65,Gaisano Metro,METRO - TACLOBAN,,,
1387,1608,2024-07-31 15:34:00,2024-09-04 08:25:18,131838,DATU PUTI VINEGAR JUMBO 30/385,Datu Puti,2,35.3,Gaisano Metro,METRO - TACLOBAN,,,
2827,1610,2024-09-04 11:02:34,2024-09-04 12:07:36,0000015835,DP PATIS 1L,Datu Puti,1,85,Robinsons Easymart,EASTMART - BETTER LIVING PARANAQUE,,,
2827,1610,2024-09-04 11:02:34,2024-09-04 12:07:36,0000015835,UFC GF BGCRNCH BM60G,UFC,1,17.5,Robinsons Easymart,EASTMART - BETTER LIVING PARANAQUE,,,
3603,1611,2024-08-28 18:59:32,2024-09-04 14:35:32,253-003-00377159,DP SOY SCE 200ML,Datu Puti,5,50.75,Puregold,PUREGOLD EXTRA TANDANG SORA,,,
2613,1622,2024-09-04 13:42:00,2024-09-04 18:19:38,0200123423,GOLDEN FIESTA CANOLA OIL 1L/12,Golden Fiesta,1,134,SM Savemore,SAVEMORE TACLOBAN,,,
3274,1627,2024-09-02 21:00:00,2024-09-05 06:04:53,02-00216624,HAPI FSTA SUP 2L,Hapi Fiesta,1,206.5,SM Savemore,SAVEMORE AMANG RODRIGUEZ,,,
1183,1633,2024-09-05 18:06:42,2024-09-05 18:57:15,0000000600,GS*UFC BNNACTSUP320G,UFC,1,29.75,Robinsons Supermarket,ROBINSONS SUPERMARKET KARANGALAN PASIG,,,
1183,1633,2024-09-05 18:06:42,2024-09-05 18:57:15,0000000600,UFCGFCOOKINGOIL485ML,UFC,1,80.5,Robinsons Supermarket,ROBINSONS SUPERMARKET KARANGALAN PASIG,,,
3011,1634,2024-09-03 14:40:00,2024-09-05 19:33:56,18-00276181,UFC BANANA CATSU 24/320 GRAMS.,UFC,1,28.5,SM Savemore,SAVEMORE BINALONAN,,,
2573,1643,2024-08-31 11:49:49,2024-09-06 11:51:40,26300600126187,<< DP W/VIN 385ML,Datu Puti,1,18.25,Puregold,PUREGOLD MAYOMBO,,,
2573,1643,2024-08-31 11:49:49,2024-09-06 11:51:40,26300600126187,D/PUTI S/SCE340ML,Datu Puti,1,19,Puregold,PUREGOLD MAYOMBO,,,
2573,1644,2024-08-31 11:49:49,2024-09-06 11:51:41,263-006-00126187,<< DP W/VIN 385ML,Datu Puti,1,18.25,Puregold,PUREGOLD MAYOMBO,,,
2573,1644,2024-08-31 11:49:49,2024-09-06 11:51:41,263-006-00126187,D/PUTI S/SCE340ML,Datu Puti,1,19,Puregold,PUREGOLD MAYOMBO,,,
2573,1645,2024-08-25 19:28:44,2024-09-06 12:32:24,263-006-00125422,<< DP W/VIN 385ML,Datu Puti,1,18.25,Puregold,PUREGOLD MAYOMBO,,,
2573,1645,2024-08-25 19:28:44,2024-09-06 12:32:24,263-006-00125422,SLVR SWN SOY SCE1L,Silver Swan,1,22.25,Puregold,PUREGOLD MAYOMBO,,,
2658,1646,2024-09-06 12:38:30,2024-09-06 13:47:21,0000116368,UFC B.CATSUP 320GSPC,UFC,1,25.5,Robinsons Easymart,EASYMART 100 WEST MAKATI,,,
2658,1646,2024-09-06 12:38:30,2024-09-06 13:47:21,0000116368,UFC GF CANOLA 1L SUP,UFC,1,138,Robinsons Easymart,EASYMART 100 WEST MAKATI,,,
3488,1649,2024-09-06 14:03:00,2024-09-06 14:28:25,00014752,UFC CCNUT CREAM400ML,UFC,1,70.5,WalterMart Supermarket Inc,WALTERMART QUEZON CITY,,,
2772,1650,2024-09-06 11:00:00,2024-09-06 15:24:58,0000079799,PAPA BNN CTSUP 320G,Papa,1,28.5,Robinsons Supermarket,ROBINSONS SUPERMARKET TOWN MALL MALABON,,,
3673,1652,2024-09-05 18:52:28,2024-09-06 20:04:26,0000529838,SO*DP SOY SCE 1L,Datu Puti,1,60.75,Robinsons Supermarket,ROBINSONS SUPERMARKET RP LOS BANOS,,,
3673,1652,2024-09-05 18:52:28,2024-09-06 20:04:26,0000529838,SO*DP WHT VNGR 1LX12,Datu Puti,1,42.75,Robinsons Supermarket,ROBINSONS SUPERMARKET RP LOS BANOS,,,
2839,1656,2024-09-05 8:53:00,2024-09-06 21:20:23,0600092035,GOLDEN FIESTA CANOLA OIL 1L/12,Golden Fiesta,1,134,SM Savemore,SM Savemore - Parkway Mall,,,
555,1658,2024-09-01 13:20:16,2024-09-07 11:26:05,32300400321841,DP SOY SAUCE 100ML,Datu Puti,5,33,Puregold,PUREGOLD STO TOMAS,,,
555,1658,2024-09-01 13:20:16,2024-09-07 11:26:05,32300400321841,DP SOY SCE 200ML,Datu Puti,5,50.75,Puregold,PUREGOLD STO TOMAS,,,
555,1658,2024-09-01 13:20:16,2024-09-07 11:26:05,32300400321841,UFC SWT CHILI 340,UFC,1,15,Puregold,PUREGOLD STO TOMAS,,,
3677,1659,2024-09-07 10:17:07,2024-09-07 13:08:24,31500600317167,UFC SWT CHILI 340,UFC,2,30,Puregold,PUREGOLD MANSILINGAN,,,
3677,1659,2024-09-07 10:17:07,2024-09-07 13:08:24,31500600317167,$<<UFCGFOIL485ML,UFC,2,144.5,Puregold,PUREGOLD MANSILINGAN,,,
3677,1659,2024-09-07 10:17:07,2024-09-07 13:08:24,31500600317167,M.TOMAS LCHNSCE325,Mang Tomas,1,35,Puregold,PUREGOLD MANSILINGAN,,,
3283,1660,2024-09-07 13:56:31,2024-09-07 14:23:30,82100500331452,<< UFC T/A B/KET32,UFC,1,25.55,Puregold,PUREGOLD SAN MATEO RIZAL,,,
733,1661,2024-09-06 17:06:12,2024-09-07 15:59:01,85700500108462,D/PUTI S/SCE340ML,Datu Puti,1,18.75,Puregold,PUREGOLD - NUEVA ECIJA,,,
733,1661,2024-09-06 17:06:12,2024-09-07 15:59:01,85700500108462,DP PATIS 1L,Datu Puti,1,71.75,Puregold,PUREGOLD - NUEVA ECIJA,,,
733,1661,2024-09-06 17:06:12,2024-09-07 15:59:01,85700500108462,DP PATIS 350ML,Datu Puti,1,25,Puregold,PUREGOLD - NUEVA ECIJA,,,
2059,1667,2024-08-31 15:18:05,2024-09-08 01:03:39,0000050757,UFC BNNA CTSUP530G,UFC,1,50.75,Robinsons Supermarket,Robinsons Supermarket - The District Mall Salawag,,,
2059,1669,2024-09-07 16:22:33,2024-09-08 01:18:52,0000164441,CC*MT LCHNSCEREG325G,Mang Tomas,1,38.5,Robinsons Supermarket,Robinsons Supermarket - The District Mall Salawag,,,
2059,1669,2024-09-07 16:22:33,2024-09-08 01:18:52,0000164441,UFC BNNA CTSUP530G,UFC,1,50.75,Robinsons Supermarket,Robinsons Supermarket - The District Mall Salawag,,,
2692,1671,2024-09-06 13:50:00,2024-09-08 09:12:38,0400081872,UFC GF CANOLA OIL2L,UFC,1,248,SM Savemore,SAVEMORE BINANGONAN RIZAL,,,
2664,1672,2024-09-08 10:53:00,2024-09-08 12:13:44,0600095555,GF PALM OIL 1L SUP,Golden Fiesta,1,118.5,SM Savemore,SAVEMORE BAGBAGUIN,,,
2664,1672,2024-09-08 10:53:00,2024-09-08 12:13:44,0600095555,DP BBQ RIFFIC 144ML,Datu Puti,1,34,SM Savemore,SAVEMORE BAGBAGUIN,,,
3603,1683,2024-08-09 17:32:00,2024-09-08 17:59:36,010441857,UFC BANANA CATSUP 18/550G,UFC,1,45.5,SM Hypermarket,HYPERMARKET NOVALICHES,,,
3603,1683,2024-08-09 17:32:00,2024-09-08 17:59:36,010441857,*MDF_UFC SCE HOT & SPICY,UFC,1,36,SM Hypermarket,HYPERMARKET NOVALICHES,,,
1868,1690,2024-08-09 18:03:00,2024-09-08 19:41:58,000050885,MT LECHON SCE550G,Mang Tomas,1,50,SM Hypermarket,HYPERMARKET FAIRVIEW,,,
3696,1693,2024-09-08 19:26:00,2024-09-08 21:36:00,000064827,UFC FC YANGCHOW20G,UFC,1,30,SM Hypermarket,HYPERMARKET NORTH EDSA,,,
413,1697,2024-09-08 12:53:07,2024-09-09 10:43:54,0000066270,UFC CRM OF MSHRM 70G,UFC,1,48,The Marketplace,The Marketplace - Estrella Makati,,,
413,1697,2024-09-08 12:53:07,2024-09-09 10:43:54,0000066270,UFC FUNCHOW MEATY20G,UFC,1,16.5,The Marketplace,The Marketplace - Estrella Makati,,,
413,1697,2024-09-08 12:53:07,2024-09-09 10:43:54,0000066270,UFC FUNCHOWSEAFOOD20,UFC,1,16.5,The Marketplace,The Marketplace - Estrella Makati,,,
413,1697,2024-09-08 12:53:07,2024-09-09 10:43:54,0000066270,UFC HOT SAUCE 100G,UFC,1,27.75,The Marketplace,The Marketplace - Estrella Makati,,,
627,1698,2024-09-08 11:26:44,2024-09-09 12:12:25,727-004-00624891,DP SOY SCE 200ML,Datu Puti,1,9.95,Puregold,PUREGOLD JR JUAN LUNA TONDO,,,
2690,1699,2024-08-31 12:12:00,2024-09-09 13:05:02,000554302,DP VINEGAR 1L SUP,Datu Puti,1,43,SM Supermarket,SM SUPERMARKET SAN LAZARO,,,
3488,1700,2024-09-09 14:09:00,2024-09-09 14:23:09,00030566,UFC CRMSTYLE CORN425,UFC,1,42.25,WalterMart Supermarket Inc,WALTERMART QUEZON CITY,,,
3488,1700,2024-09-09 14:09:00,2024-09-09 14:23:09,00030566,GFSTA OIL CANOLA 1LT/12,Golden Fiesta,1,136.5,WalterMart Supermarket Inc,WALTERMART QUEZON CITY,,,
517,1701,2024-09-09 18:29:00,2024-09-09 18:50:33,0800140228,$UFC GFP/OL950ML,UFC,1,122.5,SM Savemore,SAVEMORE SOLANO 2,,,
1453,1705,2024-09-09 15:38:10,2024-09-09 23:24:19,34300200630961,UFC SWT CHILI 340,UFC,1,15,Puregold,PUREGOLD SAN MATEO RIZAL,,,
2692,1707,2024-09-06 13:45:00,2024-09-10 15:20:22,04-00081871,UFC BNNA CTSUP 4K,UFC,1,69.5,SM Savemore,SAVEMORE BINANGONAN RIZAL,,,
2692,1707,2024-09-06 13:45:00,2024-09-10 15:20:22,04-00081871,UFCGFCANOLA1LDUOPACK,UFC,1,212,SM Savemore,SAVEMORE BINANGONAN RIZAL,,,
2692,1707,2024-09-06 13:45:00,2024-09-10 15:20:22,04-00081871,UFC BANANA CATSUP 18/550G,UFC,1,45.5,SM Savemore,SAVEMORE BINANGONAN RIZAL,,,
2692,1707,2024-09-06 13:45:00,2024-09-10 15:20:22,04-00081871,DATU PUTI WHITE VINEGAR 12/1LT Whi,Datu Puti,1,39.5,SM Savemore,SAVEMORE BINANGONAN RIZAL,,,
3271,1708,2024-09-06 11:11:59,2024-09-10 19:34:00,0000084127,GF PALM OIL 1L SUP,Golden Fiesta,1,121,Robinsons Supermarket,ROBINSONS SUPERMARKET BEE HIVE MALL VALENZUELA,,,
3720,1713,2024-09-10 17:10:42,2024-09-10 20:22:10,24101000213985,UFCGFCANOLA1LDUOPACK,UFC,1,248,Puregold,PUREGOLD TAGAPO-STA. ROSA,,,
3728,1715,2024-09-05 11:26:54,2024-09-10 20:30:50,0000043302,GOLDENSAVERSDUOPACK,Golden Fiesta,1,217,Robinsons Supermarket,ROBINSONS SUPERMARKET RP OTIS,,,
3663,1717,2024-09-10 11:46:33,2024-09-10 22:05:06,25800700293574,$UFC GFP/OL950ML,UFC,1,122,Puregold,PUREGOLD CALAUAN,,,
3747,1719,2024-09-05 16:53:00,2024-09-10 23:12:47,010519164,DP SOYSCE 1L,Datu Puti,1,53,SM Supermarket,SM SUPERMARKET EAST ORTIGAS,,,
3747,1719,2024-09-05 16:53:00,2024-09-10 23:12:47,010519164,UFC SWEET CHLI SCE90,UFC,1,17.5,SM Supermarket,SM SUPERMARKET EAST ORTIGAS,,,
3751,1721,2024-08-26 17:50:24,2024-09-11 00:22:15,13200600320189,DP SOY SCE 200ML,Datu Puti,4,40.6,Puregold,PUREGOLD JR JUAN LUNA TONDO,,,
3751,1721,2024-08-26 17:50:24,2024-09-11 00:22:15,13200600320189,DP PATIS 350ML,Datu Puti,1,25,Puregold,PUREGOLD JR JUAN LUNA TONDO,,,
3734,1722,2024-09-10 9:09:44,2024-09-11 07:17:27,0000010886,GF COOKING OIL 950ML,Golden Fiesta,1,127.5,Robinsons Supermarket,Robinsons Supermarket - PILILIA ,,,
973,1723,2024-09-11 8:31:00,2024-09-11 08:42:12,0200245203,*MDF_UFC COCONUT CREAM400,UFC,1,68.5,SM Savemore,SAVEMORE LIGHT RESIDENCES,,,
973,1723,2024-09-11 8:31:00,2024-09-11 08:42:12,0200245203,UFC CORN KRNEL425G,UFC,1,43.5,SM Savemore,SAVEMORE LIGHT RESIDENCES,,,
3271,1724,2024-09-11 8:03:00,2024-09-11 09:12:16,10-00190173,DP PATIS 350ML,Datu Puti,1,26,SM Savemore,SAVEMORE SAN ILDEFONSO BULACAN,,,
3769,1726,2024-06-09 15:21:00,2024-09-11 09:24:29,3000167960,SLVR SWN SK/PUTI1L,Silver Swan,1,40,SM Savemore,SAVEMORE ANONAS,,,
3769,1726,2024-06-09 15:21:00,2024-09-11 09:24:29,3000167960,MT LECHONSCE HT325,Mang Tomas,1,38.5,SM Savemore,SAVEMORE ANONAS,,,
3769,1726,2024-06-09 15:21:00,2024-09-11 09:24:29,3000167960,UFC BNNA CTSUP530G,UFC,1,126.5,SM Savemore,SAVEMORE ANONAS,,,
3769,1726,2024-06-09 15:21:00,2024-09-11 09:24:29,3000167960,UFC GF CANOLA OIL2L,UFC,2,506,SM Savemore,SAVEMORE ANONAS,,,
3734,1727,2024-09-09 7:44:37,2024-09-11 09:26:48,0000010542,GF COOKING OIL 950ML,Golden Fiesta,1,127.5,Robinsons Supermarket,Robinsons Supermarket - PILILIA ,,,
3734,1731,2024-09-07 17:16:22,2024-09-11 09:47:11,0000009928,GF COOKING OIL 950ML,Golden Fiesta,1,127.5,Robinsons Easymart,EASYMART PILILIA,,,
3778,1734,2024-03-26 18:12:53,2024-09-11 10:25:13,0000133842,UFC BNNA CTSUP530G,UFC,1,50.75,Shopwise,"SHOPWISE FESTIVAL MALL, ALABANG",,,
3778,1734,2024-03-26 18:12:53,2024-09-11 10:25:13,0000133842,UFCGFCANOLA1LDUOPACK,UFC,1,262,Shopwise,"SHOPWISE FESTIVAL MALL, ALABANG",,,
3778,1742,2024-05-22 19:18:51,2024-09-11 11:00:49,0000129972,UFCGFCANOLA1LDUOPACK,UFC,1,249,Shopwise,"SHOPWISE FESTIVAL MALL, ALABANG",,,
3778,1747,2024-08-28 19:02:39,2024-09-11 11:34:29,0000191705,UFCGFCANOLA1LDUOPACK,UFC,1,262,Shopwise,"SHOPWISE FESTIVAL MALL, ALABANG",,,
702,1750,2024-09-10 15:04:54,2024-09-11 12:00:32,216-019-00113089,DP SOYSCE 1L,Datu Puti,1,51,Puregold,PUREGOLD ANABU-IMUS,,,
3745,1751,2024-09-10 15:04:54,2024-09-11 12:00:32,21601900113089,DP SOYSCE 1L,Datu Puti,1,51,Puregold,PUREGOLD ANABU-IMUS,,,
3764,1755,2024-09-11 12:06:00,2024-09-11 12:27:58,0900174511,*MDF_UFC SCE HOT & SPICY,UFC,1,36,SM Savemore,SAVEMORE FAME,,,
3764,1755,2024-09-11 12:06:00,2024-09-11 12:27:58,0900174511,UFC RICEMX FUNCHW BLGGI 2,UFC,1,20,SM Savemore,SAVEMORE FAME,,,
3764,1756,2024-09-11 12:06:00,2024-09-11 12:38:30,09-00174511,*MDF_UFC SCE HOT & SPICY,UFC,1,36,SM Savemore,SAVEMORE FAME,,,
3764,1756,2024-09-11 12:06:00,2024-09-11 12:38:30,09-00174511,UFC RICEMX FUNCHW BLGGI 2,UFC,1,20,SM Savemore,SAVEMORE FAME,,,
3734,1758,2024-09-11 8:33:59,2024-09-11 12:55:22,0000011216,DP SOY SCE 200ML,Datu Puti,2,24,Robinsons Supermarket,Robinsons Supermarket - PILILIA ,,,
3734,1758,2024-09-11 8:33:59,2024-09-11 12:55:22,0000011216,GF COOKING OIL 950ML,Golden Fiesta,1,127.5,Robinsons Supermarket,Robinsons Supermarket - PILILIA ,,,
3719,1760,2024-09-11 12:14:20,2024-09-11 13:06:06,639-009-00015632,<< UFC T/A B/KET32,UFC,1,27.5,Puregold,PUREGOLD GUADALUPE,,,
3719,1760,2024-09-11 12:14:20,2024-09-11 13:06:06,639-009-00015632,<<SS CANE VIN350ML,Silver Swan,1,18.75,Puregold,PUREGOLD GUADALUPE,,,
3734,1766,2024-09-01 9:16:04,2024-09-11 15:10:32,0000009059,GF COOKING OIL 950ML,Golden Fiesta,1,127.5,Robinsons Supermarket,Robinsons Supermarket - PILILIA ,,,
3734,1767,2024-09-07 10:20:13,2024-09-11 15:19:36,0000009790,GF COOKING OIL 950ML,Golden Fiesta,1,127.5,Robinsons Easymart,EASYMART PILILIA,,,
3195,1771,2024-08-22 11:10:00,2024-09-11 16:05:16,28-00075754,DP VINEGAR 1L SUP,Datu Puti,1,43,SM Savemore,SAVEMORE MALHACAN,,,
3837,1776,2024-09-05 16:13:59,2024-09-11 18:17:40,0000125116,UFC GF CANOLA OIL 1L,UFC,1,139.5,Robinsons Supermarket,Robinsons Supermarket - Talamban,,,
3842,1778,2024-08-25 19:53:40,2024-09-11 19:04:13,0000034206,MT SARSA BDGT PK100G,Mang Tomas,2,23,Robinsons Supermarket,ROBINSONS SUPERMARKET RP METROEAST,,,
3842,1778,2024-08-25 19:53:40,2024-09-11 19:04:13,0000034206,UFC B.CATSUP 320GSPC,UFC,1,25,Robinsons Supermarket,ROBINSONS SUPERMARKET RP METROEAST,,,
3842,1778,2024-08-25 19:53:40,2024-09-11 19:04:13,0000034206,UFC SWT CHILISCE 90G,UFC,1,16.5,Robinsons Supermarket,ROBINSONS SUPERMARKET RP METROEAST,,,
3842,1778,2024-08-25 19:53:40,2024-09-11 19:04:13,0000034206,UFC TOM SCE GSDO115G,UFC,1,19.5,Robinsons Supermarket,ROBINSONS SUPERMARKET RP METROEAST,,,
3596,1782,2024-09-08 14:55:46,2024-09-11 21:16:42,359-003-00252347,UFC S/FST C/OILP1L,UFC,2,226,Puregold,PUREGOLD MABINI BACOLOD,,,
3596,1782,2024-09-08 14:55:46,2024-09-11 21:16:42,359-003-00252347,DP SOY SAUCE1L SUP,Datu Puti,1,48,Puregold,PUREGOLD MABINI BACOLOD,,,
1645,1783,2024-09-11 20:36:00,2024-09-11 22:00:23,0000034933,UFCGFCANOLA1LDUOPACK,UFC,1,255,Robinsons Supermarket,ROBINSONS SUPERMARKET RP PULILAN,,,
3728,1784,2024-07-21 14:06:15,2024-09-11 22:28:49,0000058928,GF PALM OIL 1L SUP,Golden Fiesta,1,124.25,Robinsons Supermarket,ROBINSONS SUPERMARKET RP OTIS,,,
3728,1784,2024-07-21 14:06:15,2024-09-11 22:28:49,0000058928,SLVRSWN SUKPTI200ML,Silver Swan,1,8.25,Robinsons Supermarket,ROBINSONS SUPERMARKET RP OTIS,,,
3728,1785,2024-09-11 18:34:02,2024-09-11 22:40:51,0000032188,DP OYSTERSAUCE70GX48,Datu Puti,2,28,Robinsons Supermarket,ROBINSONS SUPERMARKET RP OTIS,,,
3728,1785,2024-09-11 18:34:02,2024-09-11 22:40:51,0000032188,JFRAN TFISH SCE200ML,Jufran,1,59.5,Robinsons Supermarket,ROBINSONS SUPERMARKET RP OTIS,,,
3868,1786,2024-08-27 17:37:27,2024-09-11 22:41:41,44000200197472,DATU PUTI PATIS 150,Datu Puti,2,27.8,Puregold,Puregold - Aglipay Mandaluyong,,,
3868,1795,2024-08-11 10:40:43,2024-09-12 07:15:39,44000100232402,DP PATIS SUP 150ML,Datu Puti,2,27.8,Puregold,PUREGOLD SAN JOSE MANDALUYONG,,,
3868,1797,2024-08-06 11:58:57,2024-09-12 07:58:36,0000331674,DP SOY SAUCE 100ML,Datu Puti,3,24,Robinsons Supermarket,ROBINSONS SUPERMARKET CALIFORNIA MANDALUYONG,,,
3868,1797,2024-08-06 11:58:57,2024-09-12 07:58:36,0000331674,DP SOY SCE PCH 340ML,Datu Puti,1,19.75,Robinsons Supermarket,ROBINSONS SUPERMARKET CALIFORNIA MANDALUYONG,,,
3868,1797,2024-08-06 11:58:57,2024-09-12 07:58:36,0000331674,HH*SLVRSWNSOYSC200ML,Silver Swan,2,22,Robinsons Supermarket,ROBINSONS SUPERMARKET CALIFORNIA MANDALUYONG,,,
3734,1799,2024-09-12 7:57:54,2024-09-12 08:42:29,0000011518,DP SOY SCE 200ML,Datu Puti,2,24,Robinsons Easymart,EASYMART PILILIA,,,
3734,1799,2024-09-12 7:57:54,2024-09-12 08:42:29,0000011518,DP WHT VNGR 200ML,Datu Puti,1,9.5,Robinsons Easymart,EASYMART PILILIA,,,
3734,1799,2024-09-12 7:57:54,2024-09-12 08:42:29,0000011518,GF COOKING OIL 950ML,Golden Fiesta,1,127.5,Robinsons Easymart,EASYMART PILILIA,,,
3734,1800,2024-09-12 7:57:54,2024-09-12 08:42:30,0000011518,DP SOY SCE 200ML,Datu Puti,2,24,Robinsons Supermarket,Robinsons Supermarket - PILILIA ,,,
3734,1800,2024-09-12 7:57:54,2024-09-12 08:42:30,0000011518,DP WHT VNGR 200ML,Datu Puti,1,9.5,Robinsons Supermarket,Robinsons Supermarket - PILILIA ,,,
3734,1800,2024-09-12 7:57:54,2024-09-12 08:42:30,0000011518,GF COOKING OIL 950ML,Golden Fiesta,1,127.5,Robinsons Supermarket,Robinsons Supermarket - PILILIA ,,,
3883,1803,2024-09-06 13:47:29,2024-09-12 10:46:10,133-006-00157035,$UFC GF CNLA OIL1,UFC,1,134,Puregold,PUREGOLD BACOOR CAVITE,,,
3883,1803,2024-09-06 13:47:29,2024-09-12 10:46:10,133-006-00157035,UFC FC YANGCHOW20G,UFC,2,30,Puregold,PUREGOLD BACOOR CAVITE,,,
3885,1804,2024-09-09 11:00:10,2024-09-12 12:43:37,0001003836,DP SOY SAUCE 385ML,Datu Puti,1,22.5,Robinsons Supermarket,ROBINSONS SUPERMARKET RP LOS BANOS,,,
3885,1804,2024-09-09 11:00:10,2024-09-12 12:43:37,0001003836,SO*DP WHT VNGR 1LX12,Datu Puti,2,85.5,Robinsons Supermarket,ROBINSONS SUPERMARKET RP LOS BANOS,,,
3887,1806,2024-09-12 7:59:24,2024-09-12 13:33:11,140-009-00478899,$UFC GFP/OL1LSUP,UFC,2,238,Puregold,PUREGOLD SAN NICOLAS,,,
470,1807,2024-09-12 12:43:00,2024-09-12 13:34:43,010631207,GOLDEN FIESTA CANOLA OIL 1L/12,Golden Fiesta,1,128,SM Supermarket,SM SUPERMARKET MEGAMALL A,,,
3887,1808,2024-09-08 8:35:12,2024-09-12 13:40:44,140-008-00394376,$UFC GFP/OL1LSUP,UFC,2,238,Puregold,PUREGOLD SAN NICOLAS,,,
3887,1808,2024-09-08 8:35:12,2024-09-12 13:40:44,140-008-00394376,UFC BA/C 550G/530G,UFC,1,44.25,Puregold,PUREGOLD SAN NICOLAS,,,
3887,1810,2024-08-29 9:27:28,2024-09-12 13:47:16,0000044628,UFC BK RICH BLND320G,UFC,1,38.5,Robinsons Easymart,EASYMART FRIENDSHIP ANGELES,,,
3288,1811,2024-09-10 17:01:47,2024-09-12 14:08:17,325-006-00404334,<< UFC T/A B/KET32,UFC,1,27.5,Puregold,PUREGOLD BOAC,,,
3288,1811,2024-09-10 17:01:47,2024-09-12 14:08:17,325-006-00404334,<<DP SOYSCE 385ML,Datu Puti,1,21.25,Puregold,PUREGOLD BOAC,,,
3764,1812,2024-09-12 14:17:00,2024-09-12 14:54:42,0200181978,UFC FC YANGCHOW20G,UFC,3,42,SM Savemore,SAVEMORE FAME,,,
3764,1812,2024-09-12 14:17:00,2024-09-12 14:54:42,0200181978,DP SOY SAUCE 385ML,Datu Puti,1,22,SM Savemore,SAVEMORE FAME,,,
3730,1813,2024-09-12 14:29:00,2024-09-12 15:48:24,05-00251142,$UFC GFP/OL950ML,UFC,1,122.5,SM Savemore,SAVEMORE CEDAR PEAK,,,
3730,1813,2024-09-12 14:29:00,2024-09-12 15:48:24,05-00251142,UFC 2N1 TOMATO SAUCE 24/200G 200,UFC,1,20,SM Savemore,SAVEMORE CEDAR PEAK,,,
3730,1813,2024-09-12 14:29:00,2024-09-12 15:48:24,05-00251142,UFC TMATO SCE GUISADO 200G/24 200,UFC,1,22.5,SM Savemore,SAVEMORE CEDAR PEAK,,,
3879,1814,2024-09-12 14:29:00,2024-09-12 15:48:24,0500251142,$UFC GFP/OL950ML,UFC,1,122.5,SM Savemore,SAVEMORE CEDAR PEAK,,,
3879,1814,2024-09-12 14:29:00,2024-09-12 15:48:24,0500251142,UFC 2N1 TOMATO SAUCE 24/200G 200,UFC,1,20,SM Savemore,SAVEMORE CEDAR PEAK,,,
3879,1814,2024-09-12 14:29:00,2024-09-12 15:48:24,0500251142,UFC TMATO SCE GUISADO 200G/24 200,UFC,1,22.5,SM Savemore,SAVEMORE CEDAR PEAK,,,
3900,1815,2024-09-08 10:17:07,2024-09-12 17:41:56,10401300471900,DATU PUTI SOY SAUCE 8/1.893L,Datu Puti,8,6072,Puregold,PUREGOLD MABALACAT,,,
3907,1817,2024-09-11 13:28:09,2024-09-12 18:55:59,16400200465676,$UFC GFP/OL1LSUP,UFC,1,119,Puregold,PUREGOLD CALAMBA DEL PILAR,,,
3907,1817,2024-09-11 13:28:09,2024-09-12 18:55:59,16400200465676,<< UFC T/A B/KET32,UFC,1,26.5,Puregold,PUREGOLD CALAMBA DEL PILAR,,,
3907,1818,2024-07-17 9:37:12,2024-09-12 19:31:35,16400200455538,$UFC GFP/OL 2L,UFC,1,220,Puregold,PUREGOLD CALAMBA DEL PILAR,,,
3907,1823,2024-03-23 15:09:08,2024-09-12 20:23:57,71000300233137,<< UFC T/A B/KET32,UFC,1,27.5,Puregold,PUREGOLD EXTRA CANLUBANG LAGUNA,,,
3907,1823,2024-03-23 15:09:08,2024-09-12 20:23:57,71000300233137,<< DP W/VIN 385ML,Datu Puti,2,15.4,Puregold,PUREGOLD EXTRA CANLUBANG LAGUNA,,,
3907,1823,2024-03-23 15:09:08,2024-09-12 20:23:57,71000300233137,DP SOY SCE 200ML,Datu Puti,1,10,Puregold,PUREGOLD EXTRA CANLUBANG LAGUNA,,,
3931,1826,2024-07-25 16:57:53,2024-09-12 23:05:25,0000026307,CC*UFC BNNA CTSUP 1K,UFC,1,66,Robinsons Supermarket,ROBINSONS SUPERMARKET RP IMUS,,,
3931,1826,2024-07-25 16:57:53,2024-09-12 23:05:25,0000026307,GOLDENSAVERSDUOPACK,Golden Fiesta,1,228,Robinsons Supermarket,ROBINSONS SUPERMARKET RP IMUS,,,
3931,1826,2024-07-25 16:57:53,2024-09-12 23:05:25,0000026307,UFC FUNCHOW MEATY20G,UFC,2,61.5,Robinsons Supermarket,ROBINSONS SUPERMARKET RP IMUS,,,
3931,1832,2024-09-05 18:42:32,2024-09-13 00:22:54,0000025752,CC*UFC BNNA CTSUP 1K,UFC,1,68.75,Robinsons Supermarket,Robinsons Supermarket -Shopking Commercial,,,
3931,1832,2024-09-05 18:42:32,2024-09-13 00:22:54,0000025752,MT LECHONSCE HOT325G,Mang Tomas,1,40.5,Robinsons Supermarket,Robinsons Supermarket -Shopking Commercial,,,
3931,1832,2024-09-05 18:42:32,2024-09-13 00:22:54,0000025752,UFC FC BC BBG RMX25G,UFC,1,20,Robinsons Supermarket,Robinsons Supermarket -Shopking Commercial,,,
1704,1833,2024-09-12 9:02:00,2024-09-13 05:35:59,27-00194903,UFC HOTSCE4KG GAL,UFC,1,28,SM Savemore,SAVEMORE PILI,,,
1704,1833,2024-09-12 9:02:00,2024-09-13 05:35:59,27-00194903,GOLDEN FIESTA CANOLA OIL 1L/12,Golden Fiesta,1,128,SM Savemore,SAVEMORE PILI,,,
3970,1836,2024-09-12 17:22:51,2024-09-13 08:59:53,620-007-00067580,$UFC GF CNLA OIL1,UFC,1,134,Puregold,PUREGOLD - BOCAUE BULACAN,,,
3734,1837,2024-09-13 7:53:26,2024-09-13 09:02:17,0000011800,DP SOY SCE 200ML,Datu Puti,2,24,Robinsons Supermarket,Robinsons Supermarket - PILILIA ,,,
3734,1837,2024-09-13 7:53:26,2024-09-13 09:02:17,0000011800,GF COOKING OIL 950ML,Golden Fiesta,1,127.5,Robinsons Supermarket,Robinsons Supermarket - PILILIA ,,,
3979,1838,2024-09-12 17:56:02,2024-09-13 10:39:34,0000008552,DP SOY SCE 200ML,Datu Puti,1,12.25,Robinsons Supermarket,Robinsons Supermarket - Gapan,,,
3979,1838,2024-09-12 17:56:02,2024-09-13 10:39:34,0000008552,DP WHT VNGR 200ML,Datu Puti,1,9,Robinsons Supermarket,Robinsons Supermarket - Gapan,,,
3979,1838,2024-09-12 17:56:02,2024-09-13 10:39:34,0000008552,GS*UFC BNNACTSUP320G,UFC,1,28.5,Robinsons Supermarket,Robinsons Supermarket - Gapan,,,
3979,1838,2024-09-12 17:56:02,2024-09-13 10:39:34,0000008552,SLVR SWAN PATIS 100M,Silver Swan,1,8.75,Robinsons Supermarket,Robinsons Supermarket - Gapan,,,
2664,1860,2024-09-13 16:46:00,2024-09-13 17:06:03,124133,GF PALM OIL 1L SUP,Golden Fiesta,1,118.5,SM Savemore,SAVEMORE BAGBAGUIN,,,
2664,1860,2024-09-13 16:46:00,2024-09-13 17:06:03,124133,DP BBQ RIFFIC 144ML,Datu Puti,1,34,SM Savemore,SAVEMORE BAGBAGUIN,,,
517,1863,2024-09-13 19:04:00,2024-09-13 19:24:23,20-00046084,UFC BNNA CTSUP530G,UFC,1,126.5,SM Savemore,SAVEMORE SOLANO 2,,,
4016,1864,2024-09-13 15:32:19,2024-09-13 20:29:51,37800400442280,SO*DP SOY SCE 1L,Datu Puti,1,53,Puregold,PUREGOLD LEGASPI BICOL,,,
4034,1870,2024-09-13 17:44:34,2024-09-13 22:27:59,34800700213857,$UFC T/A B/KTCHP1K,UFC,1,70,Puregold,PUREGOLD ANABU-IMUS,,,
3875,1872,2024-09-13 9:11:55,2024-09-13 22:46:23,73000200453515,$UFC GF CAOLA 2L,UFC,1,235,Puregold,PUREGOLD EXTRA LOS BANOS LAGUNA,,,
2927,1880,2024-09-13 13:48:00,2024-09-14 10:57:30,00-037131,DPUTI SCE SOY PET 1LT/12,Datu Puti,1,53,WalterMart Supermarket Inc,WALTERMART NORTH EDSA,,,
3734,1882,2024-09-14 11:37:22,2024-09-14 12:25:06,0000249200,GF COOKING OIL 950ML,Golden Fiesta,1,127.5,Robinsons Easymart,EASYMART PILILIA,,,
3978,1883,2024-09-14 9:08:00,2024-09-14 13:07:28,010317251,DP SOY SCE 200ML,Datu Puti,2,49,SM Hypermarket,HYPERMARKET MANDALUYONG,,,
3978,1883,2024-09-14 9:08:00,2024-09-14 13:07:28,010317251,UFC BANANA CATSU 24/320 GRAMS.,UFC,1,49,SM Hypermarket,HYPERMARKET MANDALUYONG,,,
2501,1884,2024-09-14 10:38:00,2024-09-14 13:24:40,05-00250903,SPR FSTA COCO 1L PET,UFC,1,133.5,SM Savemore,SAVEMORE SHOE AVENUE,,,
1343,1890,2024-09-14 14:20:04,2024-09-14 13:53:06,15601500415728,DP WHT VIN 1L,Datu Puti,1,41.25,Puregold,PUREGOLD MONTALBAN,,,
1343,1890,2024-09-14 14:20:04,2024-09-14 13:53:06,15601500415728,DP PATIS 350ML,Datu Puti,1,25,Puregold,PUREGOLD MONTALBAN,,,
3915,1903,2024-09-14 16:27:00,2024-09-14 19:52:53,000082062,DP SOY SCE 200ML,Datu Puti,4,37,SM Supermarket,SM SUPERMARKET DAVAO,,,
3915,1903,2024-09-14 16:27:00,2024-09-14 19:52:53,000082062,DPUTI VIN SUP 200ML/60,Datu Puti,1,37,SM Supermarket,SM SUPERMARKET DAVAO,,,
4119,1913,2024-09-07 14:55:00,2024-09-15 01:42:42,0300209446,$UFC GF CAOLA 2L,UFC,1,234.5,SM Savemore,SAVEMORE AGORA LUCENA,,,
4063,1914,2024-09-14 16:06:00,2024-09-15 03:55:25,010331915,DATU PUTI VINEGAR JUMBO 30/385,Datu Puti,1,19.5,SM Supermarket,SM SUPERMARKET CONSOLACION,,,
4063,1914,2024-09-14 16:06:00,2024-09-15 03:55:25,010331915,DP SOY SAUCE 385ML,Datu Puti,1,22,SM Supermarket,SM SUPERMARKET CONSOLACION,,,
4063,1914,2024-09-14 16:06:00,2024-09-15 03:55:25,010331915,GF PALM OIL 1L SUP,Golden Fiesta,1,118.5,SM Supermarket,SM SUPERMARKET CONSOLACION,,,
4130,1922,2024-08-22 11:24:08,2024-09-15 08:22:25,0000013255,UFCGFCANOLA1LDUOPACK,UFC,1,255,Robinsons Supermarket,ROBINSONS SUPERMARKET CIRCLE C CONGRESSIONAL,,,
4134,1925,2024-09-14 15:55:00,2024-09-15 08:54:57,00-007934,DPUTI SCE SOY PET 1LT/12,Datu Puti,1,53,WalterMart Supermarket Inc,WALTERMART GEN. TRIAS,,,
4134,1925,2024-09-14 15:55:00,2024-09-15 08:54:57,00-007934,*MDF_UFC BKTCHP REG 1KG/1,UFC,1,69.5,WalterMart Supermarket Inc,WALTERMART GEN. TRIAS,,,
4130,1929,2024-09-15 10:49:16,2024-09-15 12:27:09,0000018937,DP PATIS 350ML,Datu Puti,1,26.25,Robinsons Supermarket,ROBINSONS SUPERMARKET CIRCLE C CONGRESSIONAL,,,
4130,1929,2024-09-15 10:49:16,2024-09-15 12:27:09,0000018937,UFCGFCANOLA1LDUOPACK,UFC,1,255,Robinsons Supermarket,ROBINSONS SUPERMARKET CIRCLE C CONGRESSIONAL,,,
4146,1933,2024-09-01 13:19:00,2024-09-15 13:34:45,28-00250668,UFC GF CANOLA OIL2L,UFC,1,248,SM Savemore,SAVEMORE PROJ 8,,,
3578,1934,2024-09-15 9:12:09,2024-09-15 14:04:18,721-006-00269553,$UFC GF CNLA OIL1,UFC,1,134,Puregold,PUREGOLD JR BALARA QC,,,
3734,1935,2024-09-15 12:16:03,2024-09-15 15:21:00,0000249400,DP SOY SCE 200ML,Datu Puti,1,12,Robinsons Supermarket,Robinsons Supermarket - PILILIA ,,,
3734,1935,2024-09-15 12:16:03,2024-09-15 15:21:00,0000249400,GF COOKING OIL 950ML,Golden Fiesta,1,127.5,Robinsons Supermarket,Robinsons Supermarket - PILILIA ,,,
702,1937,2024-09-11 17:33:24,2024-09-15 16:06:26,216-001-00058833,$<<UFCGFOIL485ML,UFC,5,361.25,Puregold,PUREGOLD ANABU-IMUS,,,
702,1937,2024-09-11 17:33:24,2024-09-15 16:06:26,216-001-00058833,SS SOY SCE 500ML,Silver Swan,1,21,Puregold,PUREGOLD ANABU-IMUS,,,
702,1937,2024-09-11 17:33:24,2024-09-15 16:06:26,216-001-00058833,DP PATIS 350ML,Datu Puti,1,3.4,Puregold,PUREGOLD ANABU-IMUS,,,
702,1937,2024-09-11 17:33:24,2024-09-15 16:06:26,216-001-00058833,DP SOY SCE 200ML,Datu Puti,1,10.15,Puregold,PUREGOLD ANABU-IMUS,,,
702,1937,2024-09-11 17:33:24,2024-09-15 16:06:26,216-001-00058833,M.TOMAS LCHNSCE325,Mang Tomas,7,172.25,Puregold,PUREGOLD ANABU-IMUS,,,
702,1937,2024-09-11 17:33:24,2024-09-15 16:06:26,216-001-00058833,UFC SWT CHILI 340,UFC,1,39.5,Puregold,PUREGOLD ANABU-IMUS,,,
4146,1938,2024-09-15 14:26:00,2024-09-15 16:08:37,32-00163738,$UFC GF CAOLA 2L,UFC,1,234.5,SM Savemore,SAVEMORE PROJ 8,,,
4146,1938,2024-09-15 14:26:00,2024-09-15 16:08:37,32-00163738,UFC IODZD SALT150G,UFC,1,11.75,SM Savemore,SAVEMORE PROJ 8,,,
1387,1946,2024-09-11 15:58:00,2024-09-15 16:55:17,020171102758,DATU PUTI VINEGAR JUMBO 30/385,Datu Puti,1,15.58,Gaisano Metro,METRO - TACLOBAN,,,
1387,1946,2024-09-11 15:58:00,2024-09-15 16:55:17,020171102758,UFC SWEET CHILI 24/330 GRAMS.,UFC,2,85.3,Gaisano Metro,METRO - TACLOBAN,,,
2280,1951,2024-09-15 15:52:10,2024-09-15 18:07:02,0000236511,GF PALM OIL 1L SUP,Golden Fiesta,1,121,Robinsons Supermarket,ROBINSONS SUPERMARKET DOÑA CARMEN,,,
470,1952,2024-09-15 14:55:00,2024-09-15 18:20:13,000035348,DP SOY SAUCE 385ML,Datu Puti,1,22,SM Supermarket,SM Supermarket - Aura Premier,,,
2381,1963,2024-09-07 20:05:54,2024-09-15 19:31:02,826-015-00261789,$UFC GFP/OL950ML,UFC,1,122,Puregold,Puregold - AMANG RODRIGUEZ,,,
2381,1963,2024-09-07 20:05:54,2024-09-15 19:31:02,826-015-00261789,<< UFC T/A B/KET32,UFC,1,27.5,Puregold,Puregold - AMANG RODRIGUEZ,,,
2381,1963,2024-09-07 20:05:54,2024-09-15 19:31:02,826-015-00261789,DP ADOBO S/HUMBA,Datu Puti,1,37,Puregold,Puregold - AMANG RODRIGUEZ,,,
2381,1963,2024-09-07 20:05:54,2024-09-15 19:31:02,826-015-00261789,JUFRAN SWTCHLSCE90,Jufran,1,19,Puregold,Puregold - AMANG RODRIGUEZ,,,
2381,1963,2024-09-07 20:05:54,2024-09-15 19:31:02,826-015-00261789,LOCALLY CLMNS240ML,Locally,1,30.2,Puregold,Puregold - AMANG RODRIGUEZ,,,
2381,1963,2024-09-07 20:05:54,2024-09-15 19:31:02,826-015-00261789,LOCALLY R/M240ML,Locally,1,33.6,Puregold,Puregold - AMANG RODRIGUEZ,,,
2381,1963,2024-09-07 20:05:54,2024-09-15 19:31:02,826-015-00261789,UFC CRMMUSHROOM70G,UFC,1,43.75,Puregold,Puregold - AMANG RODRIGUEZ,,,
2381,1963,2024-09-07 20:05:54,2024-09-15 19:31:02,826-015-00261789,UFC CRB & CORN60G,UFC,1,49.25,Puregold,Puregold - AMANG RODRIGUEZ,,,
2381,1963,2024-09-07 20:05:54,2024-09-15 19:31:02,826-015-00261789,RR MECHADO 200G,UFC,1,29.75,Puregold,Puregold - AMANG RODRIGUEZ,,,
3778,1965,2024-09-15 18:32:30,2024-09-15 19:59:07,0000193867,UFCGFCANOLA1LDUOPACK,UFC,1,262,Shopwise,"SHOPWISE FESTIVAL MALL, ALABANG",,,
4159,1966,2024-09-15 19:10:00,2024-09-15 20:25:18,010388434 19,JufranSweetChli285,Jufran,1,51,SM Supermarket,SM SUPERMARKET BATANGAS,,,
4159,1966,2024-09-15 19:10:00,2024-09-15 20:25:18,010388434 19,UFC BANANA CATSU 24/320 GRAMS.,UFC,1,24.5,SM Supermarket,SM SUPERMARKET BATANGAS,,,
4159,1966,2024-09-15 19:10:00,2024-09-15 20:25:18,010388434 19,DATU PUTI SOY SAUCE PE 12/1LT,Datu Puti,1,51.5,SM Supermarket,SM SUPERMARKET BATANGAS,,,
4159,1970,2024-09-15 19:13:00,2024-09-15 21:34:46,010388435 19,DATU PUTI WHITE VINEGAR 12/1LT Whi,Datu Puti,1,39.5,SM Supermarket,SM SUPERMARKET BATANGAS,,,
4159,1970,2024-09-15 19:13:00,2024-09-15 21:34:46,010388435 19,GF PALM OIL 1L SUP,Golden Fiesta,1,118.5,SM Supermarket,SM SUPERMARKET BATANGAS,,,
4159,1970,2024-09-15 19:13:00,2024-09-15 21:34:46,010388435 19,MT LECHONSCE HT325,Mang Tomas,1,38.5,SM Supermarket,SM SUPERMARKET BATANGAS,,,
4153,1971,2024-09-14 7:58:51,2024-09-15 22:07:29,0000185715,GS*UFC BNNACTSUP320G,UFC,1,29.75,Robinsons Supermarket,ROBINSONS SUPERMARKET ACACIA ESCALADES,,,
4153,1971,2024-09-14 7:58:51,2024-09-15 22:07:29,0000185715,SLVRSWN PATIS 350ML,Silver Swan,1,23.25,Robinsons Supermarket,ROBINSONS SUPERMARKET ACACIA ESCALADES,,,
4171,1972,2024-09-15 16:16:34,2024-09-15 22:23:20,622-003-00119342,$UFC GFP/OL950ML,UFC,1,122,Puregold,PUREGOLD ILAGAN,,,
4171,1972,2024-09-15 16:16:34,2024-09-15 22:23:20,622-003-00119342,DP TOYOCHILI 250ML,Datu Puti,1,68.75,Puregold,PUREGOLD ILAGAN,,,
4171,1972,2024-09-15 16:16:34,2024-09-15 22:23:20,622-003-00119342,$UFC B/KTCHP H&S32,UFC,1,32,Puregold,PUREGOLD ILAGAN,,,
2431,1981,2024-09-10 19:28:18,2024-09-16 01:19:19,102-011-00110942,$UFC GF CAOLA 2L,UFC,1,235,Puregold,PUREGOLD TAYUMAN,,,
2431,1981,2024-09-10 19:28:18,2024-09-16 01:19:19,102-011-00110942,JUF THAI SCE 750ML,Jufran,1,108.25,Puregold,PUREGOLD TAYUMAN,,,
4190,1985,2024-09-07 20:09:21,2024-09-16 08:57:54,122-007-00375270,DP SOYSCE 1L,Datu Puti,1,51,Puregold,PUREGOLD MONUMENTO,,,
4190,1985,2024-09-07 20:09:21,2024-09-16 08:57:54,122-007-00375270,DP WHT VIN 1L,Datu Puti,1,41.25,Puregold,PUREGOLD MONUMENTO,,,
4190,1985,2024-09-07 20:09:21,2024-09-16 08:57:54,122-007-00375270,$UFC GF SOA OIL 1,UFC,1,172,Puregold,PUREGOLD MONUMENTO,,,
3580,1987,2024-09-15 18:04:00,2024-09-16 09:14:08,00-002977,DPUTI VIN SUP 1LT/12,Datu Puti,1,42.75,WalterMart Supermarket Inc,WALTERMART CARMONA,,,
3580,1987,2024-09-15 18:04:00,2024-09-16 09:14:08,00-002977,DPUTI FSCE PATIS 1LT/12,Datu Puti,1,15.5,WalterMart Supermarket Inc,WALTERMART CARMONA,,,
3580,1987,2024-09-15 18:04:00,2024-09-16 09:14:08,00-002977,DPUTI SCE OYSTER 3S 30G/4,Datu Puti,1,17.5,WalterMart Supermarket Inc,WALTERMART CARMONA,,,
4190,1989,2024-09-14 19:52:46,2024-09-16 09:23:09,122-010-00097924,$UFC GF SOA OIL 1,UFC,1,172,Puregold,PUREGOLD MONUMENTO,,,
4131,1991,2024-09-14 13:57:35,2024-09-16 09:42:51,0000350177,SLVRSWN SOY SCE385ML,Silver Swan,1,23.75,Robinsons Supermarket,ROBINSONS SUPERMARKET RP CAGAYAN DE ORO,,,
4131,1991,2024-09-14 13:57:35,2024-09-16 09:42:51,0000350177,SLVRSWN VNGR 1L,Silver Swan,1,44.75,Robinsons Supermarket,ROBINSONS SUPERMARKET RP CAGAYAN DE ORO,,,
4131,1991,2024-09-14 13:57:35,2024-09-16 09:42:51,0000350177,UFC GF CANOLA OIL 1L,UFC,1,139.5,Robinsons Supermarket,ROBINSONS SUPERMARKET RP CAGAYAN DE ORO,,,
764,1994,2024-09-14 9:46:15,2024-09-16 09:53:41,288-004-00097980,DP SOY SCE 200ML,Datu Puti,60,609,Puregold,Puregold - AMANG RODRIGUEZ,,,
764,1994,2024-09-14 9:46:15,2024-09-16 09:53:41,288-004-00097980,DP SOYSCE 1L,Datu Puti,24,1224,Puregold,Puregold - AMANG RODRIGUEZ,,,
764,1994,2024-09-14 9:46:15,2024-09-16 09:53:41,288-004-00097980,DP WHT VNGR 200ML,Datu Puti,60,462,Puregold,Puregold - AMANG RODRIGUEZ,,,
764,1994,2024-09-14 9:46:15,2024-09-16 09:53:41,288-004-00097980,DP PATIS 1L,Datu Puti,36,2583,Puregold,Puregold - AMANG RODRIGUEZ,,,
764,1994,2024-09-14 9:46:15,2024-09-16 09:53:41,288-004-00097980,DP PATIS SUP 150ML,Datu Puti,60,804,Puregold,Puregold - AMANG RODRIGUEZ,,,
4130,1997,2024-05-05 20:10:05,2024-09-16 10:07:31,0000091371,UFCGFCANOLA1LDUOPACK,UFC,1,258,Robinsons Supermarket,ROBINSONS SUPERMARKET CIRCLE C CONGRESSIONAL,,,
4130,1999,2024-02-23 17:49:26,2024-09-16 10:30:23,0000197367,LOCALLY GUYABANO 1L,Locally,2,170.5,Robinsons Supermarket,ROBINSONS SUPERMARKET CIRCLE C CONGRESSIONAL,,,
4130,2002,2024-06-14 15:19:21,2024-09-16 11:13:47,0000110493,LOCALLY GUYABANO 1L,Locally,1,85.25,Robinsons Supermarket,ROBINSONS SUPERMARKET CIRCLE C CONGRESSIONAL,,,
4130,2003,2024-06-12 14:53:58,2024-09-16 11:24:37,0000228859,LOCALLY GUYABANO 1L,Locally,2,170.5,Robinsons Supermarket,ROBINSONS SUPERMARKET CIRCLE C CONGRESSIONAL,,,
4149,2012,2024-09-15 13:38:00,2024-09-16 11:58:05,010274406,UFC FC YANGCHOW20G,UFC,2,33,SM Hypermarket,HYPERMARKET MARILAO,,,
4149,2012,2024-09-15 13:38:00,2024-09-16 11:58:05,010274406,UFC BANANA CATSUP 18/550G,UFC,1,0,SM Hypermarket,HYPERMARKET MARILAO,,,
3233,2013,2024-09-15 15:47:00,2024-09-16 12:02:56,0200063435,UFC BANANA CATSU 24/320 GRAMS.,UFC,1,28.5,SM Savemore,SAVEMORE SAN ISIDRO,,,
3233,2013,2024-09-15 15:47:00,2024-09-16 12:02:56,0200063435,SLVRSWN PATIS 350ML,Silver Swan,1,24.5,SM Savemore,SAVEMORE SAN ISIDRO,,,
2613,2014,2024-09-16 11:12:33,2024-09-16 12:30:57,0000221357,UFCGFCANOLA1LDUOPACK,UFC,1,255,Robinsons Supermarket,ROBINSONS SUPERMARKET RP TACLOBAN,,,
3519,2021,2024-09-16 13:23:25,2024-09-16 14:36:54,72100500185409,UFC G/F CANOLA 1L,UFC,1,133,Puregold,PUREGOLD JR BALARA QC,,,
4096,2023,2024-09-14 19:20:30,2024-09-16 15:47:43,0000088346,SO*DP SOY SCE 1L,Datu Puti,1,60.75,Robinsons Supermarket,ROBINSONS SUPERMARKET ORMOC CENTRUM,,,
4096,2023,2024-09-14 19:20:30,2024-09-16 15:47:43,0000088346,UFC GF CANOLA 1L SUP,UFC,1,138,Robinsons Supermarket,ROBINSONS SUPERMARKET ORMOC CENTRUM,,,
3887,2024,2024-09-16 16:19:39,2024-09-16 16:43:39,0000035108,GF COOKING OIL 950ML,Golden Fiesta,1,127.5,Robinsons Easymart,EASYMART FRIENDSHIP ANGELES,,,
3887,2026,2024-09-16 16:15:02,2024-09-16 17:32:18,0000035107,GF COOKING OIL 950ML,Golden Fiesta,1,127.5,Robinsons Easymart,Robinsons Easymart - Tabun,,,
3728,2032,2024-09-16 18:38:09,2024-09-16 19:47:48,0000032890,GF PALM OIL 1L SUP,Golden Fiesta,1,121,Robinsons Supermarket,ROBINSONS SUPERMARKET RP OTIS,,,
3728,2032,2024-09-16 18:38:09,2024-09-16 19:47:48,0000032890,HH*PAPABNNACTSUP530G,Papa,1,46,Robinsons Supermarket,ROBINSONS SUPERMARKET RP OTIS,,,
4226,2033,2024-09-15 20:22:00,2024-09-16 19:53:51,010303373,UFC BANANA CATSU 24/320 GRAMS.,UFC,1,24.5,SM Hypermarket,HYPERMARKET LAS PINAS 2 ALABANG ZAPOTE,,,
3919,2035,2024-09-16 15:29:30,2024-09-16 21:01:05,0000020188,DP PRSPCKVIN1LSSCE1L,Datu Puti,1,88,Robinsons Supermarket,ROBINSONS SUPERMARKET CLOVERLEAF,,,
3868,2036,2024-09-16 10:14:50,2024-09-16 21:02:08,0000351577,DP SOY SCE 200ML,Datu Puti,2,24,Robinsons Easymart,EASYMART BONI,,,
3868,2036,2024-09-16 10:14:50,2024-09-16 21:02:08,0000351577,HH*SLVRSWNSOYSC200ML,Silver Swan,2,22,Robinsons Easymart,EASYMART BONI,,,
2576,2037,2024-09-16 16:44:56,2024-09-16 21:25:40,311-003-00045591,UFC G/F CANOLA 1L,UFC,1,248,Puregold,PUREGOLD DASMARIÑAS,,,
2576,2038,2024-09-16 18:44:00,2024-09-16 22:33:00,00-009065,DPUTI VIN 1LT PET/12,Datu Puti,1,43,WalterMart Supermarket Inc,WALTERMART DASMARIÑAS,,,
4226,2039,2024-09-07 18:12:14,2024-09-17 00:20:33,26500300492696,UFC/OCSSCEMT250GSP,UFC,2,178,Puregold,PUREGOLD BAMBOO ORGAN,,,
3726,2040,2024-09-16 18:42:23,2024-09-17 03:14:25,0000164348,UFC B.CATSUP 320GSPC,UFC,1,25.5,Robinsons Supermarket,ROBINSONS SUPERMARKET BANILAD CEBU,,,
3726,2040,2024-09-16 18:42:23,2024-09-17 03:14:25,0000164348,UFC CRM OF MSHRM 70G,UFC,1,262,Robinsons Supermarket,ROBINSONS SUPERMARKET BANILAD CEBU,,,
3726,2040,2024-09-16 18:42:23,2024-09-17 03:14:25,0000164348,UFCGFCANOLA1LDUOPACK,UFC,1,24.75,Robinsons Supermarket,ROBINSONS SUPERMARKET BANILAD CEBU,,,
3887,2041,2024-09-16 16:19:39,2024-09-17 07:52:12,0000035108,GF COOKING OIL 950ML,Golden Fiesta,1,127.5,Robinsons Supermarket,ROBINSONS SUPERMARKET MABALACAT,,,
3883,2044,2024-09-15 13:13:11,2024-09-17 09:56:45,133-002-00299113,$UFC GF CNLA OIL1,UFC,1,134,Puregold,PUREGOLD BACOOR CAVITE,,,
3883,2044,2024-09-15 13:13:11,2024-09-17 09:56:45,133-002-00299113,UFC FC YANGCHOW20G,UFC,2,30,Puregold,PUREGOLD BACOOR CAVITE,,,
3887,2047,2024-09-17 9:14:49,2024-09-17 10:31:29,140-011-00253225,DP WHT VIN 1L,Datu Puti,1,41.25,Puregold,PUREGOLD ANGELES,,,
3271,2050,2024-09-17 11:57:00,2024-09-17 12:28:18,12-00279649,DP SOYSCE 1L,Datu Puti,1,51,SM Savemore,SAVEMORE SAN ILDEFONSO BULACAN,,,
3271,2050,2024-09-17 11:57:00,2024-09-17 12:28:18,12-00279649,DP VINEGAR 1L SUP,Datu Puti,1,43,SM Savemore,SAVEMORE SAN ILDEFONSO BULACAN,,,
3271,2050,2024-09-17 11:57:00,2024-09-17 12:28:18,12-00279649,GOLDEN FIESTA CORN OIL 1L/12 1,Golden Fiesta,1,204.5,SM Savemore,SAVEMORE SAN ILDEFONSO BULACAN,,,
3734,2051,2024-09-17 8:26:32,2024-09-17 12:28:19,0000012844,DP SOY SCE 200ML,Datu Puti,1,12,Robinsons Easymart,EASYMART PILILIA,,,
3734,2051,2024-09-17 8:26:32,2024-09-17 12:28:19,0000012844,GF COOKING OIL 950ML,Golden Fiesta,1,127.5,Robinsons Easymart,EASYMART PILILIA,,,
3919,2052,2024-09-11 15:23:14,2024-09-17 13:55:20,0000018952,CC*SLRSWNSUKA PUTI1L,Silver Swan,1,44.5,Robinsons Supermarket,ROBINSONS SUPERMARKET CLOVERLEAF,,,
3919,2052,2024-09-11 15:23:14,2024-09-17 13:55:20,0000018952,SLVR SWN SOY SCE1L,Silver Swan,1,54,Robinsons Supermarket,ROBINSONS SUPERMARKET CLOVERLEAF,,,
3319,2053,2024-09-13 10:52:38,2024-09-17 14:02:01,0000396142,CC*MT LCHNSCEREG325G,Mang Tomas,1,39.5,Robinsons Supermarket,Robinsons Supermarket - California Garden Square,,,
3319,2053,2024-09-13 10:52:38,2024-09-17 14:02:01,0000396142,GS*UFC BNNACTSUP320G,UFC,1,29.75,Robinsons Supermarket,Robinsons Supermarket - California Garden Square,,,
3319,2053,2024-09-13 10:52:38,2024-09-17 14:02:01,0000396142,UFC SWTCHLI SCE 340G,UFC,1,45.25,Robinsons Supermarket,Robinsons Supermarket - California Garden Square,,,
1053,2059,2024-09-16 9:16:13,2024-09-17 15:27:24,0000321454,UFC GF CANOLA OIL 1L,UFC,1,139.5,Robinsons Supermarket,ROBINSONS SUPERMARKET RP DASMARINAS,,,
4271,2066,2024-09-10 16:49:54,2024-09-17 17:27:18,24201000181789,UFC G/F CANOLA 1L,UFC,1,133,Puregold,PUREGOLD JUNIOR ALIW THEATER MEYCAUAYAN,,,
3887,2069,2024-09-16 16:15:02,2024-09-17 19:04:20,0000035107,GF COOKING OIL 950ML,Golden Fiesta,1,127.5,Robinsons Supermarket,ROBINSONS SUPERMARKET MABALACAT,,,
3166,2070,2024-09-16 15:55:00,2024-09-17 19:54:17,04-00167559,UFC BANANA CATSU 24/320 GRAMS.,UFC,1,24.5,SM Savemore,SAVEMORE AGORA LUCENA,,,
1909,2074,2024-09-17 14:07:00,2024-09-18 06:49:05,07-00215038,DATU PUTI WHITE VINEGAR 12/1LT Whi,Datu Puti,1,39.5,SM Savemore,SAVEMORE ROXAS,,,
3734,2085,2024-09-18 7:39:58,2024-09-18 16:46:37,0000012984,DP SOY SCE 200ML,Datu Puti,1,12,Robinsons Easymart,EASYMART PILILIA,,,
3734,2085,2024-09-18 7:39:58,2024-09-18 16:46:37,0000012984,GF PALM OIL 500MLSUP,Golden Fiesta,1,74,Robinsons Easymart,EASYMART PILILIA,,,
733,2086,2024-09-16 13:44:54,2024-09-18 20:38:24,85700500108890,DP WHT VIN 1L,Datu Puti,12,495,Puregold,PUREGOLD - NUEVA ECIJA,,,
733,2086,2024-09-16 13:44:54,2024-09-18 20:38:24,85700500108890,DP SOYSCE 1L,Datu Puti,12,612,Puregold,PUREGOLD - NUEVA ECIJA,,,
4150,2088,2024-09-01 10:56:13,2024-09-18 22:27:42,64100900000525,UFC GROUND PEPPER30G,UFC,1,48.25,Puregold,PUREGOLD MALINTA,,,
3206,2090,2024-09-18 11:04:35,2024-09-19 07:44:43,858-004-00513201,$UFC GFP/OL1LSUP,UFC,1,119,Puregold,PUREGOLD CENTRO SANTIAGO,,,
930,2091,2024-09-14 15:51:57,2024-09-19 07:53:34,0000312216,UFC CHCKN AND CRN60G,UFC,1,51,Robinsons Easymart,Robinsons Easymart - Cebu South Road Pardo,,,
930,2093,2024-09-01 17:40:01,2024-09-19 07:53:44,0000223957,DP SOY SCE PCH 340ML,Datu Puti,1,19.75,Robinsons Easymart,Robinsons Easymart - Cebu South Road Pardo,,,
2853,2097,2024-09-17 18:05:00,2024-09-19 10:21:08,00026898,DPUTI SCE SOY PET 1LT/12,Datu Puti,1,53,WalterMart Supermarket Inc,WALTERMART PANIQUI,,,
2853,2097,2024-09-17 18:05:00,2024-09-19 10:21:08,00026898,DPUTI VIN 1LT PET/12,Datu Puti,1,43,WalterMart Supermarket Inc,WALTERMART PANIQUI,,,
2853,2098,2024-09-17 18:04:00,2024-09-19 10:27:09,00-026896,DPUTI VIN PET 1.893LT/8,Datu Puti,1,87,WalterMart Supermarket Inc,WALTERMART PANIQUI,,,
2853,2098,2024-09-17 18:04:00,2024-09-19 10:27:09,00-026896,DPUTI SCE SOY PET 385ML/2,Datu Puti,1,23,WalterMart Supermarket Inc,WALTERMART PANIQUI,,,
2853,2100,2024-09-17 18:05:00,2024-09-19 10:43:31,00-026898,DPUTI SCE SOY PET 1LT/12,Datu Puti,1,53,WalterMart Supermarket Inc,WALTERMART PANIQUI,,,
2853,2100,2024-09-17 18:05:00,2024-09-19 10:43:31,00-026898,DPUTI VIN 1LT PET/12,Datu Puti,1,43,WalterMart Supermarket Inc,WALTERMART PANIQUI,,,
4305,2102,2024-09-18 18:01:21,2024-09-19 10:54:33,0000140599,CC*MT LCHNSCEREG325G,Mang Tomas,1,38.5,Robinsons Supermarket,ROBINSONS SUPERMARKET RP ERMITA,,,
4305,2102,2024-09-18 18:01:21,2024-09-19 10:54:33,0000140599,CC*SLVRSWN SOY SCE1L,Silver Swan,1,57.75,Robinsons Supermarket,ROBINSONS SUPERMARKET RP ERMITA,,,
4305,2102,2024-09-18 18:01:21,2024-09-19 10:54:33,0000140599,GS*UFC BNNACTSUP320G,UFC,1,28.5,Robinsons Supermarket,ROBINSONS SUPERMARKET RP ERMITA,,,
4305,2102,2024-09-18 18:01:21,2024-09-19 10:54:33,0000140599,SO*DP WHT VNGR 1LX12,Datu Puti,1,42.75,Robinsons Supermarket,ROBINSONS SUPERMARKET RP ERMITA,,,
4305,2102,2024-09-18 18:01:21,2024-09-19 10:54:33,0000140599,UFC GRAVY 50G × 72,UFC,2,20,Robinsons Supermarket,ROBINSONS SUPERMARKET RP ERMITA,,,
4305,2102,2024-09-18 18:01:21,2024-09-19 10:54:33,0000140599,UFCGFCANOLA1LDUOPACK,UFC,1,255,Robinsons Supermarket,ROBINSONS SUPERMARKET RP ERMITA,,,
3593,2105,2024-08-07 17:44:56,2024-09-19 12:41:38,731-005-00609431,UFC G/F CANOLA 1L,UFC,1,133,Puregold,PUREGOLD JR PANDACAN,,,
3593,2105,2024-08-07 17:44:56,2024-09-19 12:41:38,731-005-00609431,SS SPCL PATIS350ML,Silver Swan,1,23.25,Puregold,PUREGOLD JR PANDACAN,,,
3593,2107,2024-08-26 18:01:49,2024-09-19 13:41:43,73100500615377,S/SWAN SOY340/350M,Silver Swan,1,19.25,Puregold,PUREGOLD JR PANDACAN,,,
3593,2107,2024-08-26 18:01:49,2024-09-19 13:41:43,73100500615377,$UFC GF CNLA OIL1,UFC,1,134,Puregold,PUREGOLD JR PANDACAN,,,
3593,2108,2024-09-17 17:38:01,2024-09-19 13:57:50,731-015-00276551,$UFC GF CNLA OIL1,UFC,1,134,Puregold,PUREGOLD JR PANDACAN,,,
3593,2108,2024-09-17 17:38:01,2024-09-19 13:57:50,731-015-00276551,<< UFC T/A B/KET32,UFC,1,27.5,Puregold,PUREGOLD JR PANDACAN,,,
1681,2109,2024-09-12 9:16:00,2024-09-19 14:28:25,2500266146,GF PALM OIL 1L SUP,Golden Fiesta,1,118.5,SM Savemore,SAVEMORE APALIT,,,
3734,2110,2024-09-19 9:05:25,2024-09-19 15:39:00,0000013125,DP PRSPCKVIN1LSSCE1L,Datu Puti,1,96,Robinsons Easymart,EASYMART 100 WEST MAKATI,,,
3734,2110,2024-09-19 9:05:25,2024-09-19 15:39:00,0000013125,GF PALM OIL 1L SUP,Golden Fiesta,1,124.25,Robinsons Easymart,EASYMART 100 WEST MAKATI,,,
3519,2114,2024-09-19 14:42:55,2024-09-19 15:58:14,13502200342005,UFC G/F CANOLA 1L,UFC,1,133,Puregold,PUREGOLD NORTH COMMONWEALTH,,,
3519,2114,2024-09-19 14:42:55,2024-09-19 15:58:14,13502200342005,DP VINEGAR 1L SUP,Datu Puti,1,39.75,Puregold,PUREGOLD NORTH COMMONWEALTH,,,
1681,2116,2024-08-18 13:37:00,2024-09-19 16:55:03,000103821,GF PALM OIL 1L SUP,Golden Fiesta,1,118.5,Gaisano Metro,METRO - ANGELES,,,
2464,2117,2024-09-17 15:01:07,2024-09-19 17:00:22,0000011665,GF PALM OIL 500MLSUP,Golden Fiesta,1,73.5,Robinsons Supermarket,ROBINSONS SUPERMARKET TOWNVILLE REGALADO FAIRVIEW,,,
3593,2118,2024-09-01 13:46:56,2024-09-19 19:44:22,0000004268,CC*SLRSWNSUKA PUTI1L,Silver Swan,1,444.5,Robinsons Supermarket,ROBINSONS SUPERMARKET RP STA ROSA,,,
3593,2118,2024-09-01 13:46:56,2024-09-19 19:44:22,0000004268,UFCGFCANOLA1LDUOPACK,UFC,1,255,Robinsons Supermarket,ROBINSONS SUPERMARKET RP STA ROSA,,,
2064,2119,2024-09-19 11:01:00,2024-09-19 21:34:13,00032078,*MDF_UFC BKTCHP REG 1KG/1,UFC,1,69.5,WalterMart Supermarket Inc,WALTERMART CABANATUAN,,,
2879,2120,2024-09-19 16:22:00,2024-09-19 22:16:50,1500052263,DP SOY SAUCE 385ML,Datu Puti,1,22,SM Savemore,SAVEMORE KALIBO,,,
2879,2120,2024-09-19 16:22:00,2024-09-19 22:16:50,1500052263,DATU PUTI VINEGAR JUMBO 30/385,Datu Puti,1,19.5,SM Savemore,SAVEMORE KALIBO,,,
1681,2121,2024-08-18 13:37:50,2024-09-20 08:11:32,000103871,GF PALM OIL 1L SUP,Golden Fiesta,1,118.5,SM Supermarket,SM SUPERMARKET PAMPANGA,,,
1681,2122,2024-08-18 20:40:50,2024-09-20 08:11:32,000103871,GF PALM OIL 1L SUP,Golden Fiesta,1,118.5,SM Supermarket,SM SUPERMARKET PAMPANGA,,,
3011,2127,2024-09-20 7:50:18,2024-09-20 08:31:24,28100300535879,UFC S/FST C/OILP1L,UFC,1,118.75,Puregold,PUREGOLD JR BAYAMBANG,,,
3887,2128,2024-09-20 8:49:45,2024-09-20 09:36:48,140-009-00480461,$UFC GFP/OL 2L,UFC,1,220,Puregold,PUREGOLD ANGELES,,,
4130,2136,2024-09-20 9:30:00,2024-09-20 10:41:37,010271110,UFC BANANA CATSU 24/320 GRAMS.,UFC,1,28.5,SM Hypermarket,HYPERMARKET CHERRY CONGRESSIONAL,,,
4130,2136,2024-09-20 9:30:00,2024-09-20 10:41:37,010271110,UFC GI/BAG REG250G,UFC,1,91.5,SM Hypermarket,HYPERMARKET CHERRY CONGRESSIONAL,,,
2395,2140,2024-09-20 19:42:01,2024-09-20 19:51:18,0000022591,GF PALM OIL 1L SUP,Golden Fiesta,1,121,Robinsons Supermarket,Robinsons Supermarket - Ormoc,,,
2395,2140,2024-09-20 19:42:01,2024-09-20 19:51:18,0000022591,MT LECHONSCE HOT325G,Mang Tomas,1,40.5,Robinsons Supermarket,Robinsons Supermarket - Ormoc,,,
3734,2141,2024-09-20 18:52:00,2024-09-20 20:20:22,1000180800,$UFC GFP/OL950ML,UFC,2,245,SM Savemore,SaveMore Tanauan,,,
4083,2147,2024-09-20 17:07:00,2024-09-21 04:14:46,00-018451,GFSTA OIL CANOLA SUP 1LT/,Golden Fiesta,1,118.5,WalterMart Supermarket Inc,WALTERMART NORTH EDSA,,,
1681,2157,2024-06-30 18:04:00,2024-09-21 13:51:23,2300186559,GF PALM OIL 1L SUP,Golden Fiesta,1,118.5,SM Savemore,SAVEMORE APALIT,,,
930,2159,2024-06-21 13:33:16,2024-09-21 14:21:53,0000167938,SO*DP SOY SCE 1L,Datu Puti,1,57,Robinsons Easymart,Robinsons Easymart - Cebu South Road Pardo,,,
930,2159,2024-06-21 13:33:16,2024-09-21 14:21:53,0000167938,UFC CHCKN AND CRN60G,UFC,1,51,Robinsons Easymart,Robinsons Easymart - Cebu South Road Pardo,,,
4021,2170,2024-09-20 16:18:32,2024-09-22 10:57:15,720-006-00409196,DP PATIS 350ML,Datu Puti,3,40.2,Puregold,PUREGOLD JR SAN JOSE DEL MONTE BULACAN,,,
4021,2170,2024-09-20 16:18:32,2024-09-22 10:57:15,720-006-00409196,DP SOY SCE 200ML,Datu Puti,3,29.85,Puregold,PUREGOLD JR SAN JOSE DEL MONTE BULACAN,,,
3985,2171,2024-09-22 10:09:33,2024-09-22 11:08:03,645-009-00030133,$UFC T/A B/KTCHP1K,UFC,1,70,Puregold,PUREGOLD SAN ROQUE,,,
3985,2171,2024-09-22 10:09:33,2024-09-22 11:08:03,645-009-00030133,HAPI FSTA VEG 1L,Hapi Fiesta,1,113,Puregold,PUREGOLD SAN ROQUE,,,
3985,2171,2024-09-22 10:09:33,2024-09-22 11:08:03,645-009-00030133,UFC WHL MSHRM 400G,UFC,1,59.15,Puregold,PUREGOLD SAN ROQUE,,,
4130,2172,2024-09-22 9:36:12,2024-09-22 11:31:15,0000027389,LOCALLY DALANDAN 1L,Locally,1,89.75,Robinsons Supermarket,ROBINSONS SUPERMARKET CIRCLE C CONGRESSIONAL,,,
4130,2172,2024-09-22 9:36:12,2024-09-22 11:31:15,0000027389,LOCALLY GRFRUIT 1L,Locally,1,142.25,Robinsons Supermarket,ROBINSONS SUPERMARKET CIRCLE C CONGRESSIONAL,,,
4130,2172,2024-09-22 9:36:12,2024-09-22 11:31:15,0000027389,LOCALLY MANGOSTEEN1L,Locally,1,142.25,Robinsons Supermarket,ROBINSONS SUPERMARKET CIRCLE C CONGRESSIONAL,,,
3285,2173,2024-09-22 9:46:21,2024-09-22 14:06:04,0000650274,CC*MT LCHNSCEREG325G,Mang Tomas,1,38.5,Robinsons Supermarket,ROBINSONS SUPERMARKET SAN CARLOS,,,
3285,2173,2024-09-22 9:46:21,2024-09-22 14:06:04,0000650274,UFC FC BC BBG RMX25G,UFC,2,42,Robinsons Supermarket,ROBINSONS SUPERMARKET SAN CARLOS,,,
3285,2173,2024-09-22 9:46:21,2024-09-22 14:06:04,0000650274,UFC FUNCHOWSEAFOOD20,UFC,2,28.5,Robinsons Supermarket,ROBINSONS SUPERMARKET SAN CARLOS,,,
3285,2173,2024-09-22 9:46:21,2024-09-22 14:06:04,0000650274,UFC GF BGCRNCH BM60G,UFC,2,30,Robinsons Supermarket,ROBINSONS SUPERMARKET SAN CARLOS,,,
3734,2174,2024-09-22 7:53:26,2024-09-22 15:02:02,0000013895,UFCGFCANOLA1LDUOPACK,UFC,1,258,Robinsons Supermarket,Robinsons Supermarket - PILILIA ,,,
3747,2176,2024-09-22 18:08:00,2024-09-22 19:29:20,000120853,DP VINEGAR 1L SUP,Datu Puti,1,43,SM Hypermarket,HYPERMARKET TAYTAY,,,
3747,2176,2024-09-22 18:08:00,2024-09-22 19:29:20,000120853,DP SPICD VIN750ML,Datu Puti,1,86.5,SM Hypermarket,HYPERMARKET TAYTAY,,,
1704,2179,2024-09-22 18:20:00,2024-09-22 21:35:39,000301073,GOLDEN FIESTA CANOLA OIL 1L/12,Golden Fiesta,1,134,SM Supermarket,SM SUPERMARKET NAGA,,,
930,2183,2024-09-22 19:26:01,2024-09-23 07:35:54,0000168548,UFC CHCKN AND CRN60G,UFC,1,51,Robinsons Easymart,Robinsons Easymart - Cebu South Road Pardo,,,
3206,2184,2024-09-23 10:14:00,2024-09-23 14:10:03,0300185677,GF PALM OIL 1L SUP,Golden Fiesta,1,118.5,SM Savemore,SAVEMORE SANTIAGO 1,,,
2827,2185,2024-09-23 11:58:04,2024-09-23 15:28:25,0000023384,HF VEG OIL 900ML DUO,Hapi Fiesta,1,215.75,Robinsons Easymart,EASTMART - BETTER LIVING PARANAQUE,,,
4357,2188,2024-09-23 16:52:00,2024-09-24 08:01:22,0500179231,GOLDEN FIESTA CANOLA OIL 1L/12,Golden Fiesta,1,134,SM Savemore,SAVEMORE ASINGAN,,,
3206,2189,2024-09-23 10:13:00,2024-09-24 09:58:47,03-00185676,GF PALM OIL 1L SUP,Golden Fiesta,1,118.5,SM Savemore,SAVEMORE SANTIAGO 1,,,
3206,2190,2024-09-23 10:13:00,2024-09-24 09:58:48,0300185676,GF PALM OIL 1L SUP,Golden Fiesta,1,118.5,SM Savemore,SAVEMORE SANTIAGO 1,,,
3734,2192,2024-09-24 8:29:04,2024-09-24 11:44:11,0000014329,DP SOY SCE PCH 340ML,Datu Puti,1,19.75,Robinsons Supermarket,Robinsons Supermarket - PILILIA ,,,
3734,2192,2024-09-24 8:29:04,2024-09-24 11:44:11,0000014329,GF COOKING OIL 950ML,Golden Fiesta,1,127.5,Robinsons Supermarket,Robinsons Supermarket - PILILIA ,,,
3883,2194,2024-09-23 11:57:33,2024-09-24 16:21:30,13300200300201,$UFC GF CNLA OIL1,UFC,1,134,Puregold,PUREGOLD BACOOR CAVITE,,,
3883,2194,2024-09-23 11:57:33,2024-09-24 16:21:30,13300200300201,UFC SWT CHILI 340,UFC,1,41.6,Puregold,PUREGOLD BACOOR CAVITE,,,
4185,2195,2024-09-23 17:51:00,2024-09-24 16:36:44,000281082,DP VINEGAR 1L SUP,Datu Puti,1,43,SM Supermarket,SM SUPERMARKET SANGANDAAN,,,
4185,2195,2024-09-23 17:51:00,2024-09-24 16:36:44,000281082,DPUTI SCE SOY 350ML/24,Datu Puti,1,19.5,SM Supermarket,SM SUPERMARKET SANGANDAAN,,,
4271,2200,2024-09-24 17:28:00,2024-09-24 18:29:39,000366320,GOLDEN FIESTA CANOLA OIL 1L/12,Golden Fiesta,1,134,SM Hypermarket,HYPERMARKET MARILAO,,,
2661,2201,2024-09-15 11:08:00,2024-09-24 18:44:52,0400061461,UFC PIECES AND STEM 48/198G,UFC,2,69,SM Savemore,SAVEMORE BUCANDALA IMUS,,,
2661,2201,2024-09-15 11:08:00,2024-09-24 18:44:52,0400061461,DP VINEGAR 1L SUP,Datu Puti,1,43,SM Savemore,SAVEMORE BUCANDALA IMUS,,,
2661,2201,2024-09-15 11:08:00,2024-09-24 18:44:52,0400061461,GF PALM OIL 1L SUP,Golden Fiesta,1,118.5,SM Savemore,SAVEMORE BUCANDALA IMUS,,,
3734,2206,2024-09-25 7:54:09,2024-09-25 11:41:58,0000251131,GF COOKING OIL 950ML,Golden Fiesta,1,127.5,Robinsons Easymart,EASYMART PILILIA,,,
1704,2207,2024-09-25 11:31:00,2024-09-25 12:01:35,1500274722,GOLDEN FIESTA CANOLA OIL 1L/12,Golden Fiesta,1,134,SM Savemore,SAVEMORE PILI,,,
3919,2211,2024-09-25 15:02:57,2024-09-25 15:17:59,0000108095,GOLDENSAVERSDUOPACK,Golden Fiesta,1,217,Robinsons Supermarket,Robinsons Supermarket - Rockwell Drive,,,
3919,2211,2024-09-25 15:02:57,2024-09-25 15:17:59,0000108095,GS*UFC BNNACTSUP320G,UFC,1,28.5,Robinsons Supermarket,Robinsons Supermarket - Rockwell Drive,,,
752,2215,2024-09-11 19:48:01,2024-09-26 06:22:14,0001195083,SO*DP SOY SCE 1L,Datu Puti,1,60.75,Robinsons Supermarket,Robinsons Supermarket - Rockwell Drive,,,
4379,2216,2024-09-25 17:09:26,2024-09-26 08:19:25,44600400160477,DP WHT VIN 1L,Datu Puti,1,41.25,Puregold,PUREGOLD SAN VICENTE PACITA COMPLEX LAGUNA,,,
4379,2216,2024-09-25 17:09:26,2024-09-26 08:19:25,44600400160477,$UFC GFP/OL950ML,UFC,1,122,Puregold,PUREGOLD SAN VICENTE PACITA COMPLEX LAGUNA,,,
4379,2216,2024-09-25 17:09:26,2024-09-26 08:19:25,44600400160477,DP SOYSCE 1L,Datu Puti,1,51,Puregold,PUREGOLD SAN VICENTE PACITA COMPLEX LAGUNA,,,
3734,2218,2024-09-26 9:49:23,2024-09-26 12:10:48,0000251525,DP SOY SCE 200ML,Datu Puti,1,12,Robinsons Easymart,EASYMART PILILIA,,,
3734,2218,2024-09-26 9:49:23,2024-09-26 12:10:48,0000251525,GF COOKING OIL 950ML,Golden Fiesta,1,127.5,Robinsons Easymart,EASYMART PILILIA,,,
4130,2219,2024-09-26 12:58:41,2024-09-26 14:05:19,0000028660,CC*MT LCHNSCEREG325G,Mang Tomas,1,38.5,Robinsons Supermarket,ROBINSONS SUPERMARKET CIRCLE C CONGRESSIONAL,,,
4130,2219,2024-09-26 12:58:41,2024-09-26 14:05:19,0000028660,SLVRWOW SARAP8GX12MP,Silver Swan,1,33,Robinsons Supermarket,ROBINSONS SUPERMARKET CIRCLE C CONGRESSIONAL,,,
4130,2219,2024-09-26 12:58:41,2024-09-26 14:05:19,0000028660,UFC CHCKN AND CRN60G,UFC,1,49.5,Robinsons Supermarket,ROBINSONS SUPERMARKET CIRCLE C CONGRESSIONAL,,,
4130,2219,2024-09-26 12:58:41,2024-09-26 14:05:19,0000028660,UFC CRAB AND CORN60G,UFC,1,49.5,Robinsons Supermarket,ROBINSONS SUPERMARKET CIRCLE C CONGRESSIONAL,,,
4171,2220,2024-09-26 15:24:33,2024-09-26 15:31:07,62200700144743,$UFC B/KTCHP H&S32,UFC,1,32,Puregold,PUREGOLD BIÑAN LAGUNA,,,
4171,2220,2024-09-26 15:24:33,2024-09-26 15:31:07,62200700144743,UFC SPICIER 100G,UFC,1,25.05,Puregold,PUREGOLD BIÑAN LAGUNA,,,
4171,2220,2024-09-26 15:24:33,2024-09-26 15:31:07,62200700144743,DP PATIS 1L,Datu Puti,1,71.75,Puregold,PUREGOLD BIÑAN LAGUNA,,,
4171,2220,2024-09-26 15:24:33,2024-09-26 15:31:07,62200700144743,$UFC GFP/OL1LSUP,UFC,1,119,Puregold,PUREGOLD BIÑAN LAGUNA,,,
4091,2221,2024-09-26 16:58:46,2024-09-26 18:31:35,12002800006611,UFC WHLCORNKRN185G,UFC,1,34.5,Puregold,PUREGOLD MEYCAUAYAN BULACAN,,,
4091,2221,2024-09-26 16:58:46,2024-09-26 18:31:35,12002800006611,UFC FC YANGCHOW20G,UFC,2,30,Puregold,PUREGOLD MEYCAUAYAN BULACAN,,,
3206,2222,2024-09-25 12:20:00,2024-09-26 20:14:15,2000111354,GF PALM OIL 1L SUP,Golden Fiesta,1,118.5,SM Savemore,SAVEMORE SANTIAGO 1,,,
3887,2224,2024-09-27 7:57:44,2024-09-27 08:37:31,14000900481916,$UFC GFP/OL1LSUP,UFC,1,119,Puregold,PUREGOLD SAN NICOLAS,,,
2664,2227,2024-09-27 9:55:00,2024-09-27 10:10:49,06-00097801,GF PALM OIL 1L SUP,Golden Fiesta,1,118.5,SM Savemore,SAVEMORE BAGBAGUIN,,,
3206,2228,2024-09-25 12:19:00,2024-09-27 11:09:15,20-00111353,GF PALM OIL 1L SUP,Golden Fiesta,1,118.5,SM Savemore,SAVEMORE SANTIAGO 2,,,
3206,2229,2024-09-25 12:19:00,2024-09-27 11:09:15,2000111353,GF PALM OIL 1L SUP,Golden Fiesta,1,118.5,SM Savemore,SAVEMORE SANTIAGO 1,,,
3985,2230,2024-09-27 11:07:06,2024-09-27 12:09:16,645-007-00049542,DP VINEGAR 1L SUP,Datu Puti,1,39.75,Puregold,PUREGOLD CIRCUMFERENTIAL ROAD ANTIPOLO,,,
3985,2230,2024-09-27 11:07:06,2024-09-27 12:09:16,645-007-00049542,M.TOMAS LCHNSCE325,Mang Tomas,1,35,Puregold,PUREGOLD CIRCUMFERENTIAL ROAD ANTIPOLO,,,
3985,2230,2024-09-27 11:07:06,2024-09-27 12:09:16,645-007-00049542,UFC SWT CHILI 340,UFC,1,41.6,Puregold,PUREGOLD CIRCUMFERENTIAL ROAD ANTIPOLO,,,
3985,2230,2024-09-27 11:07:06,2024-09-27 12:09:16,645-007-00049542,DP PATIS 350ML,Datu Puti,1,25,Puregold,PUREGOLD CIRCUMFERENTIAL ROAD ANTIPOLO,,,
4131,2231,2024-09-21 10:31:54,2024-09-27 13:55:29,0000118572,SLVRSWN SOY SCE385ML,Silver Swan,1,23.75,Robinsons Supermarket,ROBINSONS SUPERMARKET RP CAGAYAN DE ORO,,,
4131,2231,2024-09-21 10:31:54,2024-09-27 13:55:29,0000118572,UFC GF CANOLA OIL 1L,UFC,1,139.5,Robinsons Supermarket,ROBINSONS SUPERMARKET RP CAGAYAN DE ORO,,,
3734,2234,2024-09-27 9:51:08,2024-09-27 15:27:19,0000014571,GF COOKING OIL 950ML,Golden Fiesta,2,255,Robinsons Easymart,EASYMART PILILIA,,,
3734,2234,2024-09-27 9:51:08,2024-09-27 15:27:19,0000014571,SO*DP SOY SCE 1L,Datu Puti,1,57,Robinsons Easymart,EASYMART PILILIA,,,
3734,2238,2024-09-02 9:02:11,2024-09-28 10:56:26,0000014873,GF COOKING OIL 950ML,Golden Fiesta,1,127.5,Robinsons Supermarket,Robinsons Supermarket - PILILIA ,,,
3734,2239,2024-09-28 9:02:11,2024-09-28 10:56:26,0000014873,GF COOKING OIL 950ML,Golden Fiesta,1,127.5,Robinsons Supermarket,Robinsons Supermarket - Rockwell Drive,,,
1681,2240,2024-09-12 9:16:00,2024-09-28 11:58:31,25-00266146,GF PALM OIL 1L SUP,Golden Fiesta,1,118.5,SM Savemore,SAVEMORE APALIT,,,
3879,2245,2024-09-28 12:06:54,2024-09-28 13:58:53,0000095613,GF COOKING OIL 950ML,Golden Fiesta,1,127.5,Robinsons Supermarket,ROBINSONS SUPERMARKET PORTA VAGA MALL BAGUIO,,,
2750,2248,2024-09-24 11:35:58,2024-09-28 14:44:49,29800700346283,<< UFC T/A B/KET32,UFC,1,26,Puregold,PUREGOLD TUNGKONG MANGGA,,,
2750,2248,2024-09-24 11:35:58,2024-09-28 14:44:49,29800700346283,M.TOMAS LCHNSCE325,Mang Tomas,1,35,Puregold,PUREGOLD TUNGKONG MANGGA,,,
4527,2249,2024-09-27 17:02:15,2024-09-28 15:50:34,39600400390578,DPOYSTERRIFIC430G,Datu Puti,1,93,Puregold,PUREGOLD SUBIC (FORMER PUREGOLD JR SUBIC BARACA),,,
3728,2251,2024-09-24 19:01:00,2024-09-28 16:16:26,0400213063,UFCGFCANOLA1LDUOPACK,UFC,1,212,SM Savemore,SAVEMORE NAGTAHAN,,,
4130,2252,2024-09-28 15:11:00,2024-09-28 16:45:09,00024802,LCLY JUICE GUYABANO 1L/12,Locally,2,212,WalterMart Supermarket Inc,WALTERMART NORTH EDSA,,,
2280,2253,2024-09-28 17:27:24,2024-09-28 18:14:22,0000670008,GF PALM OIL 1L SUP,Golden Fiesta,2,242,Robinsons Supermarket,ROBINSONS SUPERMARKET DOÑA CARMEN,,,
2576,2255,2024-09-28 14:20:00,2024-09-28 18:18:13,00014895,DPUTI FSCE PATIS PET 350M,Datu Puti,1,26.25,WalterMart Supermarket Inc,WALTERMART DASMARIÑAS,,,
2576,2255,2024-09-28 14:20:00,2024-09-28 18:18:13,00014895,DPUTI VIN 1LT PET/12,Datu Puti,1,43,WalterMart Supermarket Inc,WALTERMART DASMARIÑAS,,,
4552,2256,2024-05-28 15:38:00,2024-09-28 18:51:26,0200024282,SSwan SoySce 19L,Silver Swan,1,53.5,SM Savemore,SAVEMORE NAGTAHAN,,,
2499,2257,2024-09-28 20:38:35,2024-09-28 20:30:56,0365623,UFC GOLDEN FIESTA CANOLA OIL SUP,UFC,1,137.85,Gaisano Metro,Gaisano Metro - Wester Barangay,,,
2499,2257,2024-09-28 20:38:35,2024-09-28 20:30:56,0365623,DPUTI VIN PET 1.893LT/8,Datu Puti,1,83.2,Gaisano Metro,Gaisano Metro - Wester Barangay,,,
2499,2257,2024-09-28 20:38:35,2024-09-28 20:30:56,0365623,PAPA CATSUP 320G,Papa,1,24.75,Gaisano Metro,Gaisano Metro - Wester Barangay,,,
4467,2260,2024-09-28 15:41:04,2024-09-28 22:44:20,0000359224,HH*SLVRSWNSOYSC200ML,Silver Swan,1,11,Robinsons Supermarket,ROBINSONS SUPERMARKET MINGLANILLA,,,
4467,2260,2024-09-28 15:41:04,2024-09-28 22:44:20,0000359224,SLVRSWN SUKPTI200ML,Silver Swan,1,8.25,Robinsons Supermarket,ROBINSONS SUPERMARKET MINGLANILLA,,,
3206,2262,2024-09-27 11:47:41,2024-09-29 04:23:14,0000177235,GF PALM OIL 1L SUP,Golden Fiesta,1,121,Robinsons Supermarket,ROBINSONS SUPERMARKET RP SANTIAGO,,,
3488,2266,2024-09-28 18:11:00,2024-09-29 06:31:17,00-022516,DPUTI VIN 1LT PET/12,Datu Puti,1,43,WalterMart Supermarket Inc,WALTERMART WILCON CITY CENTER,,,
3488,2266,2024-09-28 18:11:00,2024-09-29 06:31:17,00-022516,GFSTA OIL CANOLA 1LT/12,Golden Fiesta,1,136.5,WalterMart Supermarket Inc,WALTERMART WILCON CITY CENTER,,,
3488,2266,2024-09-28 18:11:00,2024-09-29 06:31:17,00-022516,DPUTI SCE SOY 350ML/24,Datu Puti,1,19,WalterMart Supermarket Inc,WALTERMART WILCON CITY CENTER,,,
4607,2267,2024-09-28 19:25:04,2024-09-29 11:43:54,318-007-00245753,GFSTA/POC485MLPI,Golden Fiesta,1,80,Puregold,PUREGOLD DEPARO,,,
4621,2273,2024-09-29 13:26:08,2024-09-29 15:58:48,0000064146,CC*UFC BNNA CTSUP 1K,UFC,3,210,Robinsons Easymart,EASYMART - PORAC,,,
4621,2273,2024-09-29 13:26:08,2024-09-29 15:58:48,0000064146,MT LCHNSCE REG550G,Mang Tomas,1,53,Robinsons Easymart,EASYMART - PORAC,,,
4621,2273,2024-09-29 13:26:08,2024-09-29 15:58:48,0000064146,MT LECHONSCE HOT325G,Mang Tomas,1,41,Robinsons Easymart,EASYMART - PORAC,,,
4621,2273,2024-09-29 13:26:08,2024-09-29 15:58:48,0000064146,SO*DP WHT VNGR 1LX12,Datu Puti,3,141,Robinsons Easymart,EASYMART - PORAC,,,
4146,2286,2024-09-29 14:48:00,2024-09-29 17:20:18,2400205946,UFC SWTCHLI SCE 340G,UFC,1,45,SM Savemore,SAVEMORE PROJ 8,,,
4146,2286,2024-09-29 14:48:00,2024-09-29 17:20:18,2400205946,$UFC GF CAOLA 2L,UFC,1,234.5,SM Savemore,SAVEMORE PROJ 8,,,
1176,2289,2024-09-29 16:45:45,2024-09-29 18:04:31,15000800114541,$UFC T/A B/KTCHP1K,UFC,1,70,Puregold,PUREGOLD JR C. RAYMUNDO PASIG,,,
1176,2289,2024-09-29 16:45:45,2024-09-29 18:04:31,15000800114541,$UFC GF CNLA OIL1,UFC,1,134,Puregold,PUREGOLD JR C. RAYMUNDO PASIG,,,
1176,2289,2024-09-29 16:45:45,2024-09-29 18:04:31,15000800114541,DP PATIS 1L,Datu Puti,1,71.75,Puregold,PUREGOLD JR C. RAYMUNDO PASIG,,,
4591,2290,2024-09-28 19:19:04,2024-09-29 18:50:39,189-005-00064655,DP PATIS 350ML,Datu Puti,1,25,Puregold,PUREGOLD VIGAN,,,
4600,2294,2024-09-25 16:52:00,2024-09-29 21:51:19,010335958,DATU PUTI WHITE VINEGAR 12/1LT Whi,Datu Puti,1,42.5,SM Supermarket,SM SUPERMARKET SAN JOSE DEL MONTE,,,
555,2298,2024-09-29 17:05:50,2024-09-30 07:25:51,323-003-00390646,DP PATIS 1L,Datu Puti,3,57.45,Puregold,PUREGOLD JR STO. TOMAS,,,
555,2298,2024-09-29 17:05:50,2024-09-30 07:25:51,323-003-00390646,DP SOY SCE 200ML,Datu Puti,3,40.2,Puregold,PUREGOLD JR STO. TOMAS,,,
3271,2299,2024-09-30 8:01:08,2024-09-30 08:15:06,0000110042,UFC GF CANOLA OIL 1L,UFC,1,139.5,Robinsons Supermarket,Robinsons Supermarket - Rockwell Drive,,,
3849,2302,2024-09-29 20:54:45,2024-09-30 09:25:56,395-016-00170,$UFC GFP/OL950ML,UFC,1,122,Puregold,PUREGOLD PUTATAN,,,
3849,2302,2024-09-29 20:54:45,2024-09-30 09:25:56,395-016-00170,<< DP SOYSCE 385ML,Datu Puti,1,21.25,Puregold,PUREGOLD PUTATAN,,,
4663,2311,2024-09-23 8:14:00,2024-09-30 12:19:58,01-00166364,GOLDEN FIESTA CANOLA OIL 1L/12,Golden Fiesta,1,134,SM Savemore,SAVEMORE AGORA,,,
4663,2311,2024-09-23 8:14:00,2024-09-30 12:19:58,01-00166364,MT LECHONSCE HT325,Mang Tomas,1,35,SM Savemore,SAVEMORE AGORA,,,
4663,2311,2024-09-23 8:14:00,2024-09-30 12:19:58,01-00166364,JUFRANBNNACTSUP275G,Jufran,3,103.5,SM Savemore,SAVEMORE AGORA,,,
3734,2312,2024-09-30 8:42:27,2024-09-30 13:14:04,0000015347,DP SOY SAUCE 385ML,Datu Puti,1,23,Robinsons Easymart,EASYMART PILILIA,,,
3734,2312,2024-09-30 8:42:27,2024-09-30 13:14:04,0000015347,GF COOKING OIL 950ML,Golden Fiesta,1,127.5,Robinsons Easymart,EASYMART PILILIA,,,
3734,2313,2024-09-29 8:04:19,2024-09-30 13:20:04,0000015071,GF COOKING OIL 950ML,Golden Fiesta,1,127.5,Robinsons Easymart,EASYMART PILILIA,,,
3734,2313,2024-09-29 8:04:19,2024-09-30 13:20:04,0000015071,GS*UFC BNNACTSUP320G,UFC,1,29.75,Robinsons Easymart,EASYMART PILILIA,,,
4266,2314,2024-09-01 10:24:50,2024-09-30 13:39:17,0000076120,DP WHT VINGR-PET1GAL,Datu Puti,2,312,Robinsons Supermarket,ROBINSONS SUPERMARKET NEPOMALL DAGUPAN,,,
4227,2315,2024-09-23 12:15:41,2024-09-30 13:43:07,104-012-00416588,LOCALLY R/M240ML,Locally,1,129,Puregold,Puregold - Mawaque,,,
4227,2315,2024-09-23 12:15:41,2024-09-30 13:43:07,104-012-00416588,LOCALLY OCW1LX12,Locally,2,222,Puregold,Puregold - Mawaque,,,
4227,2316,2024-09-28 19:34:00,2024-09-30 14:06:39,000005970,LOCALLY ORIG CCNT 1L,Locally,2,219,SM Hypermarket,HYPERMARKET PAMPANGA,,,
3580,2317,2024-09-29 19:11:00,2024-09-30 14:26:04,00005745,DPUTI VIN SUP 1LT/12,Datu Puti,1,42.75,WalterMart Supermarket Inc,WALTERMART CARMONA,,,
3580,2317,2024-09-29 19:11:00,2024-09-30 14:26:04,00005745,DPUTI SCE SOY SUP 340ML/3,Datu Puti,1,19.5,WalterMart Supermarket Inc,WALTERMART CARMONA,,,
1536,2319,2024-09-28 16:55:15,2024-09-30 15:59:44,0000334389,UFC GF CANOLA OIL 1L,UFC,1,139.5,Robinsons Supermarket,ROBINSONS SUPERMARKET RP DASMARINAS,,,
3206,2320,2024-09-27 12:38:00,2024-09-30 17:01:49,0300186615,UFCGFCANOLA1LDUOPACK,UFC,1,212,SM Savemore,SAVEMORE SANTIAGO 1,,,
3206,2320,2024-09-27 12:38:00,2024-09-30 17:01:49,0300186615,MT LECHONSCE HT325,Mang Tomas,1,35,SM Savemore,SAVEMORE SANTIAGO 1,,,
3885,2326,2024-09-28 14:03:16,2024-09-30 18:43:59,0000535290,DP PATIS 1L,Datu Puti,2,156,Robinsons Supermarket,ROBINSONS SUPERMARKET RP LOS BANOS,,,
4134,2341,2024-09-24 13:09:00,2024-09-30 21:33:28,00027830,MTOMS SCE LECHON 550GR/18,Mang Tomas,1,52.5,WalterMart Supermarket Inc,WALTERMART TRECE MARTIRES,,,
4134,2341,2024-09-24 13:09:00,2024-09-30 21:33:28,00027830,DPUTI VIN 1LT PET/12,Datu Puti,1,43,WalterMart Supermarket Inc,WALTERMART TRECE MARTIRES,,,
4702,2342,2024-09-28 19:00:39,2024-09-30 21:53:40,13001600048191,DP SOY SCE 200ML,Datu Puti,1,0.03,Puregold,PUREGOLD SAN PABLO HIGHWAY,,,
4702,2342,2024-09-28 19:00:39,2024-09-30 21:53:40,13001600048191,<<DP W/VIN 385ML,Datu Puti,1,66,Puregold,PUREGOLD SAN PABLO HIGHWAY,,,
4686,2343,2024-09-30 18:09:26,2024-09-30 22:07:34,24900700236594,G FIESTA CKNG OI PET/BO 12/950,Golden Fiesta,1,188,Puregold,Puregold - Bacolor Pampanga,,,
4701,2347,2024-09-30 19:55:53,2024-09-30 22:22:16,609-003-00073091,$UFC GFP/OL950ML,UFC,1,130,Puregold,PUREGOLD - BOCAUE BULACAN,,,
4701,2347,2024-09-30 19:55:53,2024-09-30 22:22:16,609-003-00073091,D/PUTI S/SCE340ML,Datu Puti,1,19,Puregold,PUREGOLD - BOCAUE BULACAN,,,
4716,2350,2024-09-22 14:34:11,2024-09-30 23:29:36,0000050803,DP PRSPCKVIN1LSSCE1L,Datu Puti,1,88,Robinsons Supermarket,ROBINSONS SUPERMARKET METROPLAZA QUIRINO,,,
4716,2350,2024-09-22 14:34:11,2024-09-30 23:29:36,0000050803,UFCGFCANOLA1LDUOPACK,UFC,1,255,Robinsons Supermarket,ROBINSONS SUPERMARKET METROPLAZA QUIRINO,,,
4720,2351,2024-09-30 12:36:00,2024-09-30 23:46:28,00-045900,GFSTA OIL CANOLA 1LT/12,Golden Fiesta,1,136.5,WalterMart Supermarket Inc,WALTERMART MAKATI,,,
4730,2352,2024-09-16 16:11:28,2024-10-01 01:10:03,216-004-00177673,UFC G/F CANOLA 1L,UFC,2,496,Puregold,"PUREGOLD JR  GOLDEN CITY, ANABU CAVITE",,,
4730,2352,2024-09-16 16:11:28,2024-10-01 01:10:03,216-004-00177673,DP WHT VIN 1L,Datu Puti,1,41.25,Puregold,"PUREGOLD JR  GOLDEN CITY, ANABU CAVITE",,,
4730,2353,2024-08-31 16:21:15,2024-10-01 01:17:13,216-003-00122613,UFC BA/C 550G/530G,UFC,1,44.25,Puregold,PUREGOLD MOLINO RD,,,
4730,2353,2024-08-31 16:21:15,2024-10-01 01:17:13,216-003-00122613,SLVR SWN SOY SCE1L,Silver Swan,1,22.25,Puregold,PUREGOLD MOLINO RD,,,
4730,2353,2024-08-31 16:21:15,2024-10-01 01:17:13,216-003-00122613,$UFC GFP/OL950ML,UFC,1,122,Puregold,PUREGOLD MOLINO RD,,,
4734,2355,2024-09-28 16:23:42,2024-10-01 05:50:36,0000043974,UFC GF CANOLA 1L SUP,UFC,1,138,Robinsons Supermarket,Robinsons Supermarket - Rockwell Drive,,,
4734,2357,2024-09-15 14:20:23,2024-10-01 06:20:19,0000049848,CC*SLVRSWN SOY SCE1L,Silver Swan,1,57.75,Robinsons Supermarket,ROBINSONS SUPERMARKET RP METROEAST,,,
4734,2357,2024-09-15 14:20:23,2024-10-01 06:20:19,0000049848,UFC GF CANOLA 1L SUP,UFC,1,138,Robinsons Supermarket,ROBINSONS SUPERMARKET RP METROEAST,,,
3775,2360,2024-09-28 20:03:07,2024-10-01 09:14:06,700-005-00002538,DP VINEGAR 1L SUP,Datu Puti,1,39.75,Puregold,PUREGOLD MONTALBAN,,,
3775,2360,2024-09-28 20:03:07,2024-10-01 09:14:06,700-005-00002538,DP PATIS 350ML,Datu Puti,1,13.25,Puregold,PUREGOLD MONTALBAN,,,
3919,2361,2024-09-30 16:09:29,2024-10-01 09:39:58,0000023366,CC*SLVRSWN SOY SCE1L,Silver Swan,1,57.75,Robinsons Supermarket,Robinsons Supermarket - Rockwell Drive,,,
3919,2361,2024-09-30 16:09:29,2024-10-01 09:39:58,0000023366,GOLDENSAVERSDUOPACK,Golden Fiesta,1,217,Robinsons Supermarket,Robinsons Supermarket - Rockwell Drive,,,
3919,2361,2024-09-30 16:09:29,2024-10-01 09:39:58,0000023366,SLVRSWN PATIS 350ML,Silver Swan,1,24.75,Robinsons Supermarket,Robinsons Supermarket - Rockwell Drive,,,
4730,2364,2024-02-23 11:21:54,2024-10-01 10:03:51,216-004-00160104,MT LECHON SCE550G,Mang Tomas,1,48.5,Puregold,PUREGOLD IMUS CAVITE,,,
4730,2364,2024-02-23 11:21:54,2024-10-01 10:03:51,216-004-00160104,$UFC GFP/OL 2L,UFC,1,220,Puregold,PUREGOLD IMUS CAVITE,,,
4730,2364,2024-02-23 11:21:54,2024-10-01 10:03:51,216-004-00160104,SS SPCL PATIS350ML,Silver Swan,4,92,Puregold,PUREGOLD IMUS CAVITE,,,
4730,2364,2024-02-23 11:21:54,2024-10-01 10:03:51,216-004-00160104,UFC BA/C 550G/530G,UFC,1,44.25,Puregold,PUREGOLD IMUS CAVITE,,,
4730,2364,2024-02-23 11:21:54,2024-10-01 10:03:51,216-004-00160104,$UFC GFP/OL1LSUP,UFC,1,119,Puregold,PUREGOLD IMUS CAVITE,,,
4774,2380,2024-09-22 16:48:44,2024-10-01 14:58:17,13900800281740,$UFC GFP/OL 2L,UFC,1,220,Puregold,PUREGOLD BAGUIO,,,
3352,2384,2024-09-26 13:14:00,2024-10-01 16:49:00,00029038,GFSTA OIL CANOLA 2LT/6,Golden Fiesta,1,235,WalterMart Supermarket Inc,WALTERMART GEN. TRIAS,,,
4379,2390,2024-01-10 16:43:00,2024-10-01 19:22:07,000079725,UFC BNNA CTSUP 4K,UFC,1,69.5,SM Hypermarket,SM Hypermarket - San Pedro,,,
4379,2390,2024-01-10 16:43:00,2024-10-01 19:22:07,000079725,$UFC GFP/OL950ML,UFC,1,122.5,SM Hypermarket,SM Hypermarket - San Pedro,,,
927,2393,2024-09-30 16:08:21,2024-10-01 21:54:12,0000072518,SLVRSWN SUKAPTI350ML,Silver Swan,1,18,Shopwise,SHOPWISE LANCASTER,,,
927,2393,2024-09-30 16:08:21,2024-10-01 21:54:12,0000072518,UFC B.CATSUP 320GSPC,UFC,1,25.5,Shopwise,SHOPWISE LANCASTER,,,
2927,2397,2024-09-30 17:55:00,2024-10-01 23:07:41,00078040,DPUTI SCE SOY PET 1LT/12,Datu Puti,1,53,WalterMart Supermarket Inc,WALTERMART NORTH EDSA,,,
2927,2398,2024-09-30 17:55:00,2024-10-01 23:07:41,00-078040,DPUTI SCE SOY PET 1LT/12,Datu Puti,1,53,WalterMart Supermarket Inc,WALTERMART NORTH EDSA,,,
3887,2403,2024-10-02 8:05:20,2024-10-02 09:14:06,140-008-00397786,UFC BA/C 550G/530G,UFC,1,44.25,Puregold,PUREGOLD SAN NICOLAS,,,
4837,2407,2024-10-02 9:44:34,2024-10-02 10:15:51,240-001-00003478,$UFC GFCOR OIL1L,UFC,1,199.5,Puregold,PUREGOLD TARLAC PUBLIC MARKET,,,
4837,2407,2024-10-02 9:44:34,2024-10-02 10:15:51,240-001-00003478,MT LECHON SCE550G,Mang Tomas,1,48.5,Puregold,PUREGOLD TARLAC PUBLIC MARKET,,,
3578,2412,2024-10-01 9:58:34,2024-10-02 14:03:46,13501600201335,DP VINEGAR 1L SUP,Datu Puti,2,79.5,Puregold,PUREGOLD NORTH COMMONWEALTH,,,
3578,2412,2024-10-01 9:58:34,2024-10-02 14:03:46,13501600201335,UFC SWT CHILI 340,UFC,1,41.6,Puregold,PUREGOLD NORTH COMMONWEALTH,,,
3596,2413,2024-09-01 16:48:47,2024-10-02 14:30:49,35900700200382,UFC S/FST C/OTLS1L,UFC,2,226,Puregold,PUREGOLD MABINI BACOLOD,,,
3596,2415,2024-09-21 15:02:18,2024-10-02 15:34:51,35900700204144,UFC S/FST C/OILP1L,UFC,1,120.75,Puregold,PUREGOLD MABINI BACOLOD,,,
3596,2415,2024-09-21 15:02:18,2024-10-02 15:34:51,35900700204144,UFC BA/C 550G/530G,UFC,1,44.25,Puregold,PUREGOLD MABINI BACOLOD,,,
4866,2417,2024-09-30 13:59:46,2024-10-02 16:16:45,0000080463,UFC GF CANOLA OIL 1L,UFC,1,139.5,Robinsons Supermarket,ROBINSONS SUPERMARKET LIPA TOWN CENTER,,,
2664,2421,2024-10-02 17:02:00,2024-10-02 19:23:49,0700082950,UFC P&S MSHRM 400G,UFC,1,49,SM Savemore,SAVEMORE BAGBAGUIN,,,
2664,2421,2024-10-02 17:02:00,2024-10-02 19:23:49,0700082950,SILVR SWAN VIN3785,Silver Swan,1,19.5,SM Savemore,SAVEMORE BAGBAGUIN,,,
2664,2421,2024-10-02 17:02:00,2024-10-02 19:23:49,0700082950,DP BBQ RIFFIC 144ML,Datu Puti,1,34,SM Savemore,SAVEMORE BAGBAGUIN,,,
4266,2422,2024-10-01 16:09:32,2024-10-02 20:12:14,0000061098,DP WHT VINGR-PET1GAL,Datu Puti,2,312,Robinsons Supermarket,ROBINSONS SUPERMARKET NEPOMALL DAGUPAN,,,
4266,2422,2024-10-01 16:09:32,2024-10-02 20:12:14,0000061098,UFC GREEN PEAS 155G,UFC,2,27.5,Robinsons Supermarket,ROBINSONS SUPERMARKET NEPOMALL DAGUPAN,,,
4266,2422,2024-10-01 16:09:32,2024-10-02 20:12:14,0000061098,UFCGFCANOLA1LDUOPACK,UFC,1,255,Robinsons Supermarket,ROBINSONS SUPERMARKET NEPOMALL DAGUPAN,,,
3728,2424,2024-09-20 18:49:00,2024-10-02 21:25:14,32-00278041,SPR FSTA COCO 1L PET,UFC,1,133.5,SM Savemore,SAVEMORE NAGTAHAN,,,
4884,2425,2024-09-30 12:39:00,2024-10-03 12:00:56,0800037236,UFC HAPI FIESTA VEGETABLE OIL 24,UFC,1,205,SM Savemore,SaveMore Tanauan,,,
4884,2425,2024-09-30 12:39:00,2024-10-03 12:00:56,0800037236,DPUTI VIN SUP 200ML/60,Datu Puti,1,9.25,SM Savemore,SaveMore Tanauan,,,
3895,2426,2024-10-03 10:03:05,2024-10-03 12:06:40,627-006-00008370,MT LECHONSCE HT325,Mang Tomas,1,36,Puregold,Puregold - Cabiao,,,
733,2428,2024-10-02 16:43:26,2024-10-03 13:04:36,857-004-00150995,D/PUTI S/SCE340ML,Datu Puti,1,18.75,Puregold,PUREGOLD - NUEVA ECIJA,,,
733,2428,2024-10-02 16:43:26,2024-10-03 13:04:36,857-004-00150995,SS CANE VIN 1L,Silver Swan,1,39.2,Puregold,PUREGOLD - NUEVA ECIJA,,,
1343,2429,2024-10-03 14:02:07,2024-10-03 14:20:03,15601600333669,<< UFC T/A B/KET32,UFC,1,27.5,Puregold,PUREGOLD MONTALBAN,,,
4906,2431,2024-10-02 17:45:18,2024-10-03 16:23:06,61700800097057,$UFC T/A B/KTCHP1K,UFC,1,70,Puregold,Puregold - Teresa,,,
4091,2432,2024-10-03 15:33:46,2024-10-03 17:10:11,10502000488805,RR MENUDO 200G,UFC,1,29.75,Puregold,Puregold - Dalandanan,,,
4091,2432,2024-10-03 15:33:46,2024-10-03 17:10:11,10502000488805,UFCGFCOOKINGOIL250ML,UFC,1,39,Puregold,Puregold - Dalandanan,,,
4091,2432,2024-10-03 15:33:46,2024-10-03 17:10:11,10502000488805,UFC FC YANGCHOW20G,UFC,1,15,Puregold,Puregold - Dalandanan,,,
4730,2433,2024-07-17 10:26:31,2024-10-03 17:53:54,216-003-00120488,UFC GF CANOLA OIL 1L,UFC,2,272,Puregold,PUREGOLD ANABU-IMUS,,,
4730,2433,2024-07-17 10:26:31,2024-10-03 17:53:54,216-003-00120488,DP WHT VIN 1L,Datu Puti,1,41.25,Puregold,PUREGOLD ANABU-IMUS,,,
4730,2433,2024-07-17 10:26:31,2024-10-03 17:53:54,216-003-00120488,$UFC GFP/OL950ML,UFC,1,122,Puregold,PUREGOLD ANABU-IMUS,,,
4730,2433,2024-07-17 10:26:31,2024-10-03 17:53:54,216-003-00120488,$UFC GF CNLA OIL1,UFC,1,134,Puregold,PUREGOLD ANABU-IMUS,,,
1804,2438,2024-09-30 18:29:13,2024-10-03 18:48:30,0000023438,HF VEG OIL 900ML SUP,Hapi Fiesta,1,114,Robinsons Supermarket,ROBINSONS SUPERMARKET CLOVERLEAF,,,
4730,2439,2024-08-17 10:18:26,2024-10-03 20:33:43,21600400175099,M.TOMAS LCHNSCE325,Mang Tomas,1,35,Puregold,PUREGOLD ANABU-IMUS,,,
4730,2439,2024-08-17 10:18:26,2024-10-03 20:33:43,21600400175099,SS CANE VIN 1L,Silver Swan,1,40.5,Puregold,PUREGOLD ANABU-IMUS,,,
4730,2439,2024-08-17 10:18:26,2024-10-03 20:33:43,21600400175099,UFC BA/C 550G/530G,UFC,2,88.5,Puregold,PUREGOLD ANABU-IMUS,,,
4062,2442,2024-10-03 15:55:00,2024-10-03 23:43:14,1200031770,UFC BANANA CATSUP 18/550G,UFC,1,42.5,SM Savemore,SAVEMORE SHOE AVENUE,,,
985,2444,2024-10-03 14:47:00,2024-10-04 02:20:34,011262876,SLVR SWN SK/PUTI1L,Silver Swan,1,40,SM Supermarket,SM SUPERMARKET STA. ROSA,,,
985,2444,2024-10-03 14:47:00,2024-10-04 02:20:34,011262876,DP SOYSCE 1L,Datu Puti,1,53,SM Supermarket,SM SUPERMARKET STA. ROSA,,,
985,2444,2024-10-03 14:47:00,2024-10-04 02:20:34,011262876,$UFC GF CAOLA 2L,UFC,1,234.5,SM Supermarket,SM SUPERMARKET STA. ROSA,,,
4912,2445,2024-10-03 16:44:00,2024-10-04 05:47:55,010821288,SPR FSTA COCO 1L PET,UFC,1,133.5,SM Supermarket,SM Supermarket - Seaside,,,
4912,2445,2024-10-03 16:44:00,2024-10-04 05:47:55,010821288,*MDF_UFC SCE HOT & SPICY,UFC,1,6,SM Supermarket,SM Supermarket - Seaside,,,
4912,2445,2024-10-03 16:44:00,2024-10-04 05:47:55,010821288,S/SWAN SOY340/350M,Silver Swan,1,20,SM Supermarket,SM Supermarket - Seaside,,,
4912,2445,2024-10-03 16:44:00,2024-10-04 05:47:55,010821288,SLVRSWN SUKAPTI350ML,Silver Swan,1,19,SM Supermarket,SM Supermarket - Seaside,,,
930,2448,2024-10-02 17:25:57,2024-10-04 06:24:09,0000317735,UFC CHCKN AND CRN60G,UFC,1,51,Robinsons Easymart,Robinsons Easymart - Cebu South Road Pardo,,,
3919,2449,2024-10-03 11:57:50,2024-10-04 10:55:43,0000056484,CC*MT LCHNSCEREG325G,Mang Tomas,1,38.5,Robinsons Supermarket,Robinsons Supermarket - Rockwell Drive,,,
3919,2449,2024-10-03 11:57:50,2024-10-04 10:55:43,0000056484,GS*UFC BNNACTSUP320G,UFC,1,28.5,Robinsons Supermarket,Robinsons Supermarket - Rockwell Drive,,,
4925,2455,2024-04-10 10:20:00,2024-10-04 13:09:06,000407794 10,SLVR SWAN S/SCE1LT,Silver Swan,1,56,SM Hypermarket,HYPERMARKET POLANGUI,,,
4925,2455,2024-04-10 10:20:00,2024-10-04 13:09:06,000407794 10,UFC BANANA CATSUP 18/550G,UFC,1,45.5,SM Hypermarket,HYPERMARKET POLANGUI,,,
2613,2456,2024-10-04 12:29:00,2024-10-04 13:12:37,0400226557,GOLDEN FIESTA CANOLA OIL 1L/12,Golden Fiesta,2,256,SM Savemore,SAVEMORE TACLOBAN,,,
3769,2463,2024-07-20 16:58:00,2024-10-04 17:22:52,010627750,SLVR SWN SK/PUTI1L,Silver Swan,1,41.5,SM Supermarket,SM SUPERMARKET NORTH EDSA,,,
3769,2463,2024-07-20 16:58:00,2024-10-04 17:22:52,010627750,MT LECHONSCE HT325,Mang Tomas,1,35,SM Supermarket,SM SUPERMARKET NORTH EDSA,,,
1305,2469,2024-09-28 19:02:20,2024-10-05 00:48:00,834-005-00289510,$UFC GF CNLA OIL1,UFC,1,134,Puregold,PUREGOLD JR NANGKA,,,
4336,2470,2024-10-04 16:48:34,2024-10-05 06:49:08,0000085971,DP SOY SCE PCH 340ML,Datu Puti,1,19.75,Robinsons Supermarket,ROBINSONS SUPERMARKET ORMOC CENTRUM,,,
4336,2470,2024-10-04 16:48:34,2024-10-05 06:49:08,0000085971,DP VNGR PCH 350ML,Datu Puti,1,17.65,Robinsons Supermarket,ROBINSONS SUPERMARKET ORMOC CENTRUM,,,
4336,2470,2024-10-04 16:48:34,2024-10-05 06:49:08,0000085971,HF VEG OIL 900ML SUP,Hapi Fiesta,1,114,Robinsons Supermarket,ROBINSONS SUPERMARKET ORMOC CENTRUM,,,
4336,2470,2024-10-04 16:48:34,2024-10-05 06:49:08,0000085971,UFC B.CATSUP 320GSPC,UFC,1,25,Robinsons Supermarket,ROBINSONS SUPERMARKET ORMOC CENTRUM,,,
4961,2471,2024-09-13 13:11:18,2024-10-05 09:34:14,29900200308114,$UFC GF CNLA OIL1,UFC,1,134,Puregold,PUREGOLD CALASIAO,,,
4631,2475,2024-10-05 12:27:00,2024-10-05 13:54:47,0400247802,MT LECHONSCE HT325,Mang Tomas,1,35,SM Savemore,SAVEMORE MALHACAN,,,
4631,2475,2024-10-05 12:27:00,2024-10-05 13:54:47,0400247802,*MDF_UFC SCE HOT & SPICY,UFC,1,36,SM Savemore,SAVEMORE MALHACAN,,,
4631,2475,2024-10-05 12:27:00,2024-10-05 13:54:47,0400247802,LOCALLY GYBNO240ML,Locally,1,32,SM Savemore,SAVEMORE MALHACAN,,,
4631,2475,2024-10-05 12:27:00,2024-10-05 13:54:47,0400247802,UFC TMATO SCE GUISADO 200G/24 200,UFC,1,22.5,SM Savemore,SAVEMORE MALHACAN,,,
4631,2475,2024-10-05 12:27:00,2024-10-05 13:54:47,0400247802,*MDF_UFC CREAM OF MUSHROO,UFC,1,43.5,SM Savemore,SAVEMORE MALHACAN,,,
2692,2476,2024-10-05 15:46:00,2024-10-05 16:54:31,2100135418,UFC GF CANOLA OIL2L,UFC,1,248,SM Savemore,SAVEMORE BINANGONAN RIZAL,,,
1804,2477,2024-10-05 17:07:13,2024-10-05 19:14:15,0000057388,DP SOY SCE 200ML,Datu Puti,1,12.25,Robinsons Supermarket,ROBINSONS SUPERMARKET CLOVERLEAF,,,
4962,2478,2024-09-30 8:27:17,2024-10-05 21:53:50,31800700245862,$UFC GFP/OL1LSUP,UFC,1,119,Puregold,PUREGOLD DEPARO,,,
3728,2479,2024-10-05 20:19:00,2024-10-05 22:46:55,3500215626,JUFRANBNNACTSUP275G,Jufran,1,34.5,SM Savemore,SAVEMORE NAGTAHAN,,,
3728,2479,2024-10-05 20:19:00,2024-10-05 22:46:55,3500215626,UFC P&S MSHRM 400G,UFC,1,49,SM Savemore,SAVEMORE NAGTAHAN,,,
2692,2485,2024-10-05 15:17:00,2024-10-06 10:55:47,0400084370,UFC BANANA CATSUP 18/550G,UFC,2,85,SM Savemore,SAVEMORE BINANGONAN RIZAL,,,
2692,2485,2024-10-05 15:17:00,2024-10-06 10:55:47,0400084370,MT LECHON SCE550G,Mang Tomas,1,50,SM Savemore,SAVEMORE BINANGONAN RIZAL,,,
2692,2485,2024-10-05 15:17:00,2024-10-06 10:55:47,0400084370,UFC GF CANOLA OIL2L,UFC,1,248,SM Savemore,SAVEMORE BINANGONAN RIZAL,,,
2692,2485,2024-10-05 15:17:00,2024-10-06 10:55:47,0400084370,JFRAN SCE SRRCHA HOTCHI51,Jufran,1,204.5,SM Savemore,SAVEMORE BINANGONAN RIZAL,,,
4967,2486,2024-10-04 18:33:59,2024-10-06 13:32:59,0000034853,UFC FC BBMBAP RMX27G,UFC,1,21,Robinsons Supermarket,ROBINSONS SUPERMARKET TAGAYTAY,,,
4967,2486,2024-10-04 18:33:59,2024-10-06 13:32:59,0000034853,UFC FUNCHOWSEAFOOD20,UFC,1,14.25,Robinsons Supermarket,ROBINSONS SUPERMARKET TAGAYTAY,,,
4967,2486,2024-10-04 18:33:59,2024-10-06 13:32:59,0000034853,DP PATIS SUP 150ML,Datu Puti,1,14.75,Robinsons Supermarket,ROBINSONS SUPERMARKET TAGAYTAY,,,
4967,2486,2024-10-04 18:33:59,2024-10-06 13:32:59,0000034853,DP VNGR PCH 350ML,Datu Puti,1,17.65,Robinsons Supermarket,ROBINSONS SUPERMARKET TAGAYTAY,,,
4967,2486,2024-10-04 18:33:59,2024-10-06 13:32:59,0000034853,GMF* GFCO 2LPCH,Golden Fiesta,1,228,Robinsons Supermarket,ROBINSONS SUPERMARKET TAGAYTAY,,,
464,2491,2024-10-05 20:08:24,2024-10-06 17:18:20,0000164897,UFC MSHRM PC STM400G,UFC,1,59.25,Robinsons Easymart,"EASYMART STAMFORD,MCKINLEY",,,
973,2494,2024-10-05 19:49:00,2024-10-07 06:56:41,0200251612,UFC CRAB AND CORN SOUP 36/60G,UFC,4,196,SM Savemore,SAVEMORE LIGHT RESIDENCES,,,
2692,2495,2024-10-05 16:00:00,2024-10-07 09:56:49,21-00135420,UFCGFCANOLA1LDUOPACK,UFC,1,212,SM Savemore,SAVEMORE BINANGONAN RIZAL,,,
2692,2495,2024-10-05 16:00:00,2024-10-07 09:56:49,21-00135420,DPUTI SCE SOY 350ML/24,Datu Puti,1,19.5,SM Savemore,SAVEMORE BINANGONAN RIZAL,,,
2692,2495,2024-10-05 16:00:00,2024-10-07 09:56:49,21-00135420,DATU PUTI WHITE VINEGAR 12/1LT Whi,Datu Puti,1,42.5,SM Savemore,SAVEMORE BINANGONAN RIZAL,,,
2692,2495,2024-10-05 16:00:00,2024-10-07 09:56:49,21-00135420,UFC IODZD SALT150G,UFC,1,32.5,SM Savemore,SAVEMORE BINANGONAN RIZAL,,,
2692,2495,2024-10-05 16:00:00,2024-10-07 09:56:49,21-00135420,UFC HOTSCE4KG GAL,UFC,1,29.5,SM Savemore,SAVEMORE BINANGONAN RIZAL,,,
3887,2505,2024-10-08 8:19:04,2024-10-08 09:04:03,140-007-00364363,UFC CRB & CORN60G,UFC,1,49.25,Puregold,PUREGOLD SAN NICOLAS,,,
4827,2507,2024-10-02 17:23:26,2024-10-08 11:32:17,0000042013,DP VNGR PCH 350ML,Datu Puti,1,17.65,Robinsons Supermarket,ROBINSONS SUPERMARKET LIMA EXCHANGE,,,
4827,2507,2024-10-02 17:23:26,2024-10-08 11:32:17,0000042013,GF PALM OIL 1L SUP,Golden Fiesta,1,121,Robinsons Supermarket,ROBINSONS SUPERMARKET LIMA EXCHANGE,,,
1645,2510,2024-10-04 21:25:00,2024-10-08 13:37:20,010666639,GOLDEN FIESTA CORN OIL 1L/12 1,Golden Fiesta,1,386.5,SM Hypermarket,HYPERMARKET BALIUAG,,,
2604,2512,2024-10-08 12:22:00,2024-10-08 16:58:40,000087944,UFC GF CANOLA OIL2L,UFC,1,248,Gaisano Metro,METRO - NAGA CEBU,,,
1305,2515,2024-10-08 16:23:44,2024-10-08 19:36:28,83401000460074,MT LECHONSCE HT325,Mang Tomas,1,36,Puregold,PUREGOLD JR NANGKA,,,
3883,2518,10/07/2024 13:20,2024-10-09 15:59:31,000011277 13,GF PALM OIL 1L SUP,Golden Fiesta,1,113.5,SM Supermarket,SM SUPERMARKET BACOOR,,,
3883,2518,10/07/2024 13:20,2024-10-09 15:59:31,000011277 13,DPUTI VIN 350ML/24,Datu Puti,1,17.5,SM Supermarket,SM SUPERMARKET BACOOR,,,
4998,2520,09/10/2024 19:20,2024-10-09 20:52:41,0000107568,UFCGFCANOLA1LDUOPACK,UFC,1,255,Robinsons Supermarket,ROBINSONS SUPERMARKET RP MAGNOLIA,,,
4999,2525,01/10/2024 8:37,2024-10-10 08:16:38,0000145194,DP WHTVNGR PET 385ML,Datu Puti,1,19,Robinsons Supermarket,Robinsons Supermarket - Rockwell Drive,,,
4999,2525,01/10/2024 8:37,2024-10-10 08:16:38,0000145194,UFCGFCANOLA1LDUOPACK,UFC,1,258,Robinsons Supermarket,Robinsons Supermarket - Rockwell Drive,,,
4999,2526,26/09/2024 8:34,2024-10-10 08:26:39,0000144279,UFC BK RICH BLND320G,UFC,1,38.5,Robinsons Easymart,Robinsons Easymart - Arbortowne Plaza,,,
1536,2527,10/09/2024 15:49,2024-10-10 08:33:20,00-031607,GFSTA OIL CANOLA SUP 1LT/,Golden Fiesta,1,250,WalterMart Supermarket Inc,WALTERMART CONCEPCION,,,
3164,2528,10/10/2024 9:48,2024-10-10 10:36:34,239-605-00404422,DP SOY SCE 350ML,Datu Puti,1,21.25,Puregold,Puregold - GUINHAWA MALOLOS BULACAN,,,
3164,2528,10/10/2024 9:48,2024-10-10 10:36:34,239-605-00404422,<<DP W/VIN 385ML,Datu Puti,1,18.25,Puregold,Puregold - GUINHAWA MALOLOS BULACAN,,,
3164,2528,10/10/2024 9:48,2024-10-10 10:36:34,239-605-00404422,<< UFC T/A B/KET32,UFC,1,26,Puregold,Puregold - GUINHAWA MALOLOS BULACAN,,,
3164,2528,10/10/2024 9:48,2024-10-10 10:36:34,239-605-00404422,M.TOMAS LCHNSCE325,Mang Tomas,1,5,Puregold,Puregold - GUINHAWA MALOLOS BULACAN,,,
4985,2529,03/10/2024 14:21,2024-10-10 11:09:57,63900900078682,SLVRSWN SOYSCE 100ML,Silver Swan,5,34,Puregold,PUREGOLD GUADALUPE,,,
4137,2530,28/09/2024 13:08,2024-10-10 12:09:24,0000735540,SLVR SWN SOY SCE1L,Silver Swan,1,54,Robinsons Supermarket,Robinsons Supermarket - Rockwell Drive,,,
2431,2536,10/10/2024 16:26,2024-10-10 20:06:53,10200900096995,$UFC GF CAOLA 2L,UFC,1,235,Puregold,PUREGOLD TAYUMAN,,,
2431,2536,10/10/2024 16:26,2024-10-10 20:06:53,10200900096995,DP WHI VIN 1.893L,Datu Puti,1,81.25,Puregold,PUREGOLD TAYUMAN,,,
4733,2537,10/10/2024 18:04,2024-10-11 06:54:54,307-006-00437105,DP VINEGAR 1L SUP,Datu Puti,1,39.75,Puregold,PUREGOLD ANABU-IMUS,,,
4733,2537,10/10/2024 18:04,2024-10-11 06:54:54,307-006-00437105,DATU PUTI PATIS 150,Datu Puti,2,26.8,Puregold,PUREGOLD ANABU-IMUS,,,
3887,2539,11/10/2024 8:13,2024-10-11 09:22:52,140-008-00399388,UFC CRB & CORN60G,UFC,1,49.25,Puregold,PUREGOLD ANGELES,,,
733,2540,09/10/2024 15:43,2024-10-11 11:47:57,857-004-00151399,DP WHT VIN 1L,Datu Puti,12,495,Puregold,NE SUPER BODEGA SALES MAHARLIKA,,,
2501,2541,28/09/2024 10:26,2024-10-11 12:00:10,4400140380,MT LECHON SCE550G,Mang Tomas,1,50,SM Savemore,SAVEMORE MARIKINA,,,
2501,2541,28/09/2024 10:26,2024-10-11 12:00:10,4400140380,UFC BNNA CTSUP 4K,UFC,1,69.5,SM Savemore,SAVEMORE MARIKINA,,,
3875,2544,11/10/2024 9:20,2024-10-11 12:53:34,0001012272,DP WHT VINGR-PET1GAL,Datu Puti,1,156,Robinsons Supermarket,ROBINSONS SUPERMARKET RP LOS BANOS,,,
3875,2544,11/10/2024 9:20,2024-10-11 12:53:34,0001012272,SO*DP SOY SCE 1L,Datu Puti,1,60.75,Robinsons Supermarket,ROBINSONS SUPERMARKET RP LOS BANOS,,,
3875,2544,11/10/2024 9:20,2024-10-11 12:53:34,0001012272,UFCGFCANOLA1LDUOPACK,UFC,1,255,Robinsons Supermarket,ROBINSONS SUPERMARKET RP LOS BANOS,,,
3875,2545,11/10/2024 8:29,2024-10-11 13:08:36,730-005-00506163,MT LECHON SCE550G,Mang Tomas,1,48.5,Puregold,PUREGOLD EXTRA LOS BANOS LAGUNA,,,
3875,2546,11/10/2024 8:29,2024-10-11 13:08:36,73000500506163,MT LECHON SCE550G,Mang Tomas,1,48.5,Puregold,PUREGOLD JR LOS BANOS,,,
3206,2551,11/10/2024 14:35,2024-10-11 20:44:56,010332579,UFC MSHRM PSTM400G2S,UFC,1,95,SM Supermarket,SM SUPERMARKET CAUAYAN,,,
3728,2553,11/10/2024 18:47,2024-10-11 22:08:05,3500217382,UFC P&S MSHRM 400G,UFC,1,49,SM Savemore,SAVEMORE NAGTAHAN,,,
3728,2553,11/10/2024 18:47,2024-10-11 22:08:05,3500217382,DP SOY SAUCE 385ML,Datu Puti,1,22,SM Savemore,SAVEMORE NAGTAHAN,,,
3728,2553,11/10/2024 18:47,2024-10-11 22:08:05,3500217382,PAPA BKTCHP REG 530G/18,Papa,1,42.5,SM Savemore,SAVEMORE NAGTAHAN,,,
3887,2554,12/10/2024 8:13,2024-10-12 08:55:38,140-008-00399506,UFC CHICK&CORN60G,UFC,1,49.25,Puregold,PUREGOLD ANGELES,,,
3769,2556,12/10/2024 11:44,2024-10-12 16:06:38,30-00195667,UFC BNNA CTSUP530G,UFC,1,126.5,SM Savemore,SAVEMORE ANONAS,,,
3769,2556,12/10/2024 11:44,2024-10-12 16:06:38,30-00195667,UFC GF CANOLA OIL2L,UFC,1,248,SM Savemore,SAVEMORE ANONAS,,,
3769,2556,12/10/2024 11:44,2024-10-12 16:06:38,30-00195667,DP SOYSCE 1L,Datu Puti,1,54.5,SM Savemore,SAVEMORE ANONAS,,,
3769,2556,12/10/2024 11:44,2024-10-12 16:06:38,30-00195667,JFRAN THAI FSCE750ML,Jufran,1,127.5,SM Savemore,SAVEMORE ANONAS,,,
3769,2556,12/10/2024 11:44,2024-10-12 16:06:38,30-00195667,MT LECHONSCE HT325,Mang Tomas,1,35,SM Savemore,SAVEMORE ANONAS,,,
3769,2556,12/10/2024 11:44,2024-10-12 16:06:38,30-00195667,SLVR SWN SK/PUTI1L,Silver Swan,1,40,SM Savemore,SAVEMORE ANONAS,,,
4130,2558,12/10/2024 15:53,2024-10-12 18:06:45,0000033556,DPOYSTERRIFICSCE150G,Datu Puti,1,29.75,Robinsons Supermarket,ROBINSONS SUPERMARKET CIRCLE C CONGRESSIONAL,,,
4130,2558,12/10/2024 15:53,2024-10-12 18:06:45,0000033556,DP PRSPCKVIN1LSSCE1L,Datu Puti,1,88,Robinsons Supermarket,ROBINSONS SUPERMARKET CIRCLE C CONGRESSIONAL,,,
5022,2564,08/09/2024 10:05,2024-10-12 20:58:09,680-005-00055631,MT LECHONSCE HT325,Mang Tomas,1,36,Puregold,Puregold - Trece Martires,,,
5022,2564,08/09/2024 10:05,2024-10-12 20:58:09,680-005-00055631,JUFRAN RD H/C S165,Jufran,1,46,Puregold,Puregold - Trece Martires,,,
5022,2564,08/09/2024 10:05,2024-10-12 20:58:09,680-005-00055631,SILVER SWAN VIN1L,Silver Swan,1,40,Puregold,Puregold - Trece Martires,,,
5022,2565,08/09/2024 10:05,2024-10-12 20:58:09,68000500055631,MT LECHONSCE HT325,Mang Tomas,1,36,Puregold,Puregold - Trece Martires,,,
5022,2565,08/09/2024 10:05,2024-10-12 20:58:09,68000500055631,JUFRAN RD H/C S165,Jufran,1,46,Puregold,Puregold - Trece Martires,,,
5022,2565,08/09/2024 10:05,2024-10-12 20:58:09,68000500055631,SILVER SWAN VIN1L,Silver Swan,1,40,Puregold,Puregold - Trece Martires,,,
5022,2565,08/09/2024 10:05,2024-10-12 20:58:09,68000500055631,SS SOY SCE 1893ML,Silver Swan,1,53,Puregold,Puregold - Trece Martires,,,
5024,2567,06/10/2024 19:25,2024-10-12 22:37:09,0000113958,SLVRSWN SOYSCE 350ML,Silver Swan,1,20.75,Robinsons Supermarket,Robinsons Supermarket - Shopking Commercial Center,,,
517,2575,13/10/2024 13:19,2024-10-13 17:16:47,14-00284921,UFC BNNA CTSUP530G,UFC,1,126.5,SM Savemore,SAVEMORE SOLANO 2,,,
930,2583,13/10/2024 17:30,2024-10-14 09:27:56,0000174694,UFC CHCKN AND CRN60G,UFC,1,51,Robinsons Easymart,Robinsons Easymart - Cebu South Road Pardo,,,
5038,2585,13/10/2024 14:41,2024-10-14 14:14:24,13900100253119,$UFC GF CNLA OIL1,UFC,1,134,Puregold,PUREGOLD BAGUIO,,,
4621,2586,14/10/2024 12:35,2024-10-14 14:14:34,0000065143,CC*UFC BNNA CTSUP 1K,UFC,1,70,Robinsons Easymart,EASYMART - PORAC,,,
4621,2586,14/10/2024 12:35,2024-10-14 14:14:34,0000065143,MT LCHNSCE REG550G,Mang Tomas,1,53,Robinsons Easymart,EASYMART - PORAC,,,
4621,2586,14/10/2024 12:35,2024-10-14 14:14:34,0000065143,MT LECHONSCE HOT325G,Mang Tomas,1,41,Robinsons Easymart,EASYMART - PORAC,,,
2827,2588,14/10/2024 10:46,2024-10-14 15:50:46,0000178016,DP WHT VNGR 0.5GAL,Datu Puti,1,92,Robinsons Easymart,EASTMART - BETTER LIVING PARANAQUE,,,
2827,2588,14/10/2024 10:46,2024-10-14 15:50:46,0000178016,UFC GF BGCRNCH BM60G,UFC,1,17.5,Robinsons Easymart,EASTMART - BETTER LIVING PARANAQUE,,,
3596,2591,14/10/2024 15:25,2024-10-14 20:55:42,35900200416973,UFC S/FST C/OILP1L,UFC,3,356.25,Puregold,PUREGOLD MABINI BACOLOD,,,
5044,2592,14/10/2024 13:28,2024-10-14 22:38:23,3600005573,UFC BNNA CTSUP 4K,UFC,1,69.5,SM Savemore,SAVEMORE SALITRAN,,,
5044,2592,14/10/2024 13:28,2024-10-14 22:38:23,3600005573,RR MECHADO 200G,UFC,1,32.5,SM Savemore,SAVEMORE SALITRAN,,,
2045,2594,24/09/2024 10:09,2024-10-15 01:08:00,00023263,DPUTI VIN SUP 200ML/60,Datu Puti,1,17.5,WalterMart Supermarket Inc,WALTERMART TRECE MARTIRES,,,
2045,2594,24/09/2024 10:09,2024-10-15 01:08:00,00023263,JFRAN SCE HOTCHLI 165GR/2,Jufran,1,52,WalterMart Supermarket Inc,WALTERMART TRECE MARTIRES,,,
2045,2594,24/09/2024 10:09,2024-10-15 01:08:00,00023263,MTOMS SCE LECHON REG 325G,Mang Tomas,1,38,WalterMart Supermarket Inc,WALTERMART TRECE MARTIRES,,,
2045,2594,24/09/2024 10:09,2024-10-15 01:08:00,00023263,DPUTI SCE SOY SUP 340ML/3,Datu Puti,1,20.75,WalterMart Supermarket Inc,WALTERMART TRECE MARTIRES,,,
2045,2594,24/09/2024 10:09,2024-10-15 01:08:00,00023263,DPUTI FSCE PATIS PET 350M,Datu Puti,1,26.25,WalterMart Supermarket Inc,WALTERMART TRECE MARTIRES,,,
3578,2595,15/10/2024 8:17,2024-10-15 09:04:13,72100700414749,DP VINEGAR 1L SUP,Datu Puti,3,119.25,Puregold,PUREGOLD JR BALARA QC,,,
3578,2595,15/10/2024 8:17,2024-10-15 09:04:13,72100700414749,<< UFC T/A B/KET32,UFC,1,27.5,Puregold,PUREGOLD JR BALARA QC,,,
4663,2596,15/10/2024 8:51,2024-10-15 09:34:29,29-00206125,SPR FSTA COCO 1L PET,UFC,1,133.5,SM Savemore,SAVEMORE AGORA LUCENA,,,
4663,2596,15/10/2024 8:51,2024-10-15 09:34:29,29-00206125,DP VINEGAR 1L SUP,Datu Puti,1,43,SM Savemore,SAVEMORE AGORA LUCENA,,,
3266,2598,15/10/2024 12:22,2024-10-15 12:16:20,2300278568,DATU PUTI VINEGAR JUMBO 30/385,Datu Puti,1,19.5,SM Savemore,SAVEMORE BROADWAY,,,
4734,2599,15/10/2024 12:07,2024-10-15 12:43:52,0000052373,CC*UFC BNNA CTSUP 1K,UFC,1,68.75,Robinsons Supermarket,ROBINSONS RP METROEAST,,,
4734,2599,15/10/2024 12:07,2024-10-15 12:43:52,0000052373,MT SARSA BDGT PK100G,Mang Tomas,1,11.5,Robinsons Supermarket,ROBINSONS RP METROEAST,,,
4734,2599,15/10/2024 12:07,2024-10-15 12:43:52,0000052373,DP PATIS 350ML,Datu Puti,1,26.25,Robinsons Supermarket,ROBINSONS RP METROEAST,,,
4734,2599,15/10/2024 12:07,2024-10-15 12:43:52,0000052373,SLVRSWN VNGR 1L,Silver Swan,1,44.75,Robinsons Supermarket,ROBINSONS RP METROEAST,,,
733,2601,14/10/2024 12:55,2024-10-15 15:59:35,85700500110144,UFC SWT CHILI 340,UFC,6,249.6,Puregold,PUREGOLD - NUEVA ECIJA,,,
733,2601,14/10/2024 12:55,2024-10-15 15:59:35,85700500110144,DP SOYSCE 1L,Datu Puti,12,612,Puregold,PUREGOLD - NUEVA ECIJA,,,
2570,2602,15/10/2024 16:18,2024-10-15 19:00:50,0400214072,$UFC GFP/OL950ML,UFC,1,122.5,SM Savemore,SAVEMORE SILAY,,,
2570,2602,15/10/2024 16:18,2024-10-15 19:00:50,0400214072,DATU PUTI VINEGAR JUMBO 30/385,Datu Puti,1,19.5,SM Savemore,SAVEMORE SILAY,,,
2570,2602,15/10/2024 16:18,2024-10-15 19:00:50,0400214072,DP SOY SAUCE 385ML,Datu Puti,1,22,SM Savemore,SAVEMORE SILAY,,,
3257,2605,15/10/2024 18:19,2024-10-15 22:05:39,000019593,GOLDEN FIESTA CANOLA OIL 1L/12,Golden Fiesta,1,128,SM Hypermarket,HYPERMARKET LAS PIÑAS,,,
2664,2607,16/10/2024 10:26,2024-10-16 12:33:19,0500083907,GF PALM OIL 1L SUP,Golden Fiesta,1,113.5,SM Savemore,SAVEMORE BAGBAGUIN,,,
4005,2609,28/09/2024 19:32,2024-10-16 16:18:37,103-016-00077988,$UFC GF CNLA OIL1,UFC,1,134,Puregold,PUREGOLD MAKATI,,,
2045,2611,12/10/2024 10:43,2024-10-16 21:32:33,00-001033,GFSTA OIL CANOLA SUP 1LT/,Golden Fiesta,2,500,WalterMart Supermarket Inc,WALTERMART TRECE MARTIRES,,,
2045,2611,12/10/2024 10:43,2024-10-16 21:32:33,00-001033,DPUTI FSCE PATIS 1LT/12,Datu Puti,1,77,WalterMart Supermarket Inc,WALTERMART TRECE MARTIRES,,,
4179,2614,15/10/2024 13:47,2024-10-17 11:47:10,372-006-00452508,<<PAPA B/KTCHP320G,Papa,1,9.25,Puregold,PUREGOLD ANGELES-MAGALANG ROAD,,,
4179,2614,15/10/2024 13:47,2024-10-17 11:47:10,372-006-00452508,DP SOY SAUCE 100ML,Datu Puti,1,6.6,Puregold,PUREGOLD ANGELES-MAGALANG ROAD,,,
2501,2615,09/10/2024 11:07,2024-10-17 14:30:18,54-00003861,DP SPCD VIN350ML,Datu Puti,1,47.5,SM Savemore,SAVEMORE MARIKINA,,,
2501,2615,09/10/2024 11:07,2024-10-17 14:30:18,54-00003861,MT LECHON SCE550G,Mang Tomas,1,50,SM Savemore,SAVEMORE MARIKINA,,,
3578,2616,17/10/2024 14:08,2024-10-17 14:52:50,72100700415244,DP VINEGAR 1L SUP,Datu Puti,3,119.25,Puregold,PUREGOLD JR BALARA QC,,,
3578,2616,17/10/2024 14:08,2024-10-17 14:52:50,72100700415244,UFC SWT CHILI 340,UFC,1,41.6,Puregold,PUREGOLD JR BALARA QC,,,
3519,2617,01/10/2024 9:58,2024-10-17 15:16:24,135-016-00201335,DP VINEGAR 1L SUP,Datu Puti,2,79.5,Puregold,PUREGOLD NORTH COMMONWEALTH,,,
3519,2617,01/10/2024 9:58,2024-10-17 15:16:24,135-016-00201335,UFC SWT CHILI 340,UFC,1,41.6,Puregold,PUREGOLD NORTH COMMONWEALTH,,,
4730,2621,17/10/2024 16:00,2024-10-17 17:48:55,21600400180534,JUF THAI SCE 200ML,Jufran,1,50.5,Puregold,PUREGOLD MOLINO RD,,,
4730,2621,17/10/2024 16:00,2024-10-17 17:48:55,21600400180534,DP WHT VIN 1L,Datu Puti,1,41.25,Puregold,PUREGOLD MOLINO RD,,,
3488,2624,03/10/2024 19:53,2024-10-17 20:48:20,00-047624,GFSTA OIL CANOLA 1LT/12,Golden Fiesta,2,36,WalterMart Supermarket Inc,WALTERMART NORTH EDSA,,,
4962,2625,16/10/2024 9:00,2024-10-17 20:49:50,31800600268304,D/PUTI OYSTRFC150G,Datu Puti,1,26.75,Puregold,PUREGOLD DEPARO,,,
4962,2625,16/10/2024 9:00,2024-10-17 20:49:50,31800600268304,DATU PUTI VINEGAR JUMBO 30/385,Datu Puti,1,15.5,Puregold,PUREGOLD DEPARO,,,
4962,2625,16/10/2024 9:00,2024-10-17 20:49:50,31800600268304,$UFC GFP/OL1LSUP,UFC,1,119,Puregold,PUREGOLD DEPARO,,,
4962,2625,16/10/2024 9:00,2024-10-17 20:49:50,31800600268304,$UFC GF CNLA OIL1,UFC,1,134,Puregold,PUREGOLD DEPARO,,,
764,2630,16/10/2024 18:31,2024-10-18 07:00:02,288-007-00118466,UFC SWT CHILI 340,UFC,12,189,Puregold,Puregold - AMANG RODRIGUEZ,,,
764,2630,16/10/2024 18:31,2024-10-18 07:00:02,288-007-00118466,DP PATIS 1L,Datu Puti,36,2583,Puregold,Puregold - AMANG RODRIGUEZ,,,
3726,2634,20/10/2024 18:31,2024-10-21 01:51:43,0000108282,UFC B.CATSUP 320GSPC,UFC,1,25.5,Robinsons Supermarket,ROBINSONS GENERAL TRIAS,,,
5092,2635,18/10/2024 8:58,2024-10-21 06:46:34,25-00054802,SILVR SWAN VIN3785,Silver Swan,2,39,SM Savemore,SAVEMORE BINANGONAN RIZAL,,,
4005,2636,16/09/2024 18:38,2024-10-21 07:58:56,108-014-00074310,$UFC GF CNLA OIL1,UFC,1,134,Puregold,PUREGOLD MAKATI,,,
4005,2637,19/10/2024 19:53,2024-10-21 09:21:46,108-019-00136901,$UFC GF CNLA OIL1,UFC,1,134,Puregold,PUREGOLD MAKATI,,,
4005,2637,19/10/2024 19:53,2024-10-21 09:21:46,108-019-00136901,<< UFC T/A B/KET32,UFC,1,27.5,Puregold,PUREGOLD MAKATI,,,
4005,2637,19/10/2024 19:53,2024-10-21 09:21:46,108-019-00136901,DP WHT VIN 1L,Datu Puti,1,41.25,Puregold,PUREGOLD MAKATI,,,
4005,2637,19/10/2024 19:53,2024-10-21 09:21:46,108-019-00136901,UFC P&S MSHRM 400G,UFC,1,56.95,Puregold,PUREGOLD MAKATI,,,
5096,2639,21/10/2024 8:43,2024-10-21 11:16:31,21-00296776,SILVR SWAN VIN3785,Silver Swan,1,19.5,SM Savemore,SAVEMORE NEPA,,,
4130,2641,20/10/2024 16:18,2024-10-21 12:11:31,0000036311,DPOYSTERRIFICSCE150G,Datu Puti,1,29.75,Robinsons Supermarket,ROBINSONS CIRCLE C CONGRESSIONAL,,,
4130,2641,20/10/2024 16:18,2024-10-21 12:11:31,0000036311,SLVRWOW SARAP8GX12MP,Silver Swan,1,33,Robinsons Supermarket,ROBINSONS CIRCLE C CONGRESSIONAL,,,
4130,2641,20/10/2024 16:18,2024-10-21 12:11:31,0000036311,UFC CRCKED PEPPER30G,UFC,1,54.5,Robinsons Supermarket,ROBINSONS CIRCLE C CONGRESSIONAL,,,
4130,2641,20/10/2024 16:18,2024-10-21 12:11:31,0000036311,DP PATIS 350ML,Datu Puti,1,26.25,Robinsons Supermarket,ROBINSONS CIRCLE C CONGRESSIONAL,,,
4130,2641,20/10/2024 16:18,2024-10-21 12:11:31,0000036311,UFCGFCANOLA1LDUOPACK,UFC,1,255,Robinsons Supermarket,ROBINSONS CIRCLE C CONGRESSIONAL,,,
4083,2642,17/10/2024 18:33,2024-10-21 17:54:40,010289626 18,GOLDEN FIESTA CANOLA OIL 1L/12,Golden Fiesta,1,128,SM Supermarket,SM SUPERMARKET FAIRVIEW,,,
4962,2644,01/09/2024 10:32,2024-10-21 21:16:21,31800500307507,$UFC GFP/OL950ML,UFC,1,122,Puregold,PUREGOLD DEPARO,,,
4962,2644,01/09/2024 10:32,2024-10-21 21:16:21,31800500307507,$UFC GF CNLA OIL1,UFC,1,134,Puregold,PUREGOLD DEPARO,,,
4962,2644,01/09/2024 10:32,2024-10-21 21:16:21,31800500307507,UFC WHLCORNKRN185G,UFC,1,34.5,Puregold,PUREGOLD DEPARO,,,
2045,2648,21/10/2024 15:58,2024-10-22 05:30:38,000108014 15,UFC BNNA CTSUP 4K,UFC,1,130,SM Hypermarket,Hypermarket Naic,,,
3578,2653,22/10/2024 8:53,2024-10-22 09:35:07,135-016-00203293,UFC SWT CHILI 340,UFC,1,41.6,Puregold,PUREGOLD TERRACES,,,
3578,2653,22/10/2024 8:53,2024-10-22 09:35:07,135-016-00203293,M.TOMAS LCHNSCE325,Mang Tomas,1,35,Puregold,PUREGOLD TERRACES,,,
3578,2653,22/10/2024 8:53,2024-10-22 09:35:07,135-016-00203293,DP VINEGAR 1L SUP,Datu Puti,3,119.25,Puregold,PUREGOLD TERRACES,,,
2684,2656,22/10/2024 10:28,2024-10-22 10:31:31,20-00060541,GOLDEN FIESTA CANOLA OIL 1L/12,Golden Fiesta,1,134,SM Savemore,SAVEMORE ILAGAN 2,,,
2684,2656,22/10/2024 10:28,2024-10-22 10:31:31,20-00060541,DP SOYSCE 1L,Datu Puti,1,51,SM Savemore,SAVEMORE ILAGAN 2,,,
3728,2664,22/10/2024 18:42,2024-10-22 19:24:25,0500192459,HAPI FSTA VEG 1L,Hapi Fiesta,1,112.5,SM Savemore,SAVEMORE NAGTAHAN,,,
2664,2665,20/10/2024 11:05,2024-10-22 20:48:03,0400085782,GF PALM OIL 1L SUP,Golden Fiesta,1,118.5,SM Savemore,SAVEMORE BAGBAGUIN,,,
2664,2665,20/10/2024 11:05,2024-10-22 20:48:03,0400085782,UFC 2N1 TOMATO SAUCE 24/200G 200,UFC,1,24.2,SM Savemore,SAVEMORE BAGBAGUIN,,,
1832,2668,20/10/2024 3:10,2024-10-23 08:17:37,223-004 00567017,SLVRSWN SOYSCE 100ML,Silver Swan,5,52.5,Puregold,PUREGOLD SAN MATEO RIZAL,,,
1832,2668,20/10/2024 3:10,2024-10-23 08:17:37,223-004 00567017,JUF SWT CHILI 330G,Jufran,1,51.5,Puregold,PUREGOLD SAN MATEO RIZAL,,,
5092,2669,18/10/2024 8:57,2024-10-23 08:25:59,2500054801,SILVR SWAN VIN3785,Silver Swan,1,19.5,SM Savemore,SAVEMORE BINANGONAN RIZAL,,,
5140,2677,23/10/2024 12:08,2024-10-23 12:47:59,0000330097,HF VEG OIL 900ML SUP,Hapi Fiesta,1,118.75,Robinsons Supermarket,ROBINSONS TOWNVILLE BUHAY NA TUBIG,,,
5140,2677,23/10/2024 12:08,2024-10-23 12:47:59,0000330097,UFC SPAG SAUCE 500G,UFC,1,54,Robinsons Supermarket,ROBINSONS TOWNVILLE BUHAY NA TUBIG,,,
5142,2680,23/10/2024 13:43,2024-10-23 14:29:00,0000953005,CC*SLVRSWN SOY SCE1L,Silver Swan,1,57.75,Robinsons Supermarket,ROBINSONS RP LOS BANOS,,,
5142,2680,23/10/2024 13:43,2024-10-23 14:29:00,0000953005,UFC SPAG SAUCE 500G,UFC,1,53.75,Robinsons Supermarket,ROBINSONS RP LOS BANOS,,,
4527,2684,22/10/2024 8:23,2024-10-23 15:40:27,396-005-00323276,DATU PUTI VINEGAR JUMBO 30/385,Datu Puti,1,15.5,Puregold,PUREGOLD ILWAS,,,
4527,2684,22/10/2024 8:23,2024-10-23 15:40:27,396-005-00323276,<<DP SOYSCE 385ML,Datu Puti,1,21.25,Puregold,PUREGOLD ILWAS,,,
4527,2684,22/10/2024 8:23,2024-10-23 15:40:27,396-005-00323276,GFSTA/POC485MLPI,Golden Fiesta,1,80,Puregold,PUREGOLD ILWAS,,,
4527,2684,22/10/2024 8:23,2024-10-23 15:40:27,396-005-00323276,<<PAPA B/KTCHP320G,Papa,1,9.75,Puregold,PUREGOLD ILWAS,,,
4527,2684,22/10/2024 8:23,2024-10-23 15:40:27,396-005-00323276,DPOYSTERRIFICSCE150G,Datu Puti,1,13,Puregold,PUREGOLD ILWAS,,,
526,2687,23/10/2024 19:23,2024-10-23 20:57:52,154-012-00455988,$UFC 2N1 SS 1K,UFC,1,84.25,Puregold,PUREGOLD TDC SUSANO NOVALICHES QC,,,
5155,2689,21/10/2024 15:40,2024-10-23 22:33:21,12-00196247,DPUTI VIN SUP 200ML/60,Datu Puti,1,9.25,SM Savemore,SAVEMORE MEZZA,,,
5155,2690,23/09/2024 16:37,2024-10-23 22:37:22,35-00103436,UFC BANANA CATSUP 18/550G,UFC,1,42.5,SM Savemore,SAVEMORE MEZZA,,,
5063,2694,10/08/2024 20:35,2024-10-23 22:48:23,000132468,UFC BNNA CTSUP 4K,UFC,1,69.5,SM Supermarket,SM SUPERMARKET CUBAO,,,
5063,2694,10/08/2024 20:35,2024-10-23 22:48:23,000132468,UFC CRAB AND CORN SOUP 36/60G,UFC,1,0,SM Supermarket,SM SUPERMARKET CUBAO,,,
5063,2694,10/08/2024 20:35,2024-10-23 22:48:23,000132468,UFC IODZD SALT150G,UFC,1,13.5,SM Supermarket,SM SUPERMARKET CUBAO,,,
5063,2694,10/08/2024 20:35,2024-10-23 22:48:23,000132468,UFC TOMATO SAUCE115G,UFC,2,38.3,SM Supermarket,SM SUPERMARKET CUBAO,,,
528,2697,23/10/2024 19:23,2024-10-24 01:42:51,154-012-00455989,$UFC GFP/OL1LSUP,UFC,1,119,Puregold,PUREGOLD TDC SUSANO NOVALICHES QC,,,
930,2699,23/10/2024 17:13,2024-10-24 09:24:59,0000323702,UFC SPAG SWAKTOPACK,UFC,1,73,Robinsons Supermarket,ROBINSONS - Rockwell Drive,,,
3919,2700,23/10/2024 15:12,2024-10-24 10:16:55,0000028974,CC*MT LCHNSCEREG325G,Mang Tomas,1,37.5,Robinsons Supermarket,ROBINSONS CLOVERLEAF,,,
3919,2700,23/10/2024 15:12,2024-10-24 10:16:55,0000028974,GS*UFC BNNACTSUP320G,UFC,1,28.5,Robinsons Supermarket,ROBINSONS CLOVERLEAF,,,
3919,2702,24/10/2024 11:49,2024-10-24 12:19:44,0000065236,DP WHT VNGR SUP 1L,Datu Puti,1,41,Robinsons Supermarket,ROBINSONS CLOVERLEAF,,,
2501,2710,23/10/2024 13:01,2024-10-24 13:55:37,2900041860,JFRN RED H CHILI165,Jufran,1,49.5,SM Savemore,SAVEMORE SHOE AVENUE,,,
2501,2711,23/10/2024 13:01,2024-10-24 13:55:37,178248,JFRN RED H CHILI165,Jufran,1,49.5,SM Savemore,SAVEMORE SHOE AVENUE,,,
526,2714,24/10/2024 18:41,2024-10-24 20:56:15,4-00239917,UFC BANANA CATSU 24/320 GRAMS.,UFC,2,57,SM Savemore,SAVEMORE NOVALICHES,,,
527,2720,24/10/2024 19:38,2024-10-25 02:41:25,136-008-00588572,<< DP W/VIN 385ML,Datu Puti,1,7.7,Puregold,PUREGOLD NOVALICHES,,,
527,2720,24/10/2024 19:38,2024-10-25 02:41:25,136-008-00588572,UFC CORN KRNEL425G,UFC,1,43.75,Puregold,PUREGOLD NOVALICHES,,,
2349,2733,25/10/2024 14:17,2024-10-25 16:49:41,15400500798876,<< DP W/VIN 385ML,Datu Puti,7,53.2,Puregold,PUREGOLD TDC SUSANO NOVALICHES QC,,,
2064,2734,25/10/2024 17:38,2024-10-25 19:50:31,00025660,LCLY JUICE GUYABANO 1L/12,Locally,1,106,WalterMart Supermarket Inc,WALTERMART CABANATUAN,,,
3887,2735,26/10/2024 8:52,2024-10-26 10:01:21,14000900487700,UFC CHICK&CORN60G,UFC,1,49.25,Puregold,PUREGOLD ANGELES,,,
3887,2735,26/10/2024 8:52,2024-10-26 10:01:21,14000900487700,UFC CRMMUSHROOM70G,UFC,1,43.75,Puregold,PUREGOLD ANGELES,,,
4631,2736,25/10/2024 15:17,2024-10-26 12:30:47,0000102138,DP ADBO SPICY 180ML,Datu Puti,1,38.5,Robinsons Supermarket,ROBINSONS - Bignay,,,
4631,2736,25/10/2024 15:17,2024-10-26 12:30:47,0000102138,UFC BC HOT 320G,UFC,1,36,Robinsons Supermarket,ROBINSONS - Bignay,,,
4631,2736,25/10/2024 15:17,2024-10-26 12:30:47,0000102138,UFC SPAG SAUCE 500G,UFC,1,53.75,Robinsons Supermarket,ROBINSONS - Bignay,,,
4130,2737,26/10/2024 16:43,2024-10-26 18:02:29,0000015049,UFC CRM OF MSHRM 70G,UFC,1,38.75,Robinsons Supermarket,ROBINSONS CIRCLE C CONGRESSIONAL,,,
3515,2738,26/10/2024 17:20,2024-10-26 18:40:02,007745,DATU PUTI OYSTER150G,Datu Puti,1,30,SM Savemore,SAVEMORE BORACAY,,,
5197,2739,26/10/2024 15:46,2024-10-26 21:22:10,0000456720,UFC BNNA CTSUP 2K,UFC,1,126.75,Robinsons Supermarket,ROBINSONS C3 MALL PAGADIAN,,,
2045,2742,26/10/2024 12:41,2024-10-27 10:09:58,00025476,JFRAN SCE HOTCHLI 165GR/2,Jufran,1,52,WalterMart Supermarket Inc,WALTERMART TRECE MARTIRES,,,
5201,2743,27/10/2024 13:25,2024-10-27 13:59:16,010442359,GOLDEN FIESTA CANOLA OIL 1L/12,Golden Fiesta,1,134,SM Supermarket,SM SUPERMARKET BACOOR,,,
5201,2743,27/10/2024 13:25,2024-10-27 13:59:16,010442359,UFC CRMY AP SCE200G,UFC,1,59.5,SM Supermarket,SM SUPERMARKET BACOOR,,,
2853,2744,27/10/2024 14:12,2024-10-27 16:11:55,0000189419,SO*DP WHT VNGR 1LX12,Datu Puti,1,42.75,Robinsons Supermarket,ROBINSONS - Metrotown Tarlac,,,
2853,2744,27/10/2024 14:12,2024-10-27 16:11:55,0000189419,SO*DPPNOYSPCVIN375ML,Datu Puti,1,106.25,Robinsons Supermarket,ROBINSONS - Metrotown Tarlac,,,
3427,2745,27/10/2024 10:51,2024-10-27 17:08:40,0800171537,SPR FSTA COCO 1L SUP,UFC,1,118.5,SM Savemore,SAVEMORE PILI,,,
3427,2745,27/10/2024 10:51,2024-10-27 17:08:40,0800171537,UFC BNNA CTSUP 4K,UFC,1,69.5,SM Savemore,SAVEMORE PILI,,,
4734,2746,27/10/2024 17:09,2024-10-27 18:03:05,0000024190,UFC GF CANOLA 1L SUP,UFC,1,138,Robinsons Supermarket,ROBINSONS KARANGALAN PASIG,,,
5203,2749,15/10/2024 16:38,2024-10-27 18:22:20,000155128,UFC GF CANOLA OIL2L,UFC,1,248,SM Supermarket,SM SUPERMARKET MARIKINA,,,
5203,2749,15/10/2024 16:38,2024-10-27 18:22:20,000155128,DP PATIS 350ML,Datu Puti,1,26,SM Supermarket,SM SUPERMARKET MARIKINA,,,
5203,2749,15/10/2024 16:38,2024-10-27 18:22:20,000155128,UFC GF BGCRNCH BM60G,UFC,3,148.5,SM Supermarket,SM SUPERMARKET MARIKINA,,,
526,2752,27/10/2024 18:47,2024-10-27 22:04:51,13601000072191,DP SOY SCE 200ML,Datu Puti,5,50.75,Puregold,PUREGOLD BANKERS,,,
527,2753,27/10/2024 18:45,2024-10-27 22:08:00,13601000072188,DP PATIS 350ML,Datu Puti,2,50,Puregold,PUREGOLD BAESA NOVALICHES QC,,,
5206,2758,27/10/2024 19:57,2024-10-27 23:48:49,010506800,UFC GF CANOLA OIL2L,UFC,1,247,SM Supermarket,SM SUPERMARKET LUCENA,,,
733,2759,26/10/2024 11:10,2024-10-28 11:06:31,857-003-00188084,UFC T/A B/KTCHP2K,UFC,1,125.75,Puregold,NE BODEGA SALES SAN JOSE,,,
733,2759,26/10/2024 11:10,2024-10-28 11:06:31,857-003-00188084,$UFC T/A B/KTCHP1K,UFC,3,206.25,Puregold,NE BODEGA SALES SAN JOSE,,,
733,2759,26/10/2024 11:10,2024-10-28 11:06:31,857-003-00188084,MT LECHON SCE550G,Mang Tomas,8,388,Puregold,NE BODEGA SALES SAN JOSE,,,
3206,2761,28/10/2024 10:35,2024-10-28 13:55:14,24300300324786,UFC P&S MSHRM 400G,UFC,1,105.9,Puregold,PUREGOLD CENTRO SANTIAGO,,,
3919,2762,28/10/2024 15:15,2024-10-28 15:25:47,0000119732,GOLDENSAVERSDUOPACK,Golden Fiesta,1,217,Robinsons Supermarket,ROBINSONS CLOVERLEAF,,,
5029,2764,02/10/2024 12:02,2024-10-28 16:12:40,15400500792718,<< DP SOYSCE 385ML,Datu Puti,1,21.25,Puregold,PUREGOLD TDC SUSANO NOVALICHES QC,,,
5029,2764,02/10/2024 12:02,2024-10-28 16:12:40,15400500792718,DP VNGR PCH 350ML,Datu Puti,1,15.5,Puregold,PUREGOLD TDC SUSANO NOVALICHES QC,,,
5203,2766,28/10/2024 7:05,2024-10-29 08:34:03,712-004-00393154,$UFC GF CNLA OIL1,UFC,1,134,Puregold,PUREGOLD JR MARIKINA,,,
3887,2768,29/10/2024 7:51,2024-10-29 08:37:34,0000058377,CC*SLRSWNSUKA PUTI1L,Silver Swan,1,44.75,Robinsons Easymart,Robinsons Easymart - Tabun,,,
3887,2768,29/10/2024 7:51,2024-10-29 08:37:34,0000058377,MT LCHNSCE REG550G,Mang Tomas,1,53,Robinsons Easymart,Robinsons Easymart - Tabun,,,
3887,2768,29/10/2024 7:51,2024-10-29 08:37:34,0000058377,UFC CHCKN AND CRN60G,UFC,1,46,Robinsons Easymart,Robinsons Easymart - Tabun,,,
3887,2768,29/10/2024 7:51,2024-10-29 08:37:34,0000058377,UFC CRAB AND CORN60G,UFC,1,46,Robinsons Easymart,Robinsons Easymart - Tabun,,,
5156,2769,28/10/2024 18:52,2024-10-29 08:41:14,0000306881,GS*UFC BNNACTSUP320G,UFC,1,29.75,Robinsons Supermarket,ROBINSONS - Rockwell Drive,,,
5223,2773,12/10/2024 7:35,2024-10-29 11:10:13,121-002-00756207,DPOYSTERRIFICSCE150G,Datu Puti,2,26,Puregold,PUREGOLD AGORA SAN JUAN,,,
5223,2775,21/10/2024 10:15,2024-10-29 12:01:08,121-010-00265076,DP SOY SCE 200ML,Datu Puti,1,10.15,Puregold,PUREGOLD AGORA SAN JUAN,,,
3985,2776,29/10/2024 17:34,2024-10-29 18:29:31,64501400040548,DP SOYSCE 1L,Datu Puti,1,51,Puregold,PUREGOLD CIRCUMFERENTIAL ROAD CABANATUAN,,,
3985,2776,29/10/2024 17:34,2024-10-29 18:29:31,64501400040548,DP VINEGAR 1L SUP,Datu Puti,1,39.75,Puregold,PUREGOLD CIRCUMFERENTIAL ROAD CABANATUAN,,,
874,2777,29/10/2024 18:30,2024-10-29 19:45:27,72700400638387,UFC BA/C 550G/530G,UFC,1,44.25,Puregold,PUREGOLD JR JUAN LUNA TONDO,,,
874,2777,29/10/2024 18:30,2024-10-29 19:45:27,72700400638387,DP VINEGAR 1L SUP,Datu Puti,1,39.75,Puregold,PUREGOLD JR JUAN LUNA TONDO,,,
528,2778,29/10/2024 19:38,2024-10-29 21:27:33,13600600421331,DP SOY SCE 200ML,Datu Puti,5,50.75,Puregold,PUREGOLD NOVALICHES,,,
527,2779,29/10/2024 19:40,2024-10-29 21:31:53,136-006-00421333,DP PATIS 350ML,Datu Puti,2,50,Puregold,PUREGOLD NOVALICHES,,,
2349,2790,29/10/2024 19:40,2024-10-30 08:00:12,13600600421334,DP VNGR PCH 350ML,Datu Puti,3,50.25,Puregold,PUREGOLD NOVALICHES,,,
5140,2791,30/10/2024 11:36,2024-10-30 12:03:57,363-023-00116108,HAPI FSTA VEG 1L,Hapi Fiesta,1,113,Puregold,PUREGOLD BUHAY NA TUBIG,,,
5239,2792,28/10/2024 9:22,2024-10-30 12:31:09,000066657,PAPA SPSAU PASTA PACK/12,Papa,1,105,SM Hypermarket,HYPERMARKET DAET,,,
4130,2802,30/10/2024 16:44,2024-10-30 18:21:34,0000013571,DP OYSTRIFICOYSTR430,Datu Puti,1,91.5,Robinsons Supermarket,ROBINSONS CIRCLE C CONGRESSIONAL,,,
4130,2802,30/10/2024 16:44,2024-10-30 18:21:34,0000013571,UFC 2IN1 SPAGSCE250G,UFC,1,31.25,Robinsons Supermarket,ROBINSONS CIRCLE C CONGRESSIONAL,,,
4130,2802,30/10/2024 16:44,2024-10-30 18:21:34,0000013571,UFC 2IN1 TOM SCE200G,UFC,2,50,Robinsons Supermarket,ROBINSONS CIRCLE C CONGRESSIONAL,,,
4130,2802,30/10/2024 16:44,2024-10-30 18:21:34,0000013571,UFC GREEN PEAS 155G,UFC,2,27.5,Robinsons Supermarket,ROBINSONS CIRCLE C CONGRESSIONAL,,,
4130,2802,30/10/2024 16:44,2024-10-30 18:21:34,0000013571,UFC SPAG SAUCE 500G,UFC,1,53.75,Robinsons Supermarket,ROBINSONS CIRCLE C CONGRESSIONAL,,,
4884,2804,30/10/2024 11:14,2024-10-30 19:31:31,0600267197,UFC BANANA KETCHUP 200G/48 20,UFC,1,19.5,SM Savemore,SaveMore Tanauan,,,
4811,2805,30/10/2024 17:28,2024-10-30 20:33:16,19400500222008,DP WHT VIN 1L,Datu Puti,1,41.25,Puregold,PUREGOLD LA UNION,,,
4811,2805,30/10/2024 17:28,2024-10-30 20:33:16,19400500222008,SS PATIS 1L PFT,Silver Swan,1,65.75,Puregold,PUREGOLD LA UNION,,,
3181,2807,30/10/2024 8:28,2024-10-30 21:19:09,374-008-00357316,DP VINEGAR 1L SUP,Datu Puti,1,39.75,Puregold,PUREGOLD SINDALAN,,,
3181,2807,30/10/2024 8:28,2024-10-30 21:19:09,374-008-00357316,M.TOMAS LCHNSCE325,Mang Tomas,1,35,Puregold,PUREGOLD SINDALAN,,,
3593,2812,02/10/2024 17:56,2024-10-30 22:39:17,731-005-00424644,S/SWAN SOY340/350M,Silver Swan,1,19.25,Puregold,PUREGOLD JR PANDACAN,,,
3593,2814,25/10/2024 17:47,2024-10-30 23:06:20,731-015-00285098,$UFC GF CNLA OIL1,UFC,1,134,Puregold,PUREGOLD JR PANDACAN,,,
3593,2814,25/10/2024 17:47,2024-10-30 23:06:20,731-015-00285098,<< UFC T/A B/KET32,UFC,1,27.5,Puregold,PUREGOLD JR PANDACAN,,,
4005,2818,30/10/2024 19:44,2024-10-31 09:44:13,108-017-00186907,UFC S/FST C/OILP1L,UFC,1,120.75,Puregold,Puregold - SINGKAMAS MAKATI,,,
4005,2818,30/10/2024 19:44,2024-10-31 09:44:13,108-017-00186907,UFC P&S MSHRM 400G,UFC,1,56.95,Puregold,Puregold - SINGKAMAS MAKATI,,,
5201,2822,31/10/2024 11:50,2024-10-31 12:37:37,13300900164788,D/PUTI OYSTRFC150G,Datu Puti,1,26.75,Puregold,PUREGOLD BACOOR CAVITE,,,
5201,2822,31/10/2024 11:50,2024-10-31 12:37:37,13300900164788,D/PUTI S/SCE340ML,Datu Puti,1,19,Puregold,PUREGOLD BACOOR CAVITE,,,
5029,2824,30/10/2024 12:11,2024-10-31 13:01:39,154-005-00800164,<< DP W/VIN 385ML,Datu Puti,1,18.25,Puregold,PUREGOLD NOVALICHES,,,
5029,2824,30/10/2024 12:11,2024-10-31 13:01:39,154-005-00800164,<< DP SOYSCE 385ML,Datu Puti,1,21.25,Puregold,PUREGOLD NOVALICHES,,,
5029,2824,30/10/2024 12:11,2024-10-31 13:01:39,154-005-00800164,DP PATIS 350ML,Datu Puti,1,25,Puregold,PUREGOLD NOVALICHES,,,
4985,2828,31/10/2024 11:40,2024-10-31 16:31:16,720-007-00346738,DP WHT VNGR 200ML,Datu Puti,4,30.8,Puregold,Puregold - MUZON II EAST,,,
4985,2828,31/10/2024 11:40,2024-10-31 16:31:16,720-007-00346738,DP SOY SCE 200ML,Datu Puti,4,39.8,Puregold,Puregold - MUZON II EAST,,,
4985,2828,31/10/2024 11:40,2024-10-31 16:31:16,720-007-00346738,DP PATIS 350ML,Datu Puti,2,26.8,Puregold,Puregold - MUZON II EAST,,,
3919,2831,30/10/2024 15:22,2024-10-31 18:37:29,0000120414,DP PRSPCKVIN1LSSCE1L,Datu Puti,1,88,Robinsons Supermarket,ROBINSONS - Rockwell Drive,,,
2664,2832,31/10/2024 10:55,2024-10-31 21:08:21,05-00085906,SILVR SWAN VIN3785,Silver Swan,1,19.5,SM Savemore,SAVEMORE BAGBAGUIN,,,
4720,2835,27/10/2024 19:36,2024-11-01 00:00:16,00045477,UFC CRAB AND CORN60G,UFC,1,51.25,WalterMart Supermarket Inc,WALTERMART MAKATI,,,
4962,2839,30/10/2024 9:24,2024-11-01 05:21:34,318-006-00270193,$UFC GFP/OL950ML,UFC,1,122,Puregold,PUREGOLD BAGONG SILANG,,,
4467,2841,01/11/2024 12:23,2024-11-01 15:40:55,113845,UFC CRMSTYLE CORN425,UFC,1,42.75,Gaisano Metro,METRO FRESH 'N EASY MINGLANILLA,,,
4467,2842,01/11/2024 12:23,2024-11-01 15:41:04,722741610020194,UFC CRMSTYLE CORN425,UFC,1,42.75,Gaisano Metro,METRO FRESH 'N EASY MINGLANILLA,,,
5201,2843,11/02/2024 9:58,2024-11-02 10:01:59,000030802,GOLDEN FIESTA CANOLA OIL 1L/12,Golden Fiesta,1,128,SM Supermarket,SM SUPERMARKET BACOOR,,,
5201,2843,11/02/2024 9:58,2024-11-02 10:01:59,000030802,UFC CRMY AP SCE200G,UFC,1,59.5,SM Supermarket,SM SUPERMARKET BACOOR,,,
5024,2845,20/10/2024 13:42,2024-11-03 00:15:53,0000117781,DP SOY SCE PCH 340ML,Datu Puti,1,19.75,Robinsons Supermarket,ROBINSONS - Shopking Commercial Center,,,
5024,2845,20/10/2024 13:42,2024-11-03 00:15:53,0000117781,DP WHT VNGR BTL350ML,Datu Puti,1,17.5,Robinsons Supermarket,ROBINSONS - Shopking Commercial Center,,,
5233,2849,03/11/2024 19:38,2024-11-03 19:49:37,010324750,UFC P&S MSHRM 400G,UFC,1,51.5,SM Hypermarket,HYPERMARKET MANDALUYONG,,,
5233,2849,03/11/2024 19:38,2024-11-03 19:49:37,010324750,LOCALLY ORIG CCNT 1L,Locally,2,91,SM Hypermarket,HYPERMARKET MANDALUYONG,,,
5269,2850,04/11/2024 11:21,2024-11-04 13:05:43,0000170202,CC*MT LCHNSCEREG325G,Mang Tomas,1,37.5,Robinsons Supermarket,ROBINSONS - Rockwell Drive,,,
5269,2850,04/11/2024 11:21,2024-11-04 13:05:43,0000170202,DP OYSTER SCE 30G,Datu Puti,5,30,Robinsons Supermarket,ROBINSONS - Rockwell Drive,,,
5269,2850,04/11/2024 11:21,2024-11-04 13:05:43,0000170202,DP PATIS 350ML,Datu Puti,1,26.25,Robinsons Supermarket,ROBINSONS - Rockwell Drive,,,
5269,2850,04/11/2024 11:21,2024-11-04 13:05:43,0000170202,SO*DP WHT VNGR 1LX12,Datu Puti,1,42.75,Robinsons Supermarket,ROBINSONS - Rockwell Drive,,,
5269,2850,04/11/2024 11:21,2024-11-04 13:05:43,0000170202,SPR FSTA COCO 1L PET,UFC,1,128,Robinsons Supermarket,ROBINSONS - Rockwell Drive,,,
5269,2850,04/11/2024 11:21,2024-11-04 13:05:43,0000170202,UFC CALDERETA 200G,UFC,1,33,Robinsons Supermarket,ROBINSONS - Rockwell Drive,,,
5269,2850,04/11/2024 11:21,2024-11-04 13:05:43,0000170202,UFC CHCKN AND CRN60G,UFC,1,49.5,Robinsons Supermarket,ROBINSONS - Rockwell Drive,,,
5269,2850,04/11/2024 11:21,2024-11-04 13:05:43,0000170202,UFC CRM OF MSHRM 70G,UFC,1,38.75,Robinsons Supermarket,ROBINSONS - Rockwell Drive,,,
5269,2850,04/11/2024 11:21,2024-11-04 13:05:43,0000170202,UFC FC BBMBAP RMX27G,UFC,1,21,Robinsons Supermarket,ROBINSONS - Rockwell Drive,,,
5269,2850,04/11/2024 11:21,2024-11-04 13:05:43,0000170202,UFC FC BC BBG RMX25G,UFC,1,21,Robinsons Supermarket,ROBINSONS - Rockwell Drive,,,
5269,2850,04/11/2024 11:21,2024-11-04 13:05:43,0000170202,UFC FC KIMCHI RMX25G,UFC,1,21,Robinsons Supermarket,ROBINSONS - Rockwell Drive,,,
5269,2850,04/11/2024 11:21,2024-11-04 13:05:43,0000170202,UFC GF BGCRNCH BM60G,UFC,1,15,Robinsons Supermarket,ROBINSONS - Rockwell Drive,,,
5269,2850,04/11/2024 11:21,2024-11-04 13:05:43,0000170202,UFC IODIZD SALT1000G,UFC,1,38.25,Robinsons Supermarket,ROBINSONS - Rockwell Drive,,,
5269,2850,04/11/2024 11:21,2024-11-04 13:05:43,0000170202,UFC MENUDO 200G,UFC,1,33,Robinsons Supermarket,ROBINSONS - Rockwell Drive,,,
5269,2850,04/11/2024 11:21,2024-11-04 13:05:43,0000170202,UFC MSHRM WHOLE 400G,UFC,1,60,Robinsons Supermarket,ROBINSONS - Rockwell Drive,,,
5269,2850,04/11/2024 11:21,2024-11-04 13:05:43,0000170202,UFC SINIGANG MIX 20G,UFC,2,23,Robinsons Supermarket,ROBINSONS - Rockwell Drive,,,
5269,2850,04/11/2024 11:21,2024-11-04 13:05:43,0000170202,UFC WHL KRNL CORN425,UFC,1,44,Robinsons Supermarket,ROBINSONS - Rockwell Drive,,,
5269,2851,29/10/2024 15:00,2024-11-04 13:29:04,0000054295,SPR FSTA COCO 1L SUP,UFC,1,125,Robinsons Supermarket,ROBINSONS - The District Mall Salawag,,,
5269,2852,25/09/2024 16:49,2024-11-04 13:36:15,0000052251,UFC RDYRCPS AFRTD200,UFC,1,33,Robinsons Supermarket,ROBINSONS - Rockwell Drive,,,
3887,2853,04/11/2024 13:33,2024-11-04 14:58:12,140-008-00403282,UFC CRB & CORN60G,UFC,1,49.25,Puregold,PUREGOLD ANGELES,,,
3887,2853,04/11/2024 13:33,2024-11-04 14:58:12,140-008-00403282,UFC CHICK&CORN60G,UFC,1,49.25,Puregold,PUREGOLD ANGELES,,,
5269,2855,01/10/2024 10:30,2024-11-05 08:52:31,0000137310,UFC FUNCHOW MEATY20G,UFC,1,15,Robinsons Supermarket,ROBINSONS ARVO DASMARINAS CAVITE,,,
5269,2855,01/10/2024 10:30,2024-11-05 08:52:31,0000137310,UFC FUNCHOWSEAFOOD20,UFC,1,14.25,Robinsons Supermarket,ROBINSONS ARVO DASMARINAS CAVITE,,,
5269,2855,01/10/2024 10:30,2024-11-05 08:52:31,0000137310,UFC CRM OF MSHRM 70G,UFC,1,99,Robinsons Supermarket,ROBINSONS ARVO DASMARINAS CAVITE,,,
5269,2855,01/10/2024 10:30,2024-11-05 08:52:31,0000137310,DP PATIS 350ML,Datu Puti,1,26.25,Robinsons Supermarket,ROBINSONS ARVO DASMARINAS CAVITE,,,
5269,2855,01/10/2024 10:30,2024-11-05 08:52:31,0000137310,DP WHT VNGR SUP 1L,Datu Puti,1,41,Robinsons Supermarket,ROBINSONS ARVO DASMARINAS CAVITE,,,
5269,2855,01/10/2024 10:30,2024-11-05 08:52:31,0000137310,SPR FSTA COCO 1L SUP,UFC,1,125,Robinsons Supermarket,ROBINSONS ARVO DASMARINAS CAVITE,,,
5269,2859,31/07/2024 11:51,2024-11-05 10:50:22,55-00093566,RR MENUDO 200G,UFC,1,32.5,SM Savemore,SAVEMORE SALITRAN,,,
4663,2862,05/11/2024 14:16,2024-11-05 14:37:25,0100180269,UFC GF CANOLA OIL2L,UFC,1,248,SM Savemore,SAVEMORE AGORA LUCENA,,,
3919,2864,05/11/2024 15:43,2024-11-05 15:50:51,0000032182,UFC FC BC BBG RMX25G,UFC,1,21,Robinsons Supermarket,ROBINSONS CLOVERLEAF,,,
3919,2864,05/11/2024 15:43,2024-11-05 15:50:51,0000032182,UFC FUNCHOW MEATY20G,UFC,1,15,Robinsons Supermarket,ROBINSONS CLOVERLEAF,,,
3919,2864,05/11/2024 15:43,2024-11-05 15:50:51,0000032182,UFC IODIZD SALT1000G,UFC,1,38.25,Robinsons Supermarket,ROBINSONS CLOVERLEAF,,,
733,2865,04/11/2024 17:22,2024-11-05 16:35:07,85700500111112,DP PATIS 350ML,Datu Puti,12,300,Puregold,PUREGOLD - NUEVA ECIJA,,,
733,2865,04/11/2024 17:22,2024-11-05 16:35:07,85700500111112,D/PUTI S/SCE340ML,Datu Puti,12,225,Puregold,PUREGOLD - NUEVA ECIJA,,,
752,2866,05/11/2024 9:58,2024-11-05 17:42:34,0000022724,CC*UFC BNNA CTSUP 1K,UFC,1,68.75,Robinsons Supermarket,ROBINSONS LIMKETKAI MALL CAGAYAN DE ORO,,,
752,2866,05/11/2024 9:58,2024-11-05 17:42:34,0000022724,MT LCHNSCE REG550G,Mang Tomas,1,54.55,Robinsons Supermarket,ROBINSONS LIMKETKAI MALL CAGAYAN DE ORO,,,
752,2866,05/11/2024 9:58,2024-11-05 17:42:34,0000022724,UFC GF CANOLA 1L SUP,UFC,1,138,Robinsons Supermarket,ROBINSONS LIMKETKAI MALL CAGAYAN DE ORO,,,
5201,2869,07/11/2024 10:21,2024-11-07 10:44:00,000151180,DP VINEGAR 1L SUP,Datu Puti,1,43,SM Supermarket,SM SUPERMARKET BACOOR,,,
5201,2869,07/11/2024 10:21,2024-11-07 10:44:00,000151180,UFC GRAVY 50G SUP,UFC,2,19.5,SM Supermarket,SM SUPERMARKET BACOOR,,,
5201,2869,07/11/2024 10:21,2024-11-07 10:44:00,000151180,UFC BANANA CATSU 24/320 GRAMS.,UFC,1,28.5,SM Supermarket,SM SUPERMARKET BACOOR,,,
3978,2870,07/11/2024 10:42,2024-11-07 13:45:55,112-011-00257069,DP PATIS 350ML,Datu Puti,3,40.2,Puregold,PUREGOLD KALENTONG STA MESA,,,
3978,2870,07/11/2024 10:42,2024-11-07 13:45:55,112-011-00257069,DP SOY SCE 200ML,Datu Puti,2,20.3,Puregold,PUREGOLD KALENTONG STA MESA,,,
3978,2870,07/11/2024 10:42,2024-11-07 13:45:55,112-011-00257069,DP WHT VNGR 200ML,Datu Puti,2,15.4,Puregold,PUREGOLD KALENTONG STA MESA,,,
4130,2871,07/11/2024 14:17,2024-11-07 14:59:11,0000016219,UFCGFCANOLA1LDUOPACK,UFC,1,255,Robinsons Supermarket,ROBINSONS CIRCLE C CONGRESSIONAL,,,
5291,2873,08/11/2024 8:08,2024-11-08 12:46:36,0000260361,CC*UFC BNNA CTSUP 1K,UFC,1,70,Robinsons Easymart,EASYMART PILILIA,,,
5291,2874,08/11/2024 8:48,2024-11-08 13:16:46,0000260376,HF VEG OIL 900ML SUP,Hapi Fiesta,1,102.5,Robinsons Supermarket,ROBINSONS - Rockwell Drive,,,
4266,2878,01/11/2024 10:26,2024-11-09 23:51:12,0000216978,DP WHT VINGR-PET1GAL,Datu Puti,2,312,Robinsons Supermarket,ROBINSONS NEPOMALL DAGUPAN,,,
5092,2880,09/11/2024 17:07,2024-11-10 06:21:34,0100038963,SPR FSTA COCO 1L PET,UFC,2,267,SM Savemore,SAVEMORE BINANGONAN RIZAL,,,
5092,2880,09/11/2024 17:07,2024-11-10 06:21:34,0100038963,MT LECHONSCE HT325,Mang Tomas,1,38.5,SM Savemore,SAVEMORE BINANGONAN RIZAL,,,
5092,2880,09/11/2024 17:07,2024-11-10 06:21:34,0100038963,GOLDEN FIESTA CANOLA OIL 1L/12,Golden Fiesta,2,256,SM Savemore,SAVEMORE BINANGONAN RIZAL,,,
5092,2880,09/11/2024 17:07,2024-11-10 06:21:34,0100038963,SLVR SWN SK/PUTI1L,Silver Swan,1,41.5,SM Savemore,SAVEMORE BINANGONAN RIZAL,,,
5092,2881,09/11/2024 17:01,2024-11-10 06:39:06,0100038961,DP VINEGAR 1L SUP,Datu Puti,1,43,SM Savemore,SAVEMORE BINANGONAN RIZAL,,,
5092,2881,09/11/2024 17:01,2024-11-10 06:39:06,0100038961,UFC BANANA CATSUP 18/550G,UFC,1,43.5,SM Savemore,SAVEMORE BINANGONAN RIZAL,,,
5092,2881,09/11/2024 17:01,2024-11-10 06:39:06,0100038961,GF PALM OIL 1L SUP,Golden Fiesta,2,237,SM Savemore,SAVEMORE BINANGONAN RIZAL,,,
470,2884,11/10/2024 15:57,2024-11-10 19:24:46,000047201,DP SOY SAUCE 385ML,Datu Puti,1,22,SM Supermarket,SM Supermarket - Aura Premier,,,
3919,2891,11/11/2024 15:13,2024-11-11 15:27:47,0000073915,CC*SLVRSWN SOY SCE1L,Silver Swan,1,57.75,Robinsons Supermarket,ROBINSONS CLOVERLEAF,,,
3919,2891,11/11/2024 15:13,2024-11-11 15:27:47,0000073915,HF VEG OIL 900ML DUO,Hapi Fiesta,2,416,Robinsons Supermarket,ROBINSONS CLOVERLEAF,,,
2664,2894,10/11/2024 11:13,2024-11-12 20:13:30,0200111829,GF PALM OIL 1L SUP,Golden Fiesta,1,118.5,SM Savemore,SAVEMORE BAGBAGUIN,,,
4146,2895,10/11/2024 14:33,2024-11-13 11:08:19,28-00269024,$UFC GF CAOLA 2L,UFC,1,234.5,SM Savemore,SAVEMORE PROJ 8,,,
4985,2896,31/10/2024 10:50,2024-11-13 14:33:40,181749,Golden Fiesta Cooking Oil Sup - EA,Golden Fiesta,1,41,Gaisano Metro,SUPER METRO - COLON,,,
4985,2898,31/10/2024 10:50,2024-11-13 15:34:41,181749 10/31/24,Golden Fiesta Cooking Oil Sup - EA,Golden Fiesta,1,41,Gaisano Metro,SUPER METRO - COLON,,,
4925,2910,03/11/2024 17:44,2024-11-14 06:54:24,000049183,GFSTA/POC485MLPI,Golden Fiesta,1,72.5,SM Hypermarket,HYPERMARKET POLANGUI,,,
4663,2912,14/11/2024 10:02,2024-11-14 11:18:53,0200179228,UFC GF CANOLA OIL2L,UFC,1,248,SM Savemore,SAVEMORE AGORA LUCENA,,,
5203,2920,14/11/2024 17:07,2024-11-14 18:29:28,712-004-00395871,UFC G/F CANOLA 1L,UFC,1,133,Puregold,PUREGOLD JR MARIKINA,,,
4811,2921,14/11/2024 18:00,2024-11-15 07:50:36,03-00132627,DP PATIS 1L,Datu Puti,1,78.5,SM Savemore,SAVEMORE LA UNION,,,
3919,2928,15/11/2024 11:58,2024-11-15 13:28:27,0000073685,JFRAN TFISH SCE200ML,Jufran,1,59.5,Robinsons Supermarket,ROBINSONS CLOVERLEAF,,,
3919,2928,15/11/2024 11:58,2024-11-15 13:28:27,0000073685,SLVRSWN PATIS 350ML,Silver Swan,1,21,Robinsons Supermarket,ROBINSONS CLOVERLEAF,,,
3919,2928,15/11/2024 11:58,2024-11-15 13:28:27,0000073685,SO*DP WHT VNGR 1LX12,Datu Puti,1,42.75,Robinsons Supermarket,ROBINSONS CLOVERLEAF,,,
5291,2929,15/11/2024 10:38,2024-11-15 17:26:18,0000261861,DP PATIS SUP 150ML,Datu Puti,2,32,Robinsons Easymart,EASYMART PILILIA,,,
5291,2929,15/11/2024 10:38,2024-11-15 17:26:18,0000261861,DP SOY SCE PCH 340ML,Datu Puti,1,19.75,Robinsons Easymart,EASYMART PILILIA,,,
5291,2929,15/11/2024 10:38,2024-11-15 17:26:18,0000261861,DP WHTVNGR PET 385ML,Datu Puti,1,19.5,Robinsons Easymart,EASYMART PILILIA,,,
5291,2930,15/11/2024 10:23,2024-11-15 17:26:18,0000261858,UFCGFCANOLA1LDUOPACK,UFC,1,258,Robinsons Easymart,EASYMART PILILIA,,,
5368,2934,15/11/2024 13:35,2024-11-15 20:27:33,1900047339,MT LECHONSCE HT325,Mang Tomas,5,175,SM Savemore,SAVEMORE BORACAY,,,
5368,2938,15/11/2024 11:13,2024-11-15 20:34:23,1000166497,UFC SWTCHLI SCE 340G,UFC,10,450,SM Savemore,SAVEMORE BORACAY,,,
5368,2944,16/11/2024 11:58,2024-11-16 12:07:19,10-00166670,UFC GF CANOLA OIL2L,UFC,2,496,SM Savemore,SAVEMORE BORACAY,,,
3978,2951,14/11/2024 15:24,2024-11-16 18:55:19,11200700358859,DP PATIS 350ML,Datu Puti,5,67,Puregold,PUREGOLD KALENTONG STA MESA,,,
3978,2951,14/11/2024 15:24,2024-11-16 18:55:19,11200700358859,DP SOY SCE 200ML,Datu Puti,3,30.45,Puregold,PUREGOLD KALENTONG STA MESA,,,
3978,2951,14/11/2024 15:24,2024-11-16 18:55:19,11200700358859,M.TOMAS LCHNSCE325,Mang Tomas,3,32.25,Puregold,PUREGOLD KALENTONG STA MESA,,,
5368,2953,16/11/2024 14:39,2024-11-16 20:07:15,08-00101228,UFC WHOLE MUSHROOMS 24/400G,UFC,6,327,SM Savemore,SAVEMORE BORACAY,,,
4734,2955,17/11/2024 14:23,2024-11-17 15:00:29,0000055091,CC*MT LCHNSCEREG325G,Mang Tomas,1,37.5,Robinsons Supermarket,ROBINSONS RP METROEAST,,,
4734,2955,17/11/2024 14:23,2024-11-17 15:00:29,0000055091,DP PATIS 350ML,Datu Puti,1,26.25,Robinsons Supermarket,ROBINSONS RP METROEAST,,,
5390,2956,29/08/2024 17:25,2024-11-17 18:48:00,0400126588,MT LECHONSCE HT325,Mang Tomas,1,38.5,SM Savemore,SAVEMORE SAN JOSE,,,
5390,2956,29/08/2024 17:25,2024-11-17 18:48:00,0400126588,UFC BANANA CATSU 24/320 GRAMS.,UFC,1,28.5,SM Savemore,SAVEMORE SAN JOSE,,,
4005,2960,17/11/2024 18:38,2024-11-18 08:29:02,108-017-00188668,UFC S/FST C/OILP1L,UFC,1,120.75,Puregold,Puregold - SINGKAMAS MAKATI,,,
4005,2960,17/11/2024 18:38,2024-11-18 08:29:02,108-017-00188668,UFC P&S MSHRM 400G,UFC,1,56.95,Puregold,Puregold - SINGKAMAS MAKATI,,,
4005,2960,17/11/2024 18:38,2024-11-18 08:29:02,108-017-00188668,<< UFC T/A B/KET32,UFC,1,27.5,Puregold,Puregold - SINGKAMAS MAKATI,,,
4005,2960,17/11/2024 18:38,2024-11-18 08:29:02,108-017-00188668,UFC WHL MSHRM 400G,UFC,1,59.15,Puregold,Puregold - SINGKAMAS MAKATI,,,
3919,2968,18/11/2024 11:56,2024-11-18 12:04:19,0000075367,HF VEG OIL 900ML DUO,Hapi Fiesta,1,208,Robinsons Supermarket,ROBINSONS CLOVERLEAF,,,
4149,2969,18/11/2024 13:39,2024-11-18 14:34:25,3200054373,UFC BANANA CATSUP 18/550G,UFC,1,43.5,SM Savemore,SAVEMORE MALHACAN,,,
4644,2971,18/11/2024 17:09,2024-11-18 21:58:07,25600500229327,UFC BA/C 550G/530G,UFC,1,44.25,Puregold,PUREGOLD BINANGONAN,,,
4912,2978,11/07/2025 14:50,2024-11-19 15:05:12,010067069 14,MT LECHONSCE HT325,Mang Tomas,1,37.5,SM Supermarket,SM Supermarket - Seaside,,,
4912,2979,19/11/2024 14:50,2024-11-19 16:14:01,010067069,MT LECHONSCE HT325,Mang Tomas,1,37.5,SM Supermarket,SM Supermarket - Seaside,,,
5368,2980,19/11/2024 14:51,2024-11-19 18:12:07,1000167147,UFC WHOLE MUSHROOMS 24/400G,UFC,10,545,SM Savemore,SAVEMORE BORACAY,,,
5368,2980,19/11/2024 14:51,2024-11-19 18:12:07,1000167147,UFC MSHRM PSTM400G2S,UFC,5,475,SM Savemore,SAVEMORE BORACAY,,,
733,2981,18/11/2024 12:47,2024-11-19 18:16:21,85700500111649,DP SOYSCE 1L,Datu Puti,6,306,Puregold,PUREGOLD - NUEVA ECIJA,,,
733,2981,18/11/2024 12:47,2024-11-19 18:16:21,85700500111649,DP WHT VIN 1L,Datu Puti,6,247.5,Puregold,PUREGOLD - NUEVA ECIJA,,,
3728,2982,19/11/2024 19:12,2024-11-19 23:22:22,0000050548,GF COOKING OIL 950ML,Golden Fiesta,1,127.5,Robinsons Supermarket,ROBINSONS RP ERMITA,,,
3728,2982,19/11/2024 19:12,2024-11-19 23:22:22,0000050548,UFC RDY R/CRRYMIX,UFC,1,38.25,Robinsons Supermarket,ROBINSONS RP ERMITA,,,
4651,2983,08/10/2024 10:55,2024-11-20 07:30:12,000020385,UFC BANANA CATSUP 18/550G,UFC,1,42.5,SM Supermarket,SM SUPERMARKET ROSARIO,,,
4651,2984,11/11/2024 12:00,2024-11-20 07:48:15,010305873,UFC BANANA CATSU 24/320 GRAMS.,UFC,1,28.5,SM Supermarket,SM SUPERMARKET ROSARIO,,,
5092,2985,20/11/2024 8:29,2024-11-20 08:50:00,25600900517149,DP PATIS SUP 150ML,Datu Puti,4,53.6,Puregold,PUREGOLD BINANGONAN,,,
5092,2986,20/11/2024 8:28,2024-11-20 08:56:23,256-009-00517148,SLVR SWN SK/PUTI1L,Silver Swan,1,39,Puregold,PUREGOLD BINANGONAN,,,
5092,2986,20/11/2024 8:28,2024-11-20 08:56:23,256-009-00517148,DP SOYSCE 1L,Datu Puti,1,51,Puregold,PUREGOLD BINANGONAN,,,
4651,2988,31/10/2024 13:59,2024-11-20 11:28:13,010819414,SPR FSTA COCO 1L PET,UFC,1,133.5,SM Supermarket,SM SUPERMARKET ROSARIO,,,
4651,2989,23/10/2024 12:13,2024-11-20 11:42:57,1 010326294 12,UFC BANANA CATSU 24/320 GRAMS.,UFC,1,28.5,SM Supermarket,SM SUPERMARKET ROSARIO,,,
5368,2990,20/11/2024 11:12,2024-11-20 13:26:44,1000167261,UFC SWTCHLI SCE 340G,UFC,11,495,SM Savemore,SAVEMORE BORACAY,,,
5203,2994,17/11/2024 17:11,2024-11-21 09:23:30,000032957,UFC GF BGCRNCH BM60G,UFC,2,109,SM Supermarket,SM SUPERMARKET MARIKINA,,,
5203,2994,17/11/2024 17:11,2024-11-21 09:23:30,000032957,UFC WHOLE MUSHROOMS 24/400G,UFC,3,133.5,SM Supermarket,SM SUPERMARKET MARIKINA,,,
5203,2995,17/11/2024 17:11,2024-11-21 09:23:30,000032957 17,UFC GF BGCRNCH BM60G,UFC,2,109,SM Supermarket,SM SUPERMARKET MARIKINA,,,
5203,2995,17/11/2024 17:11,2024-11-21 09:23:30,000032957 17,UFC WHOLE MUSHROOMS 24/400G,UFC,3,133.5,SM Supermarket,SM SUPERMARKET MARIKINA,,,
5368,2997,21/11/2024 11:09,2024-11-21 11:24:32,04-00163940,UFC SWTCHLI SCE 340G,UFC,10,450,SM Savemore,SAVEMORE BORACAY,,,
2664,2998,21/11/2024 10:44,2024-11-21 12:05:38,0300097316,GF PALM OIL 1L SUP,Golden Fiesta,1,118.5,SM Savemore,SAVEMORE BAGBAGUIN,,,
2664,2998,21/11/2024 10:44,2024-11-21 12:05:38,0300097316,SILVR SWAN VIN3785,Silver Swan,1,19.5,SM Savemore,SAVEMORE BAGBAGUIN,,,
764,3000,16/11/2024 20:12,2024-11-21 15:40:33,28800600085703,DP PATIS 1L,Datu Puti,1,71.75,Puregold,Puregold - AMANG RODRIGUEZ,,,
764,3000,16/11/2024 20:12,2024-11-21 15:40:33,28800600085703,DP SOYSCE 1L,Datu Puti,1,51,Puregold,Puregold - AMANG RODRIGUEZ,,,
5368,3002,21/11/2024 13:54,2024-11-21 15:43:46,04-00163981,UFC MSHRM PSTM400G2S,UFC,5,475,SM Savemore,SAVEMORE BORACAY,,,
526,3008,21/11/2024 19:02,2024-11-21 20:51:44,0000350782,GF PALM OIL 1L SUP,Golden Fiesta,1,111.75,Robinsons Supermarket,EASYMART SANTA MONICA,,,
3887,3009,22/11/2024 8:25,2024-11-22 10:08:21,140-007-00370390,$UFC B/KTCHP H&S32,UFC,1,32,Puregold,PUREGOLD ANGELES,,,
3887,3009,22/11/2024 8:25,2024-11-22 10:08:21,140-007-00370390,UFC CHICK&CORN60G,UFC,1,49.25,Puregold,PUREGOLD ANGELES,,,
3887,3009,22/11/2024 8:25,2024-11-22 10:08:21,140-007-00370390,UFC CRB & CORN60G,UFC,2,98.5,Puregold,PUREGOLD ANGELES,,,
527,3011,21/11/2024 18:55,2024-11-22 10:21:54,0000135224,GF PALM OIL 1L SUP,Golden Fiesta,1,111.75,Robinsons Easymart,Robinsons Easymart - SUSANO COMMERCIAL COMPLEX,,,
526,3017,22/11/2024 19:27,2024-11-22 21:09:09,15401200463328,LOCALLY GYBNO240ML,Locally,2,56.4,Puregold,PUREGOLD TDC SUSANO NOVALICHES QC,,,
3728,3020,22/11/2024 20:32,2024-11-22 23:14:22,000040945 20,UFC P&S MSHRM 400G,UFC,1,51.5,SM Supermarket,SM SUPERMARKET MANILA,,,
3728,3021,21/11/2024 22:22,2024-11-22 23:32:11,0000109498,UFC BANANA CATSUP 18/550G,UFC,1,50.75,Robinsons Supermarket,ROBINSONS RP OTIS,,,
5484,3022,22/11/2024 20:46,2024-11-23 00:31:56,169-008-00322248,D/PUTI S/SCE340ML,Datu Puti,1,19,Puregold,PUREGOLD SAN JOSE DEL MONTE BULACAN,,,
5463,3023,22/11/2024 17:36,2024-11-23 00:59:52,010286673,UFC CRAB AND CORN SOUP 36/60G,UFC,1,49,SM Supermarket,SM SUPERMARKET CUBAO,,,
527,3027,22/11/2024 18:26,2024-11-23 05:30:59,136-010-00076398,LOCALLY GYBNO240ML,Locally,2,56.4,Puregold,PUREGOLD NOVALICHES,,,
5539,3039,15/11/2024 13:29,2024-11-23 08:19:28,0500093997,UFC BNNA CTSUP 4K,UFC,1,69.5,SM Savemore,SAVEMORE SAN NICOLAS,,,
5540,3042,16/11/2024 18:31,2024-11-23 08:35:57,0500094073,DP PATIS 350ML,Datu Puti,1,26,SM Savemore,SAVEMORE SAN NICOLAS,,,
5589,3045,21/11/2024 18:15,2024-11-23 08:59:52,05-00031743,UFC FC YANGCHOW20G,UFC,2,30,SM Savemore,SAVEMORE CALASIAO,,,
4527,3047,18/11/2024 2:53,2024-11-23 10:28:41,396-004-00400071 70 3740040000416515,UFC/QUESRP/CHS160G,UFC,1,49.5,Puregold,PUREGOLD ILWAS,,,
4663,3053,23/11/2024 8:27,2024-11-23 11:37:55,2900216799,UFC GF CANOLA OIL2L,UFC,1,248,SM Savemore,SAVEMORE AGORA LUCENA,,,
5645,3059,22/11/2024 19:09,2024-11-23 12:33:26,32-00117448,PAPA BKTCHP REG 1KG/12,Papa,1,66.5,SM Savemore,SAVEMORE JARO 2,,,
5645,3059,22/11/2024 19:09,2024-11-23 12:33:26,32-00117448,SLVR SWN SK/PUTI1L,Silver Swan,1,41.5,SM Savemore,SAVEMORE JARO 2,,,
5645,3059,22/11/2024 19:09,2024-11-23 12:33:26,32-00117448,UFC GROUND PEPPER30G,UFC,1,58.5,SM Savemore,SAVEMORE JARO 2,,,
3578,3062,23/11/2024 12:06,2024-11-23 13:18:47,721-009-00419002,DP VINEGAR 1L SUP,Datu Puti,2,79.5,Puregold,PUREGOLD JR BALARA QC,,,
3578,3062,23/11/2024 12:06,2024-11-23 13:18:47,721-009-00419002,UFC S/FST C/OILP1L,UFC,1,118.75,Puregold,PUREGOLD JR BALARA QC,,,
3578,3062,23/11/2024 12:06,2024-11-23 13:18:47,721-009-00419002,DP PATIS 350ML,Datu Puti,1,25,Puregold,PUREGOLD JR BALARA QC,,,
3578,3062,23/11/2024 12:06,2024-11-23 13:18:47,721-009-00419002,UFC SWT CHILI 340,UFC,1,41.6,Puregold,PUREGOLD JR BALARA QC,,,
3578,3062,23/11/2024 12:06,2024-11-23 13:18:47,721-009-00419002,DP SOYSCE 1L,Datu Puti,1,51,Puregold,PUREGOLD JR BALARA QC,,,
3578,3062,23/11/2024 12:06,2024-11-23 13:18:47,721-009-00419002,DP WHT VIN 1L,Datu Puti,1,41.25,Puregold,PUREGOLD JR BALARA QC,,,
3578,3062,23/11/2024 12:06,2024-11-23 13:18:47,721-009-00419002,D/PUTI OYSTRFC150G,Datu Puti,1,26.75,Puregold,PUREGOLD JR BALARA QC,,,
5677,3063,23/11/2024 10:28,2024-11-23 13:25:50,0000092855,DP PATIS 1L,Datu Puti,1,78.5,Robinsons Supermarket,ROBINSONS LIPA TOWN CENTER,,,
5677,3063,23/11/2024 10:28,2024-11-23 13:25:50,0000092855,SO*DP WHT VNGR 1LX12,Datu Puti,1,42.75,Robinsons Supermarket,ROBINSONS LIPA TOWN CENTER,,,
5677,3063,23/11/2024 10:28,2024-11-23 13:25:50,0000092855,HF VEG OIL 900ML SUP,Hapi Fiesta,1,120.5,Robinsons Supermarket,ROBINSONS LIPA TOWN CENTER,,,
5502,3064,23/11/2024 12:37,2024-11-23 13:48:46,08-00078488,UFC RICEMX FUNCHW BBMBP 2,UFC,1,20,SM Savemore,SM Savemore - STO TOMAS BATANGAS,,,
5502,3064,23/11/2024 12:37,2024-11-23 13:48:46,08-00078488,UFC RICEMX FUNCHW BLGGI 2,UFC,1,20,SM Savemore,SM Savemore - STO TOMAS BATANGAS,,,
5502,3064,23/11/2024 12:37,2024-11-23 13:48:46,08-00078488,UFC FC YANGCHOW20G,UFC,1,15,SM Savemore,SM Savemore - STO TOMAS BATANGAS,,,
2474,3085,17/08/2024 12:54,2024-11-23 20:21:33,490-004-00085919,M.TOMAS LCHNSCE325,Mang Tomas,1,35,Puregold,PUREGOLD CALAUAG,,,
2474,3085,17/08/2024 12:54,2024-11-23 20:21:33,490-004-00085919,UFC SWT CHILI 340,UFC,1,39.5,Puregold,PUREGOLD CALAUAG,,,
2662,3086,08/11/2024 11:43,2024-11-23 20:36:26,0000114626,UFCGFCANOLA1LDUOPACK,UFC,1,255,Robinsons Supermarket,ROBINSONS IBA TOWN CENTER ZAMBALES,,,
526,3087,23/11/2024 19:06,2024-11-23 20:37:28,15400500807197,LOCALLY GYBNO240ML,Locally,2,56.4,Puregold,PUREGOLD TDC SUSANO NOVALICHES QC,,,
5484,3088,23/11/2024 20:43,2024-11-23 21:09:21,169-004-00385064,UFC/SFCNTOILP350ML,UFC,1,42,Puregold,PUREGOLD SAN JOSE DEL MONTE BULACAN,,,
5852,3094,11/11/2025 14:34,2024-11-23 23:07:52,00042992,*MDF_UFC BKTCHP RICH BT 3,UFC,1,38,WalterMart Supermarket Inc,WALTERMART NORTH EDSA,,,
5368,3098,23/11/2024 12:34,2024-11-24 01:41:22,10-00167587,DP WHT VINGR-PET1GAL,Datu Puti,1,153.5,SM Savemore,SAVEMORE BORACAY,,,
5531,3100,23/11/2024 18:03,2024-11-24 07:04:40,832-006-00262111,SILVER SWAN VIN350,Silver Swan,1,16.5,Puregold,PUREGOLD TAGUIG,,,
5531,3100,23/11/2024 18:03,2024-11-24 07:04:40,832-006-00262111,S/SWAN SOY340/350M,Silver Swan,1,19.25,Puregold,PUREGOLD TAGUIG,,,
5531,3100,23/11/2024 18:03,2024-11-24 07:04:40,832-006-00262111,SLVRSWN PATIS 350ML,Silver Swan,1,23.25,Puregold,PUREGOLD TAGUIG,,,
5531,3100,23/11/2024 18:03,2024-11-24 07:04:40,832-006-00262111,JUFRAN RD H/C S165,Jufran,1,46,Puregold,PUREGOLD TAGUIG,,,
5531,3100,23/11/2024 18:03,2024-11-24 07:04:40,832-006-00262111,HAPI FSTA VEG 1L,Hapi Fiesta,1,113,Puregold,PUREGOLD TAGUIG,,,
5233,3101,23/11/2024 18:03,2024-11-24 07:04:40,83200600262111,SILVER SWAN VIN350,Silver Swan,1,16.5,Puregold,PUREGOLD TAGUIG,,,
5233,3101,23/11/2024 18:03,2024-11-24 07:04:40,83200600262111,S/SWAN SOY340/350M,Silver Swan,1,19.25,Puregold,PUREGOLD TAGUIG,,,
5233,3101,23/11/2024 18:03,2024-11-24 07:04:40,83200600262111,SLVRSWN PATIS 350ML,Silver Swan,1,23.25,Puregold,PUREGOLD TAGUIG,,,
5233,3101,23/11/2024 18:03,2024-11-24 07:04:40,83200600262111,JUFRAN RD H/C S165,Jufran,1,46,Puregold,PUREGOLD TAGUIG,,,
5233,3102,11/11/2025 17:49,2024-11-24 07:10:52,010327197,LOCALLY ORIG CCNT 1L,Locally,2,233,SM Hypermarket,HYPERMARKET MANDALUYONG,,,
5233,3102,11/11/2025 17:49,2024-11-24 07:10:52,010327197,UFC GROUND PEPPER30G,UFC,2,117,SM Hypermarket,HYPERMARKET MANDALUYONG,,,
5531,3103,06/10/2080 10:20,2024-11-24 07:32:52,83200300165125,S/SWAN SOY340/350M,Silver Swan,1,19.25,Puregold,PUREGOLD TAGUIG,,,
5531,3103,06/10/2080 10:20,2024-11-24 07:32:52,83200300165125,SILVER SWAN VIN350,Silver Swan,1,16.5,Puregold,PUREGOLD TAGUIG,,,
5531,3103,06/10/2080 10:20,2024-11-24 07:32:52,83200300165125,DP PATIS 350ML,Datu Puti,1,25,Puregold,PUREGOLD TAGUIG,,,
5531,3104,16/11/2024 9:20,2024-11-24 08:00:04,83200400353523,DP PATIS 350ML,Datu Puti,1,25,Puregold,PUREGOLD TAGUIG,,,
527,3105,23/11/2024 19:07,2024-11-24 08:55:31,154-005-00807199,<< UFC T/A B/KET32,UFC,2,51.9,Puregold,PUREGOLD TDC SUSANO NOVALICHES QC,,,
3734,3106,24/11/2024 8:40,2024-11-24 10:13:20,0000010207,DP WHTVNGR PET 385ML,Datu Puti,1,19.5,Robinsons Easymart,EASYMART PILILIA,,,
3734,3106,24/11/2024 8:40,2024-11-24 10:13:20,0000010207,UFC BANANA CTSUP200G,UFC,1,22.5,Robinsons Easymart,EASYMART PILILIA,,,
5945,3108,01/11/2024 15:10,2024-11-24 10:37:32,0000048435,CC*MT LCHNSCEREG325G,Mang Tomas,1,37.5,Robinsons Supermarket,ROBINSONS RP ERMITA,,,
3769,3110,24/11/2024 9:44,2024-11-24 10:47:23,2400264194,UFC GF CANOLA OIL2L,UFC,2,494,SM Savemore,SAVEMORE ANONAS,,,
3769,3110,24/11/2024 9:44,2024-11-24 10:47:23,2400264194,SLVR SWN SK/PUTI1L,Silver Swan,1,41.5,SM Savemore,SAVEMORE ANONAS,,,
5926,3113,24/11/2024 9:26,2024-11-24 11:28:01,0000091696,SLVRSWN VNGR 1L,Silver Swan,1,44.75,The Marketplace,THE MARKETPLACE VENICE GRAND MCKINLEY,,,
4644,3116,24/11/2024 11:28,2024-11-24 12:11:17,256-005-00229745,UFC G/F CANOLA 1L,UFC,5,665,Puregold,PUREGOLD BINANGONAN,,,
4644,3117,24/11/2024 11:23,2024-11-24 12:58:09,256-005-00229744,UFC G/F CANOLA 1L,UFC,5,665,Puregold,PUREGOLD PAG-ASA BINANGONAN,,,
4644,3118,24/11/2024 11:23,2024-11-24 12:58:09,25600500229744,UFC G/F CANOLA 1L,UFC,5,665,Puregold,PUREGOLD BINANGONAN,,,
5681,3120,24/11/2024 8:56,2024-11-24 13:56:14,764364,DATU PUTI WHITE VINEGAR 12/1LT Whi,Datu Puti,1,46,Gaisano Metro,METRO - ALABANG TOWN CENTER,,,
6051,3132,24/11/2024 13:07,2024-11-24 17:35:24,000248786,DP SOY SAUCE 385ML,Datu Puti,1,22,SM Supermarket,SM SUPERMARKET TARLAC,,,
6051,3132,24/11/2024 13:07,2024-11-24 17:35:24,000248786,UFC BANANA CATSU 24/320 GRAMS.,UFC,1,28.5,SM Supermarket,SM SUPERMARKET TARLAC,,,
6051,3132,24/11/2024 13:07,2024-11-24 17:35:24,000248786,DATU PUTI VINEGAR JUMBO 30/385,Datu Puti,1,19.5,SM Supermarket,SM SUPERMARKET TARLAC,,,
6059,3135,22/11/2024 12:09,2024-11-24 18:20:00,0600274035,UFC BANANA CATSU 24/320 GRAMS.,UFC,1,28.5,SM Savemore,SaveMore Tanauan,,,
6059,3135,22/11/2024 12:09,2024-11-24 18:20:00,0600274035,UFC CRAB AND CORN SOUP 36/60G,UFC,1,49,SM Savemore,SaveMore Tanauan,,,
6055,3136,24/11/2024 12:38,2024-11-24 18:20:31,04-00230164,UFC SWEET CHLI SCE90,UFC,1,18.5,SM Savemore,SAVEMORE LIGHT RESIDENCES,,,
6055,3136,24/11/2024 12:38,2024-11-24 18:20:31,04-00230164,UFC CORN KRNEL425G,UFC,1,43.5,SM Savemore,SAVEMORE LIGHT RESIDENCES,,,
6068,3141,24/11/2024 11:13,2024-11-24 19:09:26,0000068050,SLVRSWN SOY SCE385ML,Silver Swan,1,23.75,Robinsons Supermarket,ROBINSONS BF PARANAQUE,,,
6068,3141,24/11/2024 11:13,2024-11-24 19:09:26,0000068050,UFC GF BGCRNCH BM60G,UFC,2,30,Robinsons Supermarket,ROBINSONS BF PARANAQUE,,,
6070,3144,14/11/2024 14:28,2024-11-24 19:23:47,65800100104676,UFC GI/BAG REG250G,UFC,1,90.5,Puregold,Puregold - TONDO,,,
6070,3144,14/11/2024 14:28,2024-11-24 19:23:47,65800100104676,$UFC T/A B/KTCHP1K,UFC,1,70,Puregold,Puregold - TONDO,,,
5645,3146,24/11/2024 13:30,2024-11-24 20:32:41,1400209989,UFC 2N1 TOMATO SAUCE 12/1KG,UFC,2,165,SM Savemore,SAVEMORE JARO 2,,,
5645,3146,24/11/2024 13:30,2024-11-24 20:32:41,1400209989,DP OYSTER SCE 170G,Datu Puti,1,36.5,SM Savemore,SAVEMORE JARO 2,,,
5645,3146,24/11/2024 13:30,2024-11-24 20:32:41,1400209989,UFC MSHRM PSTM400G2S,UFC,2,190,SM Savemore,SAVEMORE JARO 2,,,
5645,3146,24/11/2024 13:30,2024-11-24 20:32:41,1400209989,UFC BANANA CATSU 24/320 GRAMS.,UFC,2,57,SM Savemore,SAVEMORE JARO 2,,,
5645,3146,24/11/2024 13:30,2024-11-24 20:32:41,1400209989,PAPA BKTCHP REG 2KG/8,Papa,1,115.5,SM Savemore,SAVEMORE JARO 2,,,
5645,3147,24/11/2024 13:28,2024-11-24 20:56:35,14-00209988,PAPA BKTCHP REG 320GR/24,Papa,2,53,SM Savemore,SAVEMORE JARO 2,,,
5645,3147,24/11/2024 13:28,2024-11-24 20:56:35,14-00209988,PAPA BKTCHP REG 2KG/8,Papa,1,115.5,SM Savemore,SAVEMORE JARO 2,,,
5645,3147,24/11/2024 13:28,2024-11-24 20:56:35,14-00209988,UFC MSHRM PSTM400G2S,UFC,1,95,SM Savemore,SAVEMORE JARO 2,,,
5645,3147,24/11/2024 13:28,2024-11-24 20:56:35,14-00209988,DP BBQ RIFFIC 144ML,Datu Puti,4,136,SM Savemore,SAVEMORE JARO 2,,,
5645,3147,24/11/2024 13:28,2024-11-24 20:56:35,14-00209988,DP OYSTER SCE 170G,Datu Puti,2,73,SM Savemore,SAVEMORE JARO 2,,,
5645,3147,24/11/2024 13:28,2024-11-24 20:56:35,14-00209988,UFC 2N1 TOMATO SAUCE 12/1KG,UFC,3,247.5,SM Savemore,SAVEMORE JARO 2,,,
2045,3150,24/11/2024 13:24,2024-11-24 22:10:20,00035545,*MDF_UFC BKTCHP POUCH 320,UFC,1,25.5,WalterMart Supermarket Inc,WALTERMART TRECE MARTIRES,,,
2045,3150,24/11/2024 13:24,2024-11-24 22:10:20,00035545,*MDF_UFC BKTCHP SVERSPACK,UFC,1,20,WalterMart Supermarket Inc,WALTERMART TRECE MARTIRES,,,
6126,3151,24/11/2024 13:49,2024-11-24 23:06:47,0000201636,CC*UFC BNNA CTSUP 1K,UFC,1,68.75,Robinsons Supermarket,ROBINSONS KARANGALAN PASIG,,,
526,3152,24/11/2024 18:32,2024-11-24 23:28:11,13601000076879,DP WHT VIN 1L,Datu Puti,1,41.25,Puregold,PUREGOLD NOVALICHES,,,
4651,3155,15/11/2024 16:50,2024-11-25 08:23:02,010306487,SPR FSTA COCO 1L PET,UFC,1,133.5,SM Supermarket,SM SUPERMARKET ROSARIO,,,
2750,3158,24/09/2024 11:35,2024-11-25 09:12:18,298-007-00346283,<< UFC T/A B/KET32,UFC,1,26,Puregold,PUREGOLD TUNGKONG MANGGA,,,
2750,3158,24/09/2024 11:35,2024-11-25 09:12:18,298-007-00346283,M.TOMAS LCHNSCE325,Mang Tomas,1,35,Puregold,PUREGOLD TUNGKONG MANGGA,,,
6215,3160,25/11/2024 9:21,2024-11-25 09:52:22,0000003266,JUFRNSIRACHAHSCE285G,Jufran,1,51.5,Robinsons Supermarket,ROBINSONS RP DUMAGUETE,,,
6068,3161,25/11/2024 8:28,2024-11-25 10:42:51,0000151441,DP SOY SAUCE 385ML,Datu Puti,1,19.1,Robinsons Supermarket,ROBINSONS BF PARANAQUE,,,
6068,3161,25/11/2024 8:28,2024-11-25 10:42:51,0000151441,UFC FUNCHOWSEAFOOD20,UFC,1,14.25,Robinsons Supermarket,ROBINSONS BF PARANAQUE,,,
6273,3174,04/09/2024 9:35,2024-11-25 13:59:13,216-003-00122820,<< UFC T/A B/KET32,UFC,2,55,Puregold,PUREGOLD ANABU-IMUS,,,
6273,3174,04/09/2024 9:35,2024-11-25 13:59:13,216-003-00122820,<< DP W/VIN 385ML,Datu Puti,6,46.2,Puregold,PUREGOLD ANABU-IMUS,,,
2542,3175,28/09/2024 10:21,2024-11-25 14:31:26,101583830,GF PALM OIL 1L SUP,Golden Fiesta,1,118.5,SM Hypermarket,HYPERMARKET MARKETMALL,,,
2542,3175,28/09/2024 10:21,2024-11-25 14:31:26,101583830,DP PATIS 350ML,Datu Puti,1,26,SM Hypermarket,HYPERMARKET MARKETMALL,,,
2542,3177,09/12/2025 20:47,2024-11-25 14:36:09,015235064 20,GF PALM OIL 1L SUP,Golden Fiesta,1,118.5,SM Hypermarket,HYPERMARKET DASMARINAS,,,
2542,3179,09/04/2026 10:21,2024-11-25 14:44:30,010583830 10,GF PALM OIL 1L SUP,Golden Fiesta,1,118.5,SM Hypermarket,HYPERMARKET DASMARINAS,,,
2542,3179,09/04/2026 10:21,2024-11-25 14:44:30,010583830 10,DP PATIS 350ML,Datu Puti,1,26,SM Hypermarket,HYPERMARKET DASMARINAS,,,
5096,3180,17/11/2024 11:05,2024-11-25 15:01:51,2200390298,HAPI FSTA VEG 1L,Hapi Fiesta,1,112.5,SM Savemore,SAVEMORE NEPA,,,
5096,3180,17/11/2024 11:05,2024-11-25 15:01:51,2200390298,S/SWAN SOY340/350M,Silver Swan,1,18.5,SM Savemore,SAVEMORE NEPA,,,
2542,3181,21/09/2024 10:21,2024-11-25 15:06:03,010582425,GF PALM OIL 1L SUP,Golden Fiesta,1,118.5,SM Hypermarket,HYPERMARKET DASMARINAS,,,
2542,3181,21/09/2024 10:21,2024-11-25 15:06:03,010582425,DP PATIS 350ML,Datu Puti,1,26,SM Hypermarket,HYPERMARKET DASMARINAS,,,
6304,3183,23/11/2024 9:36,2024-11-25 15:30:22,0000110862,DP SOY SCE PCH 340ML,Datu Puti,1,19.75,Robinsons Supermarket,ROBINSONS CENTRO MALL CABUYAO,,,
6304,3183,23/11/2024 9:36,2024-11-25 15:30:22,0000110862,UFC BANANA CTSUP200G,UFC,1,28.5,Robinsons Supermarket,ROBINSONS CENTRO MALL CABUYAO,,,
4109,3188,21/11/2024 12:17,2024-11-25 15:58:28,222-007-00433817,UFC T/A B/KTCHP2K,UFC,1,70,Puregold,Puregold - Cauayan Isabela,,,
4226,3189,21/11/2024 16:02,2024-11-25 16:14:29,010265493,UFC LAUREL 8G,UFC,1,29,SM Hypermarket,HYPERMARKET LAS PINAS 2 ALABANG ZAPOTE,,,
4226,3189,21/11/2024 16:02,2024-11-25 16:14:29,010265493,UFC CRMY AP SCE200G,UFC,1,59.5,SM Hypermarket,HYPERMARKET LAS PINAS 2 ALABANG ZAPOTE,,,
6333,3191,23/11/2024 16:05,2024-11-25 17:12:34,0000033148,DP VNGR PCH 350ML,Datu Puti,1,17.65,Robinsons Supermarket,ROBINSONS SOUTH TOWN CENTER TABUNOK,,,
5981,3196,25/11/2024 16:13,2024-11-25 18:00:36,33300500496521,$UFC T/A B/KTCHP1K,UFC,1,70,Puregold,PUREGOLD MARILAO,,,
4529,3207,26/10/2024 10:51,2024-11-25 21:36:47,00-027186,DPUTI SCE SOY PET 1LT/12,Datu Puti,2,106,WalterMart Supermarket Inc,WALTERMART STA. MARIA,,,
4529,3207,26/10/2024 10:51,2024-11-25 21:36:47,00-027186,DPUTI VIN 1LT PET/12,Datu Puti,3,129,WalterMart Supermarket Inc,WALTERMART STA. MARIA,,,
527,3208,24/11/2024 18:30,2024-11-25 21:56:40,136-010-00076877,LOCALLY GYBNO240ML,Locally,2,56.4,Puregold,PUREGOLD NOVALICHES,,,
4099,3209,25/11/2024 20:52,2024-11-25 23:09:30,406-002-00230050,$UFC GF CAOLA 2L,UFC,1,235,Puregold,PUREGOLD BAYANAN MINIMART,,,
6416,3213,11/09/2024 17:34,2024-11-25 23:46:33,000116885 17,UFC TMATO SCE GUISADO 200G/24 200,UFC,1,22.5,SM Supermarket,SM SUPERMARKET SOUTHMALL,,,
5368,3214,25/11/2024 15:13,2024-11-26 00:37:05,10-00167823,UFC MSHRM PSTM400G2S,UFC,3,285,SM Savemore,SAVEMORE BORACAY,,,
5368,3214,25/11/2024 15:13,2024-11-26 00:37:05,10-00167823,UFC WHOLE MUSHROOMS 24/400G,UFC,7,381.5,SM Savemore,SAVEMORE BORACAY,,,
5368,3214,25/11/2024 15:13,2024-11-26 00:37:05,10-00167823,SS VINEGAR CAN3.8L,Silver Swan,1,153,SM Savemore,SAVEMORE BORACAY,,,
6345,3215,25/11/2024 18:20,2024-11-26 01:20:32,010958822 18,DATU PUTI WHITE VINEGAR 12/1LT Whi,Datu Puti,2,81,SM Supermarket,SM SUPERMARKET MAKATI,,,
6345,3215,25/11/2024 18:20,2024-11-26 01:20:32,010958822 18,UFC TMATO SCE GUISADO 200G/24 200,UFC,5,112.5,SM Supermarket,SM SUPERMARKET MAKATI,,,
2542,3221,21/09/2024 10:21,2024-11-26 09:40:39,013963725,GF PALM OIL 1L SUP,Golden Fiesta,1,118.5,SM Hypermarket,HYPERMARKET MARKETMALL,,,
2542,3221,21/09/2024 10:21,2024-11-26 09:40:39,013963725,DP PATIS 350ML,Datu Puti,1,26,SM Hypermarket,HYPERMARKET MARKETMALL,,,
2542,3222,21/09/2024 10:21,2024-11-26 09:46:30,010583209,GF PALM OIL 1L SUP,Golden Fiesta,1,118.5,SM Hypermarket,HYPERMARKET DASMARINAS,,,
2542,3222,21/09/2024 10:21,2024-11-26 09:46:30,010583209,DP PATIS 350ML,Datu Puti,1,26,SM Hypermarket,HYPERMARKET DASMARINAS,,,
2542,3223,28/09/2024 10:21,2024-11-26 09:53:01,010588310,GF PALM OIL 1L SUP,Golden Fiesta,1,118.5,SM Hypermarket,HYPERMARKET MARKETMALL,,,
2542,3223,28/09/2024 10:21,2024-11-26 09:53:01,010588310,DP PATIS 350ML,Datu Puti,1,26,SM Hypermarket,HYPERMARKET MARKETMALL,,,
6485,3227,07/01/2026 20:29,2024-11-26 11:15:58,040403381,GF PALM OIL 1L SUP,Golden Fiesta,1,118.5,SM Hypermarket,HYPERMARKET DASMARINAS,,,
5368,3228,26/11/2024 11:18,2024-11-26 11:26:10,04-00164718,UFC SWTCHLI SCE 340G,UFC,10,450,SM Savemore,SAVEMORE BORACAY,,,
6485,3236,27/07/2024 20:47,2024-11-26 12:52:50,014687647,GF PALM OIL 1L SUP,Golden Fiesta,5,592.5,SM Hypermarket,HYPERMARKET DASMARINAS,,,
6524,3258,23/11/2024 21:07,2024-11-26 14:32:01,0000033624,SLVR SWN SOY SCE1L,Silver Swan,1,57.75,Robinsons Supermarket,ROBINSONS TOWNVILLE REGALADO FAIRVIEW,,,
6524,3258,23/11/2024 21:07,2024-11-26 14:32:01,0000033624,UFCGFCANOLA1LDUOPACK,UFC,1,255,Robinsons Supermarket,ROBINSONS TOWNVILLE REGALADO FAIRVIEW,,,
5926,3259,24/11/2024 12:26,2024-11-26 14:39:59,0000159108,UFC GF CANOLA OIL 1L,UFC,1,139.5,Robinsons Supermarket,ROBINSONS RP CAINTA,,,
3919,3261,26/11/2024 14:55,2024-11-26 15:05:05,0000129415,DP SOY SAUCE 100ML,Datu Puti,1,60.75,Robinsons Supermarket,ROBINSONS CLOVERLEAF,,,
3919,3261,26/11/2024 14:55,2024-11-26 15:05:05,0000129415,UFC WHL KRNL CORN425,UFC,1,42.5,Robinsons Supermarket,ROBINSONS CLOVERLEAF,,,
3919,3261,26/11/2024 14:55,2024-11-26 15:05:05,0000129415,UFC MSHRM WHOLE 400G,UFC,1,58,Robinsons Supermarket,ROBINSONS CLOVERLEAF,,,
3919,3261,26/11/2024 14:55,2024-11-26 15:05:05,0000129415,SLVRSWN VNGR 385ML,Silver Swan,1,20.5,Robinsons Supermarket,ROBINSONS CLOVERLEAF,,,
6541,3263,21/11/2024 16:34,2024-11-26 16:04:30,00000003248,UFC BK RICH BLND320G,UFC,1,38.5,Robinsons Supermarket,ROBINSONS RP PANGASINAN,,,
6541,3263,21/11/2024 16:34,2024-11-26 16:04:30,00000003248,UFCGFCANOLA1LDUOPACK,UFC,1,255,Robinsons Supermarket,ROBINSONS RP PANGASINAN,,,
6333,3268,26/11/2024 15:54,2024-11-26 17:44:21,0000029241,PAPA BC SUP 200G,Papa,1,20.5,Robinsons Supermarket,ROBINSONS SOUTH TOWN CENTER TABUNOK,,,
6272,3277,17/11/2024 17:04,2024-11-26 19:24:39,24601600051708,UFCBAGOONGSPCY250G,UFC,1,106.75,Puregold,PUREGOLD LAOAG,,,
6272,3277,17/11/2024 17:04,2024-11-26 19:24:39,24601600051708,MT SIGA HT&SPC80G,Mang Tomas,8,94,Puregold,PUREGOLD LAOAG,,,
6592,3278,26/11/2024 10:54,2024-11-26 19:27:51,0000039787,UFC B.CATSUP 320GSPC,UFC,2,51,Shopwise,SHOPWISE IMUS,,,
6599,3281,25/11/2024 16:42,2024-11-26 19:46:53,14800800103131,M.TOMAS LCHNSCE325,Mang Tomas,5,53.75,Puregold,PUREGOLD STA MARIA BULACAN,,,
6599,3281,25/11/2024 16:42,2024-11-26 19:46:53,14800800103131,<< UFC T/A B/KET32,UFC,3,78,Puregold,PUREGOLD STA MARIA BULACAN,,,
6608,3288,09/11/2024 0:00,2024-11-26 20:31:35,44401000001127,DPOYSTERRIFIC430G,Datu Puti,2,186,Puregold,"Puregold - TANGOS,BALIUAG,BULACAN",,,
5484,3291,26/11/2024 20:47,2024-11-26 21:13:25,16900400385860,UFC/SFCNTOILP350ML,UFC,1,42,Puregold,PUREGOLD SAN JOSE DEL MONTE BULACAN,,,
3849,3293,26/11/2024 15:37,2024-11-26 21:53:46,39501700144396,<< DP SOYSCE 385ML,Datu Puti,1,21.25,Puregold,PUREGOLD PUTATAN,,,
6424,3294,26/11/2024 11:12,2024-11-26 22:21:19,30201600278347,GFSTA/POC485MLPI,Golden Fiesta,1,80,Puregold,PUREGOLD SUBIC (FORMER PUREGOLD JR SUBIC BARACA),,,
526,3295,26/11/2024 19:01,2024-11-26 22:35:14,0000628879,SLVRSWN SOY SCE385ML,Silver Swan,1,22.75,Robinsons Supermarket,EASYMART SANTA MONICA,,,
527,3296,26/11/2024 18:38,2024-11-26 22:41:35,13600800593784,LOCALLY GYBNO240ML,Locally,1,28.2,Puregold,PUREGOLD NOVALICHES,,,
528,3298,26/11/2024 18:38,2024-11-26 23:15:45,136-008-00593785,D/PUTI S/SCE340ML,Datu Puti,1,19,Puregold,PUREGOLD NOVALICHES,,,
6412,3300,11/02/2026 18:58,2024-11-26 23:29:59,010100199,DPUTI SCE SOY 350ML/24,Datu Puti,1,117,SM Hypermarket,HYPERMARKET BATANGAS ROSARIO,,,
6704,3304,23/11/2024 11:42,2024-11-27 06:30:12,8500002078,UFCGFCANOLA1LDUOPACK,UFC,1,212,SM Savemore,SAVEMORE NOVALICHES,,,
6716,3311,26/11/2024 16:46,2024-11-27 08:16:38,0000038521,UFC HAPI FIESTA VEGETABLE OIL 24,UFC,1,114,Robinsons Supermarket,Robinsons Supermarket - Abucay,,,
6716,3311,26/11/2024 16:46,2024-11-27 08:16:38,0000038521,UFC B.CATSUP 320GSPC,UFC,1,25,Robinsons Supermarket,Robinsons Supermarket - Abucay,,,
6716,3311,26/11/2024 16:46,2024-11-27 08:16:38,0000038521,UFC 2N1 TOMATO SAUCE 24/200G 200,UFC,1,22.25,Robinsons Supermarket,Robinsons Supermarket - Abucay,,,
3519,3314,27/11/2024 8:25,2024-11-27 10:06:05,0000166361,DP SPCED VNGR 350ML,Datu Puti,1,49.75,Robinsons Supermarket,ROBINSONS - Gapan,,,
3519,3314,27/11/2024 8:25,2024-11-27 10:06:05,0000166361,SPR FSTA COCO 1L PET,UFC,1,115,Robinsons Supermarket,ROBINSONS - Gapan,,,
4985,3317,24/11/2024 15:44,2024-11-27 10:24:19,639-008-00095185,UFCGFCOOKINGOIL250ML,UFC,1,39,Puregold,PUREGOLD GUADALUPE,,,
4985,3317,24/11/2024 15:44,2024-11-27 10:24:19,639-008-00095185,SS SOY SCE 500ML,Silver Swan,3,31.5,Puregold,PUREGOLD GUADALUPE,,,
5368,3320,27/11/2024 11:17,2024-11-27 11:20:45,10-00168021,UFC SWTCHLI SCE 340G,UFC,10,450,SM Savemore,SAVEMORE BORACAY,,,
6754,3321,27/11/2024 10:18,2024-11-27 11:34:09,14900500175851,D/PUTI S/SCE340ML,Datu Puti,18,342,Puregold,PUREGOLD CALAMBA LAGUNA,,,
6754,3324,27/11/2024 11:09,2024-11-27 11:43:33,184-002-00402403,D/PUTI S/SCE340ML,Datu Puti,1,19,Puregold,PUREGOLD CALAMBA LAGUNA,,,
6759,3325,27/11/2024 11:15,2024-11-27 11:51:04,184-016-00438790,D/PUTI S/SCE340ML,Datu Puti,1,19,Puregold,PUREGOLD CALAMBA-CROSSING,,,
6759,3325,27/11/2024 11:15,2024-11-27 11:51:04,184-016-00438790,DP WHT VNGR BTL350ML,Datu Puti,15,251.25,Puregold,PUREGOLD CALAMBA-CROSSING,,,
6759,3331,27/11/2024 10:30,2024-11-27 12:16:36,149-005-00175855,D/PUTI S/SCE340ML,Datu Puti,1,19,Puregold,PUREGOLD CALAMBA DEL PILAR,,,
4912,3336,27/11/2024 12:20,2024-11-27 12:31:15,0000297041,UFC CCNUT CREAM400ML,UFC,1,66,Robinsons Supermarket,ROBINSONS TALISAY CEBU,,,
4912,3336,27/11/2024 12:20,2024-11-27 12:31:15,0000297041,UFC GF CANOLA OIL 1L,UFC,1,139.5,Robinsons Supermarket,ROBINSONS TALISAY CEBU,,,
5926,3338,26/11/2024 10:48,2024-11-27 13:42:04,0000159455,DP SOY SAUCE-PET1GAL,Datu Puti,1,197,Robinsons Supermarket,ROBINSONS RP CAINTA,,,
5926,3338,26/11/2024 10:48,2024-11-27 13:42:04,0000159455,UFC BANANA CATSUP 18/550G,UFC,1,50.75,Robinsons Supermarket,ROBINSONS RP CAINTA,,,
6788,3344,11/07/2025 13:57,2024-11-27 14:24:28,00008463,*MDF UFC CORN WHL KERNEL,UFC,1,39.5,WalterMart Supermarket Inc,WALTERMART CABANATUAN,,,
6788,3344,11/07/2025 13:57,2024-11-27 14:24:28,00008463,*MDF_UFC RICEMX FUNCHW ME,UFC,1,18.25,WalterMart Supermarket Inc,WALTERMART CABANATUAN,,,
6797,3349,13/11/2024 17:16,2024-11-27 15:01:52,189-007-00224121,UFC H/F V/OIL200ML,UFC,2,54,Puregold,PUREGOLD VIGAN,,,
6803,3350,27/11/2024 9:36,2024-11-27 15:08:40,334-004-00299799,D/PUTI S/SCE340ML,Datu Puti,18,342,Puregold,PUREGOLD TERMINAL MALL,,,
6803,3352,27/11/2024 9:29,2024-11-27 15:12:23,334-004-00299798,D/PUTI S/SCE340ML,Datu Puti,18,342,Puregold,PUREGOLD TERMINAL MALL,,,
5368,3355,27/11/2024 14:20,2024-11-27 16:10:46,15-00053417,UFC MSHRM PSTM400G2S,UFC,3,285,SM Savemore,SAVEMORE BORACAY,,,
5368,3355,27/11/2024 14:20,2024-11-27 16:10:46,15-00053417,UFC CORN KRNEL425G,UFC,3,130.5,SM Savemore,SAVEMORE BORACAY,,,
5368,3356,27/11/2024 14:06,2024-11-27 16:34:47,15-00053416,DP WHT VINGR-PET1GAL,Datu Puti,1,153.5,SM Savemore,SAVEMORE BORACAY,,,
3883,3357,25/11/2024 10:25,2024-11-27 16:42:56,133-012-00091290,LOCALLY RTD DAL 1L,Locally,1,87.25,Puregold,PUREGOLD BACOOR CAVITE,,,
2349,3358,26/11/2024 19:01,2024-11-27 16:47:21,0000628880,SLVRSWN SUKAPTI350ML,Silver Swan,1,18,Robinsons Supermarket,EASYMART SANTA MONICA,,,
527,3360,26/11/2024 18:38,2024-11-27 16:57:03,136-008-00593786,<< DP W/VIN 385ML,Datu Puti,1,18.25,Puregold,PUREGOLD BAESA NOVALICHES QC,,,
3978,3367,27/11/2024 9:11,2024-11-27 18:12:58,112-011-00259111,D/PUTI S/SCE340ML,Datu Puti,18,342,Puregold,PUREGOLD KALENTONG STA MESA,,,
627,3369,27/11/2024 16:57,2024-11-27 18:20:22,727-002-00658509,GFSTA/POC485MLPI,Golden Fiesta,1,80,Puregold,PUREGOLD JR JUAN LUNA TONDO,,,
627,3369,27/11/2024 16:57,2024-11-27 18:20:22,727-002-00658509,DP WHT VNGR 200ML,Datu Puti,1,7.6,Puregold,PUREGOLD JR JUAN LUNA TONDO,,,
627,3369,27/11/2024 16:57,2024-11-27 18:20:22,727-002-00658509,DP SOY SCE 200ML,Datu Puti,1,9.95,Puregold,PUREGOLD JR JUAN LUNA TONDO,,,
6608,3371,27/11/2024 16:57,2024-11-27 18:28:43,860-005-00159181,D/PUTI S/SCE340ML,Datu Puti,6,112.8,Puregold,PUREGOLD BALIUAG DRT HIGHWAY,,,
6608,3371,27/11/2024 16:57,2024-11-27 18:28:43,860-005-00159181,DP SOYSCE 1L,Datu Puti,6,306,Puregold,PUREGOLD BALIUAG DRT HIGHWAY,,,
3751,3377,27/11/2024 17:03,2024-11-27 20:52:52,32801600004822,DP SOY SCE 200ML,Datu Puti,3,30.45,Puregold,PUREGOLD CARRIEDO,,,
3751,3377,27/11/2024 17:03,2024-11-27 20:52:52,32801600004822,$UFC GF CNLA OIL1,UFC,4,992,Puregold,PUREGOLD CARRIEDO,,,
6895,3380,27/11/2024 16:32,2024-11-27 21:45:02,33100300396501,UFC SWT CHILI 340,UFC,1,41.6,Puregold,PUREGOLD ROSARIO BATANGAS,,,
6895,3380,27/11/2024 16:32,2024-11-27 21:45:02,33100300396501,M.TOMAS LCHNSCE325,Mang Tomas,1,35,Puregold,PUREGOLD ROSARIO BATANGAS,,,
4005,3382,27/11/2024 18:41,2024-11-27 22:02:15,108-019-00140244,D/PUTI S/SCE340ML,Datu Puti,6,114,Puregold,Puregold - SINGKAMAS MAKATI,,,
4005,3382,27/11/2024 18:41,2024-11-27 22:02:15,108-019-00140244,MT LECHONSCE HT325,Mang Tomas,1,36,Puregold,Puregold - SINGKAMAS MAKATI,,,
6608,3388,27/11/2024 16:46,2024-11-27 22:47:16,860-003-00121680,D/PUTI S/SCE340ML,Datu Puti,18,338.4,Puregold,PUREGOLD BALIUAG BULACAN,,,
6608,3389,27/11/2024 16:42,2024-11-27 22:51:19,860-003-00121679,D/PUTI S/SCE340ML,Datu Puti,18,338.4,Puregold,NE SUPER BODEGA SALES BALIUAG,,,
4631,3391,27/11/2024 16:03,2024-11-27 23:06:21,32-00056250,DP SOY SAUCE 385ML,Datu Puti,1,22,SM Savemore,SAVEMORE MALHACAN,,,
4631,3391,27/11/2024 16:03,2024-11-27 23:06:21,32-00056250,UFC BANANA CATSU 24/320 GRAMS.,UFC,1,28.5,SM Savemore,SAVEMORE MALHACAN,,,
4631,3391,27/11/2024 16:03,2024-11-27 23:06:21,32-00056250,DP PATIS 350ML,Datu Puti,1,26,SM Savemore,SAVEMORE MALHACAN,,,
4631,3391,27/11/2024 16:03,2024-11-27 23:06:21,32-00056250,DPUTI VIN 350ML/24,Datu Puti,1,17.5,SM Savemore,SAVEMORE MALHACAN,,,
2542,3396,27/07/2024 20:47,2024-11-28 09:15:01,647687647,GF PALM OIL 1L SUP,Golden Fiesta,5,592.5,SM Hypermarket,HYPERMARKET DASMARINAS,,,
5140,3402,28/11/2024 9:31,2024-11-28 10:14:47,0000340631,UFC HAPI FIESTA VEGETABLE OIL 24,UFC,1,102.5,Robinsons Easymart,EASYMART BUHAY NA TUBIG,,,
7002,3406,13/11/2024 18:43,2024-11-28 10:49:36,0600086674,PAPA BKTCHP 4KG/4,Papa,1,221,SM Savemore,SAVEMORE FORTUNE TOWN,,,
7002,3407,11/11/2024 12:19,2024-11-28 10:55:26,1400280323,PAPA BKTCHP REG 1KG/12,Papa,1,66.5,SM Savemore,SAVEMORE FORTUNE TOWN,,,
3734,3408,28/11/2024 7:48,2024-11-28 10:57:57,0000265505,UFC HAPI FIESTA VEGETABLE OIL 24,UFC,1,102.5,Robinsons Supermarket,ROBINSONS - PILILIA,,,
3734,3408,28/11/2024 7:48,2024-11-28 10:57:57,0000265505,UFC GF BGCRNCH BM60G,UFC,1,17.5,Robinsons Supermarket,ROBINSONS - PILILIA,,,
7002,3409,21/11/2024 14:54,2024-11-28 11:00:17,0300244374,PAPA BKTCHP 4KG/4,Papa,1,221,SM Savemore,SAVEMORE FORTUNE TOWN,,,
7002,3409,21/11/2024 14:54,2024-11-28 11:00:17,0300244374,SPR FSTA COCO 1L SUP,UFC,1,118.5,SM Savemore,SAVEMORE FORTUNE TOWN,,,
7002,3409,21/11/2024 14:54,2024-11-28 11:00:17,0300244374,CC*SLVRSWN SOY SCE1L,Silver Swan,1,53.5,SM Savemore,SAVEMORE FORTUNE TOWN,,,
7002,3417,29/10/2024 19:58,2024-11-28 13:37:51,03-00240312,CC*SLVRSWN SOY SCE1L,Silver Swan,1,53.5,SM Savemore,SAVEMORE FORTUNE TOWN,,,
7002,3419,03/10/2024 10:15,2024-11-28 13:47:45,03-00235012,SS SOY SCE 1893ML,Silver Swan,1,102.5,SM Savemore,SAVEMORE FORTUNE TOWN,,,
3985,3420,28/11/2024 13:27,2024-11-28 14:11:17,64500500039092,DP PATIS 350ML,Datu Puti,1,25,Puregold,PUREGOLD SAN ROQUE,,,
3985,3420,28/11/2024 13:27,2024-11-28 14:11:17,64500500039092,DP VINEGAR 1L SUP,Datu Puti,1,39.75,Puregold,PUREGOLD SAN ROQUE,,,
7003,3422,27/11/2024 11:16,2024-11-28 14:17:18,00006735,*MDF UFC CORN WHL KERNEL,UFC,2,79,WalterMart Supermarket Inc,WALTERMART NORTH EDSA,,,
6608,3427,21/11/2024 15:06,2024-11-28 15:15:51,44400100189141,DP SOYSCE 1L,Datu Puti,1,99.5,Puregold,"Puregold - TANGOS,BALIUAG,BULACAN",,,
7083,3429,28/11/2024 15:48,2024-11-28 16:36:58,1400216588,UFC CHICK&CORN60G,UFC,1,49,SM Savemore,SAVEMORE LIGHT RESIDENCES,,,
7083,3429,28/11/2024 15:48,2024-11-28 16:36:58,1400216588,*MDF_UFC CREAM OF MUSHROO,UFC,2,87,SM Savemore,SAVEMORE LIGHT RESIDENCES,,,
7083,3429,28/11/2024 15:48,2024-11-28 16:36:58,1400216588,UFC CRAB AND CORN SOUP 36/60G,UFC,1,49,SM Savemore,SAVEMORE LIGHT RESIDENCES,,,
2664,3431,28/11/2024 16:56,2024-11-28 17:16:24,01-00062785,GF PALM OIL 1L SUP,Golden Fiesta,1,118.5,SM Savemore,SAVEMORE BAGBAGUIN,,,
2664,3431,28/11/2024 16:56,2024-11-28 17:16:24,01-00062785,UFC GARLIC POWERR30G,UFC,1,32.5,SM Savemore,SAVEMORE BAGBAGUIN,,,
3488,3432,28/11/2024 17:05,2024-11-28 17:55:58,84000700303438,$UFC GFP/OL950ML,UFC,1,122,Puregold,COMPANY E (KALAYAAN AVE.),,,
7108,3433,28/11/2024 17:40,2024-11-28 18:45:00,0000006106,*MDF_UFC SPCS CHILI PWDR,UFC,1,49.25,Robinsons Easymart,EASYMART SAN LORENZO,,,
3881,3438,28/11/2024 18:11,2024-11-28 19:27:36,0000088487,UFC HAPI FIESTA VEGETABLE OIL 24,UFC,1,114,Robinsons Supermarket,ROBINSONS CLOVERLEAF,,,
3881,3438,28/11/2024 18:11,2024-11-28 19:27:36,0000088487,UFC 2N1 TOMATO SAUCE 24/200G 200,UFC,1,22.25,Robinsons Supermarket,ROBINSONS CLOVERLEAF,,,
4912,3442,11/04/2026 17:19,2024-11-28 21:40:38,010459188,SLVR SWN SK/PUTI1L,Silver Swan,1,41.5,SM Supermarket,SM Supermarket - Seaside,,,
4624,3443,28/11/2024 12:45,2024-11-28 21:42:19,0000243277,DP PATIS 1L,Datu Puti,1,78.5,Robinsons Supermarket,ROBINSONS TANEDO TARLAC,,,
4624,3443,28/11/2024 12:45,2024-11-28 21:42:19,0000243277,UFC BNNA CTSUP 2K,UFC,1,126.75,Robinsons Supermarket,ROBINSONS TANEDO TARLAC,,,
4624,3443,28/11/2024 12:45,2024-11-28 21:42:19,0000243277,DP PRSPCKVIN1LSSCE1L,Datu Puti,1,88,Robinsons Supermarket,ROBINSONS TANEDO TARLAC,,,
7001,3444,28/10/2024 15:39,2024-11-28 21:46:49,437-005-00092762,SILVER SWAN VIN1L,Silver Swan,1,40,Puregold,PUREGOLD  MOLINO TOWN CENTER,,,
7001,3444,28/10/2024 15:39,2024-11-28 21:46:49,437-005-00092762,$UFC GF SOA OIL 1,UFC,2,344,Puregold,PUREGOLD  MOLINO TOWN CENTER,,,
4912,3450,11/04/2026 15:50,2024-11-28 22:15:00,000001026 15,DP PATIS 350ML,Datu Puti,1,26,SM Supermarket,SM Supermarket - Seaside,,,
526,3451,28/11/2024 18:28,2024-11-28 22:15:43,0000629740,SLVRSWN SUKAPTI350ML,Silver Swan,1,18,Robinsons Supermarket,EASYMART SANTA MONICA,,,
527,3453,28/11/2024 18:28,2024-11-28 22:19:43,0000629741,UFC BANANA CTSUP200G,UFC,1,29.75,Robinsons Supermarket,EASYMART SANTA MONICA,,,
1645,3455,28/11/2024 18:29,2024-11-28 22:26:44,0000059797,LOCALLY MANGOSTEEN1L,Locally,1,142.25,Robinsons Supermarket,ROBINSONS RP PULILAN,,,
1645,3455,28/11/2024 18:29,2024-11-28 22:26:44,0000059797,LOCALLY ORIG CCNT 1L,Locally,3,313.5,Robinsons Supermarket,ROBINSONS RP PULILAN,,,
1645,3455,28/11/2024 18:29,2024-11-28 22:26:44,0000059797,UFCGFCANOLA1LDUOPACK,UFC,1,253,Robinsons Supermarket,ROBINSONS RP PULILAN,,,
2349,3457,28/11/2024 17:50,2024-11-28 22:31:24,0000137014,SLVRSWN SUKAPTI350ML,Silver Swan,1,18,Robinsons Supermarket,ROBINSONS SUSANO COMPLEX NOVALICHES,,,
528,3458,28/11/2024 18:52,2024-11-28 22:33:55,136-010-00077301,DP VNGR PCH 350ML,Datu Puti,1,16.75,Puregold,PUREGOLD NOVALICHES,,,
7203,3466,28/11/2024 16:38,2024-11-29 04:03:14,0000228797,UFCGFCANOLA1LDUOPACK,UFC,1,258,Robinsons Supermarket,ROBINSONS TOWNVILLE REGALADO FAIRVIEW,,,
4130,3467,24/11/2024 16:25,2024-11-29 04:48:08,0000039579,LOCALLY GUYABANO 1L,Locally,2,170.5,Robinsons Supermarket,ROBINSONS CIRCLE C CONGRESSIONAL,,,
7270,3480,29/11/2024 11:05,2024-11-29 11:30:56,0000086653,DP SOY SAUCE 385ML,Datu Puti,1,19.1,Robinsons Supermarket,ROBINSONS EMA TOWN CENTER MEYCAUAYAN,,,
7270,3480,29/11/2024 11:05,2024-11-29 11:30:56,0000086653,UFC BANANA CTSUP200G,UFC,1,28.5,Robinsons Supermarket,ROBINSONS EMA TOWN CENTER MEYCAUAYAN,,,
5291,3481,29/11/2024 8:38,2024-11-29 13:12:49,0000265870,UFC GF CANOLA 1L SUP,UFC,2,248,Robinsons Easymart,EASYMART PILILIA,,,
6333,3483,29/11/2024 12:33,2024-11-29 13:46:23,0000031101,DP VNGR PCH 350ML,Datu Puti,1,17.65,Robinsons Supermarket,ROBINSONS SOUTH TOWN CENTER TABUNOK,,,
6333,3483,29/11/2024 12:33,2024-11-29 13:46:23,0000031101,DP WHT VNGR SUP 1L,Datu Puti,1,41,Robinsons Supermarket,ROBINSONS SOUTH TOWN CENTER TABUNOK,,,
6345,3484,11/10/2024 17:48,2024-11-29 14:03:51,010217558 17,UFC TMATO SCE GUISADO 200G/24 200,UFC,1,90,SM Supermarket,SM SUPERMARKET MAKATI,,,
526,3488,28/11/2024 17:50,2024-11-29 15:21:27,0000137015,SLVRSWN SOY SCE385ML,Silver Swan,1,22.75,Robinsons Supermarket,ROBINSONS SUSANO COMPLEX NOVALICHES,,,
527,3489,28/11/2024 18:55,2024-11-29 15:24:38,136-010-00077303,SILVER SWAN VIN350,Silver Swan,1,16.5,Puregold,PUREGOLD NOVALICHES,,,
6141,3490,24/11/2024 20:05,2024-11-29 15:45:59,0000027008,DP PRSPCKVIN1LSSCE1L,Datu Puti,1,88,Robinsons Supermarket,ROBINSONS - Shopking Commercial Center,,,
6141,3490,24/11/2024 20:05,2024-11-29 15:45:59,0000027008,UFC GREEN PEAS 155G,UFC,1,13.75,Robinsons Supermarket,ROBINSONS - Shopking Commercial Center,,,
5926,3493,29/11/2024 15:23,2024-11-29 16:06:41,0000019901,UFCGFCANOLA1LDUOPACK,UFC,1,255,Robinsons Supermarket,ROBINSONS BLUE WAVE MARIKINA,,,
7356,3495,29/11/2024 13:24,2024-11-29 16:25:51,0000008840,DP SOY SAUCE 385ML,Datu Puti,1,22,SM Supermarket,SM Supermarket - Shaw,,,
7356,3495,29/11/2024 13:24,2024-11-29 16:25:51,0000008840,DATU PUTI VINEGAR JUMBO 30/385,Datu Puti,1,19.5,SM Supermarket,SM Supermarket - Shaw,,,
7356,3495,29/11/2024 13:24,2024-11-29 16:25:51,0000008840,UFC BANANA CATSU 24/320 GRAMS.,UFC,1,24.5,SM Supermarket,SM Supermarket - Shaw,,,
7356,3495,29/11/2024 13:24,2024-11-29 16:25:51,0000008840,DP PATIS 350ML,Datu Puti,1,26,SM Supermarket,SM Supermarket - Shaw,,,
7356,3495,29/11/2024 13:24,2024-11-29 16:25:51,0000008840,GF PALM OIL 500MLSUP,Golden Fiesta,1,68.5,SM Supermarket,SM Supermarket - Shaw,,,
7360,3496,29/11/2024 9:45,2024-11-29 16:33:54,0000108579,UFCGFCANOLA1LDUOPACK,UFC,1,253,Robinsons Supermarket,ROBINSONS RP IMUS,,,
5368,3497,29/11/2024 12:07,2024-11-29 16:40:15,0000090033,UFC SWTCHLI SCE 340G,UFC,10,455,Robinsons Supermarket,ROBINSONS BORACAY,,,
4702,3506,27/11/2024 11:45,2024-11-29 19:13:40,130-014-00070511,D/PUTI S/SCE340ML,Datu Puti,18,342,Puregold,PUREGOLD SAN PABLO LAGUNA,,,
4702,3506,27/11/2024 11:45,2024-11-29 19:13:40,130-014-00070511,<< UFC T/A B/KET32,UFC,4,110,Puregold,PUREGOLD SAN PABLO LAGUNA,,,
6688,3508,29/11/2024 7:33,2024-11-29 19:29:11,0300103101,GOLDEN FIESTA CANOLA OIL 1L/12,Golden Fiesta,1,128,SM Savemore,SAVEMORE EPZA,,,
7008,3509,29/11/2024 10:24,2024-11-29 19:34:52,0000026616,MT LECHONSCE HOT325G,Mang Tomas,1,41,Robinsons Easymart,EASYMART MARIPOSA,,,
7008,3509,29/11/2024 10:24,2024-11-29 19:34:52,0000026616,UFC BK RICH BLND320G,UFC,1,38.5,Robinsons Easymart,EASYMART MARIPOSA,,,
7008,3509,29/11/2024 10:24,2024-11-29 19:34:52,0000026616,UFC GREEN PEAS 155G,UFC,2,27.5,Robinsons Easymart,EASYMART MARIPOSA,,,
7008,3509,29/11/2024 10:24,2024-11-29 19:34:52,0000026616,UFC SPAG SWAKTOPACK,UFC,1,69.5,Robinsons Easymart,EASYMART MARIPOSA,,,
4912,3511,29/11/2024 17:20,2024-11-29 19:49:13,010014095,*MDF_UFC COCONUT CREAM400,UFC,1,68.5,SM Supermarket,SM Supermarket - Seaside,,,
3734,3513,29/11/2024 10:27,2024-11-29 19:53:04,0000265902,UFC HAPI FIESTA VEGETABLE OIL 24,UFC,1,102.5,Robinsons Supermarket,ROBINSONS - PILILIA,,,
4702,3514,24/11/2024 16:54,2024-11-29 19:59:15,130-018-00025368,DP SOY SAUCE 100ML,Datu Puti,10,66,Puregold,PUREGOLD SAN PABLO STAR SHOP,,,
4702,3514,24/11/2024 16:54,2024-11-29 19:59:15,130-018-00025368,DP PATIS 350ML,Datu Puti,5,67,Puregold,PUREGOLD SAN PABLO STAR SHOP,,,
7431,3518,04/11/2024 18:17,2024-11-29 21:58:04,161-008-00383749,SS SOY SCE 1893ML,Silver Swan,1,53,Puregold,PUREGOLD JR BALIBAGO PAMPANGA,,,
7431,3518,04/11/2024 18:17,2024-11-29 21:58:04,161-008-00383749,DP WHT VIN 1L,Datu Puti,1,41.25,Puregold,PUREGOLD JR BALIBAGO PAMPANGA,,,
2349,3521,29/11/2024 19:33,2024-11-29 22:55:43,0000141540,SLVRSWN SUKAPTI350ML,Silver Swan,1,18,Robinsons Supermarket,EASYMART SANTA MONICA,,,
528,3522,29/11/2024 19:15,2024-11-29 22:58:48,136-008-00594284,SILVER SWAN VIN350,Silver Swan,1,18.25,Puregold,PUREGOLD NOVALICHES,,,
526,3525,29/11/2024 18:42,2024-11-29 23:16:08,0000048618,SLVRSWN SUKAPTI350ML,Silver Swan,1,18,Robinsons Supermarket,ROBINSONS SUSANO COMPLEX NOVALICHES,,,
527,3526,29/11/2024 19:13,2024-11-29 23:19:48,13600800594283,SLVR SWN SOY SCE1L,Silver Swan,1,22.25,Puregold,PUREGOLD NOVALICHES,,,
6412,3527,11/05/2026 19:38,2024-11-29 23:35:40,010073085,DPUTI SCE SOY 350ML/24,Datu Puti,1,117,SM Hypermarket,HYPERMARKET BATANGAS ROSARIO,,,
6707,3528,27/11/2024 19:01,2024-11-30 05:48:39,13500200021599,D/PUTI S/SCE340ML,Datu Puti,8,152,Puregold,PUREGOLD NORTH COMMONWEALTH,,,
7514,3530,29/11/2024 9:54,2024-11-30 06:13:31,0000002748,MT LECHONSCE HT325,Mang Tomas,1,37.5,Robinsons Supermarket,ROBINSONS RP STA ROSA,,,
7514,3530,29/11/2024 9:54,2024-11-30 06:13:31,0000002748,UFC SWTCHLI SCE 340G,UFC,1,43,Robinsons Supermarket,ROBINSONS RP STA ROSA,,,
6680,3532,12/09/2024 8:29,2024-11-30 06:45:16,2700159697,UFC GARLIC POWERR30G,UFC,1,77.5,SM Savemore,SAVEMORE NOVALICHES,,,
6680,3533,29/11/2024 14:50,2024-11-30 06:59:35,0000253491,MT LCHNSCE REG550G,Mang Tomas,1,54.55,Robinsons Supermarket,ROBINSONS METROPLAZA QUIRINO,,,
5368,3539,29/11/2024 16:13,2024-11-30 09:37:20,0000115266,DP SOYSAUCE SUP 1L,Datu Puti,4,257,Robinsons Supermarket,ROBINSONS BORACAY,,,
4644,3540,30/11/2024 9:40,2024-11-30 09:51:41,256-013-00170982,$UFC GFP/OL1LSUP,UFC,1,119,Puregold,PUREGOLD BINANGONAN,,,
4644,3541,30/11/2024 9:41,2024-11-30 10:01:55,25601300170983,$UFC GFP/OL1LSUP,UFC,1,119,Puregold,PUREGOLD BINANGONAN,,,
4644,3543,30/11/2024 9:41,2024-11-30 10:14:57,256-013-00170984,$UFC GFP/OL1LSUP,UFC,1,119,Puregold,PUREGOLD BINANGONAN,,,
6382,3545,30/11/2024 9:42,2024-11-30 10:52:02,25601300170986,$UFC GFP/OL1LSUP,UFC,1,119,Puregold,PUREGOLD BINANGONAN,,,
3285,3549,30/11/2024 11:51,2024-11-30 12:38:29,0000020359,UFC GF BGCRNCH BM60G,UFC,2,30,Robinsons Supermarket,ROBINSONS SAN CARLOS,,,
3578,3550,30/11/2024 12:26,2024-11-30 12:58:04,0000166930,DP PRSPCKVIN1LSSCE1L,Datu Puti,1,90,Robinsons Easymart,EASTMART - MUNOZ,,,
5368,3560,30/11/2024 14:06,2024-11-30 14:53:02,05-00120515,*MDF_UFC COCONUT CREAM400,UFC,24,1644,SM Savemore,SAVEMORE BORACAY,,,
7632,3568,29/11/2024 19:16,2024-11-30 15:21:38,0000015710,UFC FUNCHOW MEATY20G,UFC,4,60,Robinsons Supermarket,ROBINSONS - Rosario Pasig,,,
7632,3568,29/11/2024 19:16,2024-11-30 15:21:38,0000015710,UFC FUNCHOWSEAFOOD20,UFC,4,57,Robinsons Supermarket,ROBINSONS - Rosario Pasig,,,
7641,3570,29/11/2024 21:45,2024-11-30 15:25:28,000032816,UFC BANANA CATSU 24/320 GRAMS.,UFC,2,57,SM Supermarket,SM SUPERMARKET SAN LAZARO,,,
6856,3583,29/11/2024 20:03,2024-11-30 16:28:25,0000000189,DP OYSTER SCE 170G,Datu Puti,1,44.25,Robinsons Supermarket,ROBINSONS BUTUAN,,,
6856,3583,29/11/2024 20:03,2024-11-30 16:28:25,0000000189,DP SOY SAUCE 100ML,Datu Puti,1,7,Robinsons Supermarket,ROBINSONS BUTUAN,,,
6856,3583,29/11/2024 20:03,2024-11-30 16:28:25,0000000189,DP WHT VNGAR 100ML,Datu Puti,1,6.75,Robinsons Supermarket,ROBINSONS BUTUAN,,,
6856,3583,29/11/2024 20:03,2024-11-30 16:28:25,0000000189,UFC HOT SAUCE 100G,UFC,1,29.25,Robinsons Supermarket,ROBINSONS BUTUAN,,,
7671,3585,30/11/2024 11:17,2024-11-30 16:34:18,0400083721,DP VINEGAR 1L SUP,Datu Puti,1,43,SM Savemore,SAVEMORE TAYABAS QUEZON,,,
7671,3585,30/11/2024 11:17,2024-11-30 16:34:18,0400083721,DP SOYSCE 1L,Datu Puti,1,53,SM Savemore,SAVEMORE TAYABAS QUEZON,,,
7671,3585,30/11/2024 11:17,2024-11-30 16:34:18,0400083721,UFC BANANA CATSU 24/320 GRAMS.,UFC,1,24.5,SM Savemore,SAVEMORE TAYABAS QUEZON,,,
6777,3586,30/11/2024 11:17,2024-11-30 16:34:25,04-00083721,DP VINEGAR 1L SUP,Datu Puti,1,43,SM Savemore,SAVEMORE TAYABAS QUEZON,,,
6777,3586,30/11/2024 11:17,2024-11-30 16:34:25,04-00083721,DP SOYSCE 1L,Datu Puti,1,53,SM Savemore,SAVEMORE TAYABAS QUEZON,,,
6777,3586,30/11/2024 11:17,2024-11-30 16:34:25,04-00083721,UFC BANANA CATSU 24/320 GRAMS.,UFC,1,24.5,SM Savemore,SAVEMORE TAYABAS QUEZON,,,
7678,3590,30/11/2024 15:20,2024-11-30 16:48:20,05-00016332,UFC 2N1 TOMATO SAUCE 24/200G 200,UFC,1,20,SM Savemore,SAVEMORE BERKELEY,,,
526,3598,29/11/2024 19:32,2024-11-30 17:12:33,0000141539,SLVRSWN SOY SCE385ML,Silver Swan,1,22.75,Robinsons Supermarket,EASYMART SANTA MONICA,,,
5943,3606,30/11/2024 16:08,2024-11-30 17:48:58,24-00016804,JUFRANBNNACTSUP275G,Jufran,1,34.5,SM Savemore,SAVEMORE PAGSAWITAN,,,
5943,3606,30/11/2024 16:08,2024-11-30 17:48:58,24-00016804,MT LECHONSCE HT325,Mang Tomas,1,35.5,SM Savemore,SAVEMORE PAGSAWITAN,,,
913,3607,28/11/2024 20:11,2024-11-30 17:54:18,3500230963,UFC PIECES AND STEM 48/198G,UFC,1,34.5,SM Savemore,SAVEMORE NAGTAHAN,,,
913,3607,28/11/2024 20:11,2024-11-30 17:54:18,3500230963,DATU PUTI OYSTER150G,Datu Puti,1,30,SM Savemore,SAVEMORE NAGTAHAN,,,
7707,3613,18/11/2024 10:55,2024-11-30 18:28:52,0400135789,GF PALM OIL 1L SUP,Golden Fiesta,1,118.5,SM Savemore,SAVEMORE STA. ANA,,,
5368,3615,30/11/2024 15:32,2024-11-30 18:40:03,0400165481,SS VINEGAR CAN3.8L,Silver Swan,1,153,SM Savemore,SAVEMORE BORACAY,,,
3515,3616,26/11/2024 17:57,2024-11-30 18:40:13,1000167950,GOLDEN FIESTA CANOLA OIL 1L/12,Golden Fiesta,1,134,SM Savemore,SAVEMORE BORACAY,,,
3515,3616,26/11/2024 17:57,2024-11-30 18:40:13,1000167950,<<DP W/VIN 385ML,Datu Puti,1,19.5,SM Savemore,SAVEMORE BORACAY,,,
3515,3616,26/11/2024 17:57,2024-11-30 18:40:13,1000167950,S/SWAN SOY340/350M,Silver Swan,1,18.5,SM Savemore,SAVEMORE BORACAY,,,
3515,3616,26/11/2024 17:57,2024-11-30 18:40:13,1000167950,UFC 2N1 TOMATO SAUCE 24/200G 200,UFC,1,24.2,SM Savemore,SAVEMORE BORACAY,,,
3515,3619,23/11/2024 17:44,2024-11-30 18:55:14,0600116225,SPR FSTA COCO 1L PET,UFC,1,133,SM Savemore,SAVEMORE BORACAY,,,
5368,3620,30/11/2024 14:44,2024-11-30 18:57:45,0000106260,DP SOY SAUCE 100ML,Datu Puti,4,257,Robinsons Supermarket,ROBINSONS BORACAY,,,
7722,3621,27/11/2024 20:00,2024-11-30 19:05:15,000007272,DP VINEGAR 1L SUP,Datu Puti,1,43,SM Hypermarket,HYPERMARKET MALL OF ASIA,,,
7722,3621,27/11/2024 20:00,2024-11-30 19:05:15,000007272,GOLDEN FIESTA CANOLA OIL 1L/12,Golden Fiesta,1,134,SM Hypermarket,HYPERMARKET MALL OF ASIA,,,
7724,3622,30/11/2024 13:38,2024-11-30 19:10:56,0000008695,DP SOY SAUCE 0.5GAL,Datu Puti,3,321,Robinsons Supermarket,ROBINSONS BALAGTAS TOWNCENTER,,,
7724,3622,30/11/2024 13:38,2024-11-30 19:10:56,0000008695,DP SOYSAUCE SUP 1L,Datu Puti,1,53.5,Robinsons Supermarket,ROBINSONS BALAGTAS TOWNCENTER,,,
7724,3622,30/11/2024 13:38,2024-11-30 19:10:56,0000008695,DP WHT VINGR-PET1GAL,Datu Puti,2,312,Robinsons Supermarket,ROBINSONS BALAGTAS TOWNCENTER,,,
7724,3622,30/11/2024 13:38,2024-11-30 19:10:56,0000008695,SS WRCHSTRSHREHOT150,Silver Swan,6,262.5,Robinsons Supermarket,ROBINSONS BALAGTAS TOWNCENTER,,,
6608,3626,27/11/2024 8:57,2024-11-30 19:38:59,44400600042730,D/PUTI S/SCE340ML,Datu Puti,18,338.4,Puregold,"Puregold - TANGOS,BALIUAG,BULACAN",,,
7746,3638,30/11/2024 10:43,2024-11-30 20:13:43,38500-00195371,SS PATIS 1L PFT,Silver Swan,1,65.75,Puregold,PUREGOLD TAYTAY FLOODWAY,,,
7746,3638,30/11/2024 10:43,2024-11-30 20:13:43,38500-00195371,DP WHT VIN 1L,Datu Puti,1,41.25,Puregold,PUREGOLD TAYTAY FLOODWAY,,,
3898,3641,30/11/2024 18:43,2024-11-30 20:43:34,34100100486589,<< DP W/VIN 385ML,Datu Puti,4,30.4,Puregold,PUREGOLD NAVAL NAVOTAS,,,
3898,3641,30/11/2024 18:43,2024-11-30 20:43:34,34100100486589,S/SWN W/S S/G8GX12,Silver Swan,1,33,Puregold,PUREGOLD NAVAL NAVOTAS,,,
5484,3649,30/11/2024 21:02,2024-11-30 21:39:31,16900600256598,UFC/SFCNTOILP350ML,UFC,1,42,Puregold,PUREGOLD SAN JOSE DEL MONTE BULACAN,,,
7791,3653,27/11/2024 12:34,2024-11-30 22:11:55,72900700401790,DP VNGR PCH 350ML,Datu Puti,18,342,Puregold,PUREGOLD JR PARIAN LAGUNA,,,
7829,3656,29/11/2024 18:13,2024-12-01 00:24:37,060097076,MT LECHONSCE HT325,Mang Tomas,1,35.5,SM Savemore,"SAVEMORE SANTA ROSA,CITY MALL",,,
3593,3661,19/11/2024 17:36,2024-12-01 01:26:33,73100800226954,GFSTA/POC485MLPI,Golden Fiesta,1,80,Puregold,PUREGOLD JR PANDACAN,,,
3593,3661,19/11/2024 17:36,2024-12-01 01:26:33,73100800226954,S/SWAN SOY340/350M,Silver Swan,1,19.25,Puregold,PUREGOLD JR PANDACAN,,,
3593,3661,19/11/2024 17:36,2024-12-01 01:26:33,73100800226954,SLVRSWN PATIS 350ML,Silver Swan,1,23.25,Puregold,PUREGOLD JR PANDACAN,,,
3593,3661,19/11/2024 17:36,2024-12-01 01:26:33,73100800226954,<< UFC T/A B/KET32,UFC,1,27.5,Puregold,PUREGOLD JR PANDACAN,,,
7857,3665,30/11/2024 17:19,2024-12-01 06:29:45,00000946,MTOMS SCE LECHON REG 325G,Mang Tomas,1,38,WalterMart Supermarket Inc,WalterMart Supermarket Inc - Bataan,,,
7857,3665,30/11/2024 17:19,2024-12-01 06:29:45,00000946,JFRAN TFISH SCE200ML,Jufran,1,57,WalterMart Supermarket Inc,WalterMart Supermarket Inc - Bataan,,,
6707,3667,27/11/2024 19:06,2024-12-01 07:04:36,135-002-00021600,D/PUTI S/SCE340ML,Datu Puti,18,342,Puregold,PUREGOLD TERRACES,,,
6707,3668,27/11/2024 19:12,2024-12-01 07:32:12,13500200021601,D/PUTI S/SCE340ML,Datu Puti,18,342,Puregold,PUREGOLD TERRACES,,,
6707,3680,27/11/2024 19:17,2024-12-01 08:31:05,135-002-00021602,D/PUTI S/SCE340ML,Datu Puti,18,342,Puregold,PUREGOLD NORTH COMMONWEALTH,,,
7545,3687,30/11/2024 21:18,2024-12-01 10:01:30,000202083 21,DATU PUTI PATIS 150,Datu Puti,1,32,SM Supermarket,SM SUPERMARKET MANILA,,,
7545,3687,30/11/2024 21:18,2024-12-01 10:01:30,000202083 21,UFC 2N1 TOMATO SAUCE 24/200G 200,UFC,1,20,SM Supermarket,SM SUPERMARKET MANILA,,,
7545,3687,30/11/2024 21:18,2024-12-01 10:01:30,000202083 21,GFSTA/POC485MLPI,Golden Fiesta,1,72.5,SM Supermarket,SM SUPERMARKET MANILA,,,
7545,3687,30/11/2024 21:18,2024-12-01 10:01:30,000202083 21,DP SOY SAUCE 385ML,Datu Puti,1,19,SM Supermarket,SM SUPERMARKET MANILA,,,
7545,3687,30/11/2024 21:18,2024-12-01 10:01:30,000202083 21,GF PALM OIL 1L SUP,Golden Fiesta,2,39,SM Supermarket,SM SUPERMARKET MANILA,,,
7545,3687,30/11/2024 21:18,2024-12-01 10:01:30,000202083 21,UFC BANANA KETCHUP 200G/48 20,UFC,1,39,SM Supermarket,SM SUPERMARKET MANILA,,,
7545,3687,30/11/2024 21:18,2024-12-01 10:01:30,000202083 21,MT SARSA BDGT PK100G,Mang Tomas,1,11.5,SM Supermarket,SM SUPERMARKET MANILA,,,
7906,3690,01/12/2024 9:02,2024-12-01 10:05:39,42200700151762,DP SOYSCE 1L,Datu Puti,1,51,Puregold,Puregold San Miguel,,,
7906,3690,01/12/2024 9:02,2024-12-01 10:05:39,42200700151762,<< UFC T/A B/KET32,UFC,1,25.8,Puregold,Puregold San Miguel,,,
7906,3690,01/12/2024 9:02,2024-12-01 10:05:39,42200700151762,UFC FC YANGCHOW20G,UFC,1,15,Puregold,Puregold San Miguel,,,
6493,3693,20/10/2024 17:42,2024-12-01 11:47:41,010184707,SLVRSWN VNGR 1L,Silver Swan,1,39.5,SM Hypermarket,HYPERMARKET NORTH EDSA,,,
6493,3693,20/10/2024 17:42,2024-12-01 11:47:41,010184707,DATU PUTI SOY SAUCE PE 12/1LT,Datu Puti,1,51.5,SM Hypermarket,HYPERMARKET NORTH EDSA,,,
6493,3698,15/11/2024 13:20,2024-12-01 12:03:17,010732478,DPUTI SCE SOY 350ML/24,Datu Puti,1,19.5,SM Supermarket,SM SUPERMARKET NORTH EDSA,,,
5830,3704,01/12/2024 13:34,2024-12-01 14:24:40,0000459916,GF COOKING OIL 950ML,Golden Fiesta,1,127.5,Robinsons Supermarket,ROBINSONS TALISAY CEBU,,,
5830,3704,01/12/2024 13:34,2024-12-01 14:24:40,0000459916,UFC SPAG SWAKTOPACK,UFC,6,430.5,Robinsons Supermarket,ROBINSONS TALISAY CEBU,,,
7881,3717,31/10/2024 18:43,2024-12-01 15:42:09,21-00090927,DATU PUTI WHITE VINEGAR 12/1LT Whi,Datu Puti,1,39.5,SM Savemore,SAVEMORE LAONG LAAN 2,,,
527,3718,29/11/2024 18:42,2024-12-01 15:47:57,0000048619,SLVRSWN SOY SCE385ML,Silver Swan,1,22.75,Robinsons Easymart,Robinsons Easymart - SUSANO COMMERCIAL COMPLEX,,,
8011,3719,01/12/2024 15:57,2024-12-01 16:28:30,21-00133255,DP SOY SAUCE 385ML,Datu Puti,1,22,SM Savemore,SAVEMORE PEDRO GIL,,,
8011,3719,01/12/2024 15:57,2024-12-01 16:28:30,21-00133255,JUFRAN SRIRACHA KETCHUP 24X285G,Jufran,1,48,SM Savemore,SAVEMORE PEDRO GIL,,,
7691,3720,30/11/2024 7:15,2024-12-01 16:33:14,289-007-00116580,S/SWAN SOY340/350M,Silver Swan,1,19.25,Puregold,PUREGOLD JR ORANI,,,
7691,3720,30/11/2024 7:15,2024-12-01 16:33:14,289-007-00116580,<< DP W/VIN 385ML,Datu Puti,1,7.7,Puregold,PUREGOLD JR ORANI,,,
8037,3728,13/10/2024 15:36,2024-12-01 17:59:22,000045193 15,DP ADOBO HUMBA 180ML,Datu Puti,1,38.5,SM Supermarket,SM SUPERMARKET BACOOR,,,
8037,3728,13/10/2024 15:36,2024-12-01 17:59:22,000045193 15,DATU PUTI ADOBO SA GATA 24X180ML,Datu Puti,1,48.5,SM Supermarket,SM SUPERMARKET BACOOR,,,
8037,3728,13/10/2024 15:36,2024-12-01 17:59:22,000045193 15,DATU PUTI PININYAHANG ADOBO 24X180,Datu Puti,1,38.5,SM Supermarket,SM SUPERMARKET BACOOR,,,
7360,3729,01/12/2024 9:13,2024-12-01 18:18:13,000154520,MT LECHONSCE HT325,Mang Tomas,1,35.5,SM Supermarket,SM SUPERMARKET BACOOR,,,
7360,3729,01/12/2024 9:13,2024-12-01 18:18:13,000154520,UFC BANANA CATSU 24/320 GRAMS.,UFC,2,30,SM Supermarket,SM SUPERMARKET BACOOR,,,
7360,3729,01/12/2024 9:13,2024-12-01 18:18:13,000154520,UFC FC YANGCHOW20G,UFC,1,30,SM Supermarket,SM SUPERMARKET BACOOR,,,
7876,3740,29/11/2024 15:25,2024-12-01 20:58:42,00035655,*MDF_UFC BKTCHP REG 1KG/1,UFC,1,69.5,WalterMart Supermarket Inc,WALTERMART SUBIC,,,
8087,3741,01/12/2024 11:37,2024-12-01 20:59:01,0000307223,SSWAN PATISSPCL350ML,Silver Swan,1,24.5,Robinsons Supermarket,ROBINSONS RP TACLOBAN,,,
8087,3741,01/12/2024 11:37,2024-12-01 20:59:01,0000307223,UFC B.CATSUP 320GSPC,UFC,1,25,Robinsons Supermarket,ROBINSONS RP TACLOBAN,,,
6363,3743,01/12/2024 11:19,2024-12-01 21:13:23,0000083466,MT LCHNSCE REG550G,Mang Tomas,1,54.55,Robinsons Supermarket,ROBINSONS RP MERVILLE,,,
6363,3743,01/12/2024 11:19,2024-12-01 21:13:23,0000083466,MT LECHONSCE HOT325G,Mang Tomas,1,40.5,Robinsons Supermarket,ROBINSONS RP MERVILLE,,,
8098,3754,12/01/2024 17:24,2024-12-01 21:35:05,000319575,GOLDEN FIESTA CORN OIL 1L/12 1,Golden Fiesta,1,204.5,SM Supermarket,SM Supermarket - Aura Premier,,,
8100,3759,28/11/2024 11:20,2024-12-01 21:43:36,0300185689,UFC GF CANOLA OIL2L,UFC,1,247,SM Savemore,SAVEMORE BAROTAC VIEJO,,,
8100,3759,28/11/2024 11:20,2024-12-01 21:43:36,0300185689,SPR FSTA COCO 1L PET,UFC,1,133.5,SM Savemore,SAVEMORE BAROTAC VIEJO,,,
8100,3759,28/11/2024 11:20,2024-12-01 21:43:36,0300185689,SS SOY SCE 1893ML,Silver Swan,1,102.5,SM Savemore,SAVEMORE BAROTAC VIEJO,,,
2349,3760,01/12/2024 18:39,2024-12-01 22:03:29,136-008-00594693,DP WHT VNGR 200ML,Datu Puti,1,7.7,Puregold,PUREGOLD NOVALICHES,,,
528,3761,01/12/2024 18:41,2024-12-01 22:06:49,13600800594695,DP SOY SCE 200ML,Datu Puti,1,10.15,Puregold,PUREGOLD NOVALICHES,,,
526,3762,01/12/2024 17:06,2024-12-01 22:28:30,7500022840,S/SWAN SOY340/350M,Silver Swan,1,23,SM Savemore,SAVEMORE NOVALICHES,,,
527,3763,01/12/2024 18:14,2024-12-01 22:31:11,0000136020,SLVRSWN SUKAPTI350ML,Silver Swan,1,18,Robinsons Supermarket,ROBINSONS SUSANO COMPLEX NOVALICHES,,,
8111,3764,01/12/2024 19:55,2024-12-01 22:47:02,2300312901,LOCALLY GUYABANO 1L,Locally,1,94.5,SM Savemore,SAVEMORE CARTIMAR,,,
8111,3764,01/12/2024 19:55,2024-12-01 22:47:02,2300312901,DP VINEGAR 1L SUP,Datu Puti,1,43,SM Savemore,SAVEMORE CARTIMAR,,,
8111,3764,01/12/2024 19:55,2024-12-01 22:47:02,2300312901,UFC BANANA CATSU 24/320 GRAMS.,UFC,1,28.5,SM Savemore,SAVEMORE CARTIMAR,,,
8111,3764,01/12/2024 19:55,2024-12-01 22:47:02,2300312901,UFC GF BGCRNCH BM60G,UFC,1,15.75,SM Savemore,SAVEMORE CARTIMAR,,,
8111,3764,01/12/2024 19:55,2024-12-01 22:47:02,2300312901,DATU PUTI OYSTER150G,Datu Puti,1,30,SM Savemore,SAVEMORE CARTIMAR,,,
8141,3775,28/11/2024 15:33,2024-12-02 01:13:07,16002500000375,UFC 2N1 TOMATO SAUCE 24/200G 200,UFC,1,88.45,Puregold,PUREGOLD NAGA BICOL,,,
8141,3775,28/11/2024 15:33,2024-12-02 01:13:07,16002500000375,SLVRSWN PATIS 350ML,Silver Swan,1,23.25,Puregold,PUREGOLD NAGA BICOL,,,
8144,3776,27/11/2024 20:43,2024-12-02 01:35:13,0000035186,DP PATIS 350ML GIN,Datu Puti,2,52.5,Robinsons Supermarket,ROBINSONS TOWNVILLE REGALADO FAIRVIEW,,,
4733,3780,01/12/2024 18:30,2024-12-02 07:45:39,0500110693,DP WHI VIN 1.893L,Datu Puti,1,84.5,SM Savemore,SAVEMORE SALITRAN,,,
4733,3780,01/12/2024 18:30,2024-12-02 07:45:39,0500110693,UFC BANANA CATSUP 18/550G,UFC,1,43.5,SM Savemore,SAVEMORE SALITRAN,,,
8185,3783,29/11/2024 17:02,2024-12-02 08:15:26,626-001-00130947 18,UFC SPAGHETTI SAUCE 500G/36 500,UFC,1,48.75,Puregold,Puregold - CALBAYOG WESTERN SAMAR,,,
8073,3784,01/12/2024 18:27,2024-12-02 09:18:25,000104395,DP VINEGAR 1L SUP,Datu Puti,1,43,SM Supermarket,SM SUPERMARKET STA. MESA,,,
8073,3784,01/12/2024 18:27,2024-12-02 09:18:25,000104395,SLVR SWAN S/SCE1LT,Silver Swan,1,56,SM Supermarket,SM SUPERMARKET STA. MESA,,,
8073,3784,01/12/2024 18:27,2024-12-02 09:18:25,000104395,UFC BNNA CTSUP 4K,UFC,1,69.5,SM Supermarket,SM SUPERMARKET STA. MESA,,,
7703,3794,01/12/2024 20:24,2024-12-02 10:47:28,000019841 20,UFC BANANA CATSU 24/320 GRAMS.,UFC,1,24.5,SM Supermarket,SM SUPERMARKET BATANGAS,,,
8087,3798,20/11/2024 18:39,2024-12-02 11:54:00,0000139310,SLVR SWN SOY SCE1L,Silver Swan,1,54,Robinsons Supermarket,ROBINSONS RP TACLOBAN,,,
8087,3798,20/11/2024 18:39,2024-12-02 11:54:00,0000139310,UFC B.CATSUP 320GSPC,UFC,1,25,Robinsons Supermarket,ROBINSONS RP TACLOBAN,,,
3116,3799,01/12/2024 19:10,2024-12-02 11:57:30,010401859 19,DP SOYSCE 1L,Datu Puti,1,53,SM Supermarket,SM SUPERMARKET EAST ORTIGAS,,,
3116,3799,01/12/2024 19:10,2024-12-02 11:57:30,010401859 19,DP VINEGAR 1L SUP,Datu Puti,1,43,SM Supermarket,SM SUPERMARKET EAST ORTIGAS,,,
4005,3801,01/12/2024 15:57,2024-12-02 12:31:38,108-019-00140546,$UFC GFP/OL1LSUP,UFC,1,119,Puregold,Puregold - SINGKAMAS MAKATI,,,
4005,3801,01/12/2024 15:57,2024-12-02 12:31:38,108-019-00140546,UFC SWT CHILI 340,UFC,1,41.6,Puregold,Puregold - SINGKAMAS MAKATI,,,
8241,3806,30/11/2024 14:31,2024-12-02 12:51:29,010404990,DP SPCD VIN350ML,Datu Puti,1,47.5,SM Supermarket,SM SUPERMARKET SOUTHMALL,,,
2064,3808,11/05/2026 19:11,2024-12-02 13:07:52,010656290,LOCALLY DRAGONF1L,Locally,1,149.5,SM Supermarket,SM SUPERMARKET CABANATUAN,,,
2664,3810,02/12/2024 11:27,2024-12-02 13:40:38,0500090346,GF PALM OIL 1L SUP,Golden Fiesta,1,113.5,SM Savemore,SAVEMORE BAGBAGUIN,,,
8269,3817,02/12/2024 12:04,2024-12-02 14:19:47,40200400098957,DATU PUTI PATIS 150,Datu Puti,1,13.25,Puregold,PUREGOLD MABALACAT,,,
8277,3819,11/10/2024 17:01,2024-12-02 14:46:00,010272551 17,DPUTI SCE SOY 350ML/24,Datu Puti,1,19.5,SM Supermarket,SM SUPERMARKET MASINAG,,,
8277,3819,11/10/2024 17:01,2024-12-02 14:46:00,010272551 17,DP PATIS 350ML,Datu Puti,1,26,SM Supermarket,SM SUPERMARKET MASINAG,,,
8277,3819,11/10/2024 17:01,2024-12-02 14:46:00,010272551 17,DPUTI VIN 350ML/24,Datu Puti,1,17.5,SM Supermarket,SM SUPERMARKET MASINAG,,,
8277,3819,11/10/2024 17:01,2024-12-02 14:46:00,010272551 17,JUFRAN SRIRACHA KETCHUP 24X285G,Jufran,1,48,SM Supermarket,SM SUPERMARKET MASINAG,,,
8282,3822,20/10/2024 16:56,2024-12-02 14:54:31,1100119467,HAPI FSTA VEG 1L,Hapi Fiesta,1,112.5,SM Savemore,SAVEMORE MARCOS ALVAREZ,,,
8282,3822,20/10/2024 16:56,2024-12-02 14:54:31,1100119467,HAPI FSTA SUP 2L,Hapi Fiesta,1,206.5,SM Savemore,SAVEMORE MARCOS ALVAREZ,,,
8282,3822,20/10/2024 16:56,2024-12-02 14:54:31,1100119467,MT LECHONSCE HT325,Mang Tomas,1,38.5,SM Savemore,SAVEMORE MARCOS ALVAREZ,,,
8282,3822,20/10/2024 16:56,2024-12-02 14:54:31,1100119467,SLVR SWN SK/PUTI1L,Silver Swan,1,40,SM Savemore,SAVEMORE MARCOS ALVAREZ,,,
8037,3824,02/12/2024 9:58,2024-12-02 15:09:20,137689,PAPA BKTCHP REG 1KG/12,Papa,1,66.5,SM Savemore,SM Savemore - Parkway Mall,,,
8037,3824,02/12/2024 9:58,2024-12-02 15:09:20,137689,UFC 2N1 TOMATO SAUCE 24/200G 200,UFC,1,24.2,SM Savemore,SM Savemore - Parkway Mall,,,
526,3825,01/12/2024 18:26,2024-12-02 15:27:32,0000630894,SLVRSWN SUKAPTI350ML,Silver Swan,1,18,Robinsons Easymart,EASYMART - QUIRINO,,,
527,3826,01/12/2024 17:05,2024-12-02 15:28:55,7500022839,SLVRSWN SUKAPTI350ML,Silver Swan,1,19,SM Savemore,SAVEMORE NOVALICHES,,,
8118,3827,26/10/2024 20:18,2024-12-02 15:31:05,24101300137009,DP PATIS 350ML,Datu Puti,5,66.25,Puregold,PUREGOLD SANTA ROSA BAYAN,,,
2349,3828,01/12/2024 18:26,2024-12-02 15:34:05,0000630895,SLVR SWN SOY SCE1L,Silver Swan,1,24.75,Robinsons Easymart,EASYMART - QUIRINO,,,
8118,3834,14/11/2024 17:21,2024-12-02 15:54:38,24101400231839,DP WHT VNGR 200ML,Datu Puti,5,38.25,Puregold,PUREGOLD TAGAPO-STA. ROSA,,,
8118,3834,14/11/2024 17:21,2024-12-02 15:54:38,24101400231839,DP PATIS 350ML,Datu Puti,5,66.25,Puregold,PUREGOLD TAGAPO-STA. ROSA,,,
8118,3834,14/11/2024 17:21,2024-12-02 15:54:38,24101400231839,DP SOY SCE 200ML,Datu Puti,5,50,Puregold,PUREGOLD TAGAPO-STA. ROSA,,,
5368,3836,02/12/2024 15:01,2024-12-02 15:59:18,08-00102904,UFC CORN KRNEL425G,UFC,5,217.5,SM Savemore,SAVEMORE BORACAY,,,
5368,3836,02/12/2024 15:01,2024-12-02 15:59:18,08-00102904,UFC MSHRM PSTM400G2S,UFC,3,285,SM Savemore,SAVEMORE BORACAY,,,
528,3837,01/12/2024 18:14,2024-12-02 16:03:09,0000136021,SLVRSWN SOYSCE 350ML,Silver Swan,1,20.75,Robinsons Easymart,Robinsons Easymart - SUSANO COMMERCIAL COMPLEX,,,
5368,3838,02/12/2024 11:28,2024-12-02 16:03:19,0000143109,UFC SWTCHLI SCE 340G,UFC,10,455,Robinsons Supermarket,ROBINSONS BORACAY,,,
4134,3840,29/11/2024 17:42,2024-12-02 16:42:52,00-043971,DPUTI VIN 1LT PET/12,Datu Puti,1,43,WalterMart Supermarket Inc,WALTERMART GEN. TRIAS,,,
4134,3840,29/11/2024 17:42,2024-12-02 16:42:52,00-043971,*MDF_UFC BKTCHP REG 530G/,UFC,1,45.5,WalterMart Supermarket Inc,WALTERMART GEN. TRIAS,,,
8290,3843,24/11/2024 12:44,2024-12-02 17:07:15,310-004-00366644,SILVER SWAN VIN1L,Silver Swan,1,79.75,Puregold,PUREGOLD BAGONG SILANG,,,
8290,3843,24/11/2024 12:44,2024-12-02 17:07:15,310-004-00366644,DP SOYSCE 1L,Datu Puti,1,51,Puregold,PUREGOLD BAGONG SILANG,,,
8321,3848,25/11/2024 14:03,2024-12-02 17:44:19,0000022556,UFC SWTCHLI SCE 340G,UFC,1,43,Robinsons Supermarket,ROBINSONS TOWN MALL MALABON,,,
8321,3848,25/11/2024 14:03,2024-12-02 17:44:19,0000022556,DP PRSPCKVIN1LSSCE1L,Datu Puti,1,88,Robinsons Supermarket,ROBINSONS TOWN MALL MALABON,,,
7678,3849,02/12/2024 17:41,2024-12-02 18:00:30,0500016615,*MDF_UFC CREAM OF MUSHROO,UFC,3,124.5,SM Savemore,SAVEMORE BERKELEY,,,
8348,3867,09/11/2024 15:22,2024-12-02 19:56:39,11900600296344,<< UFC T/A B/KET32,UFC,1,26,Puregold,PUREGOLD TAYTAY,,,
8365,3871,02/12/2024 17:18,2024-12-02 20:22:32,0000654159,GF PALM OIL 1L SUP,Golden Fiesta,1,119,Robinsons Supermarket,ROBINSONS BERKLEY COMMONWEALTH,,,
8370,3874,02/12/2024 17:31,2024-12-02 20:32:53,000076309,LOCALLY DRAGONF1L,Locally,1,149.5,SM Supermarket,SM Supermarket - Grand Central,,,
6273,3875,02/12/2024 17:16,2024-12-02 20:34:03,34800600171655,MT LECHONSCE HT325,Mang Tomas,2,72,Puregold,PUREGOLD BUCANDALA,,,
6273,3875,02/12/2024 17:16,2024-12-02 20:34:03,34800600171655,M.TOMAS LCHNSCE325,Mang Tomas,2,70,Puregold,PUREGOLD BUCANDALA,,,
6273,3875,02/12/2024 17:16,2024-12-02 20:34:03,34800600171655,DP WHT VIN 1L,Datu Puti,2,82.5,Puregold,PUREGOLD BUCANDALA,,,
6273,3875,02/12/2024 17:16,2024-12-02 20:34:03,34800600171655,SILVER SWAN VIN1L,Silver Swan,2,80,Puregold,PUREGOLD BUCANDALA,,,
6273,3875,02/12/2024 17:16,2024-12-02 20:34:03,34800600171655,SS SPCL PATIS350ML,Silver Swan,2,47,Puregold,PUREGOLD BUCANDALA,,,
5484,3877,02/12/2024 10:44,2024-12-02 20:49:20,16902100104004,DP SOY SCE 200ML,Datu Puti,6,60.9,Puregold,PUREGOLD SAN JOSE DEL MONTE BULACAN,,,
8213,3878,02/12/2024 18:04,2024-12-02 21:38:01,1800102220,UFC HAPI FIESTA VEGETABLE OIL 24,UFC,1,63.5,SM Savemore,SAVEMORE POZURROBIO,,,
5830,3879,02/12/2024 19:11,2024-12-02 21:41:27,0000627617,DP WHT VINGR-PET1GAL,Datu Puti,1,156,Robinsons Supermarket,ROBINSONS TALISAY CEBU,,,
5830,3879,02/12/2024 19:11,2024-12-02 21:41:27,0000627617,SLVRSWN SOYSCE1893ML,Silver Swan,1,108,Robinsons Supermarket,ROBINSONS TALISAY CEBU,,,
4631,3880,02/12/2024 13:01,2024-12-02 22:07:56,0000037410,DP PRSPCKVIN1LSSCE1L,Datu Puti,1,88,Robinsons Supermarket,ROBINSONS - Bignay,,,
526,3881,02/12/2024 19:04,2024-12-02 22:10:38,136-007-00549736,UFC CREAMSTYLE425G,UFC,1,42.9,Puregold,PUREGOLD NOVALICHES,,,
527,3882,02/12/2024 19:07,2024-12-02 22:13:38,13600700549738,MT LECHONSCE HT325,Mang Tomas,1,36,Puregold,PUREGOLD NOVALICHES,,,
526,3885,02/12/2024 19:06,2024-12-02 22:24:31,136-007-00549737,UFC/OCSSCEMT250GSP,UFC,1,59,Puregold,PUREGOLD NOVALICHES,,,
528,3886,02/12/2024 17:49,2024-12-02 22:32:12,75-00022964,UFC CRAB AND CORN SOUP 36/60G,UFC,1,49,SM Savemore,SAVEMORE NOVALICHES,,,
2349,3887,02/12/2024 17:49,2024-12-02 22:38:38,7500022965,UFC CHICK&CORN60G,UFC,1,49,SM Savemore,SAVEMORE NOVALICHES,,,
8410,3890,25/11/2024 13:44,2024-12-02 23:09:12,237-015-00000215,S/SWAN SOY340/350M,Silver Swan,1,19.25,Puregold,PUREGOLD CENTRO NAGA,,,
6412,3895,02/12/2024 18:54,2024-12-02 23:26:44,010376204,DPUTI SCE SOY 350ML/24,Datu Puti,1,117,SM Hypermarket,HYPERMARKET BATANGAS ROSARIO,,,
8143,3897,02/12/2024 16:59,2024-12-02 23:49:27,311-010-00437988,LOCALLY DLNDN240ML,Locally,1,33.2,Puregold,PUREGOLD SILANG CAVITE,,,
8440,3903,02/12/2024 19:50,2024-12-03 01:48:20,11-00011159,DATU PUTI WHITE VINEGAR 12/1LT Whi,Datu Puti,1,42.5,SM Savemore,SAVEMORE CAINTA VALLEY GOLF,,,
8440,3903,02/12/2024 19:50,2024-12-03 01:48:20,11-00011159,DATU PUTI SOY SAUCE PE 12/1LT,Datu Puti,1,51.5,SM Savemore,SAVEMORE CAINTA VALLEY GOLF,,,
8440,3903,02/12/2024 19:50,2024-12-03 01:48:20,11-00011159,GF PALM OIL 1L SUP,Golden Fiesta,1,219.5,SM Savemore,SAVEMORE CAINTA VALLEY GOLF,,,
6185,3905,12/02/2024 18:11,2024-12-03 07:40:09,00-116028,*MDF_UFC SCE SWEET CHILI,UFC,1,20,WalterMart Supermarket Inc,WALTERMART MAKATI,,,
6185,3906,02/12/2024 18:11,2024-12-03 07:40:09,00-116028,*MDF_UFC SCE SWEET CHILI,UFC,1,20,WalterMart Supermarket Inc,WALTERMART MAKATI,,,
7677,3909,03/12/2024 9:32,2024-12-03 09:55:42,09-00088142,UFC PIECES AND STEM 48/198G,UFC,1,34.5,SM Savemore,SAVEMORE BORACAY,,,
8241,3921,24/11/2024 16:09,2024-12-03 10:11:39,106-029-00071306,DP WHT VIN 1L,Datu Puti,1,41.25,Puregold,PUREGOLD JR ZAPOTE ANNEX LAS PIÑAS,,,
8241,3921,24/11/2024 16:09,2024-12-03 10:11:39,106-029-00071306,DP SOYSCE 1L,Datu Puti,1,51,Puregold,PUREGOLD JR ZAPOTE ANNEX LAS PIÑAS,,,
8241,3921,24/11/2024 16:09,2024-12-03 10:11:39,106-029-00071306,UFC BA/C 550G/530G,UFC,1,44.25,Puregold,PUREGOLD JR ZAPOTE ANNEX LAS PIÑAS,,,
6229,3926,30/11/2024 19:35,2024-12-03 10:55:17,396-005-00329146,MT LECHON SCE550G,Mang Tomas,1,48.5,Puregold,PUREGOLD ILWAS,,,
5484,3927,02/12/2024 14:15,2024-12-03 11:00:40,169-021-00104011,SS SOY SCE 500ML,Silver Swan,6,63,Puregold,PUREGOLD SAN JOSE DEL MONTE BULACAN,,,
5484,3927,02/12/2024 14:15,2024-12-03 11:00:40,169-021-00104011,DP WHT VNGR 200ML,Datu Puti,12,92.4,Puregold,PUREGOLD SAN JOSE DEL MONTE BULACAN,,,
5484,3927,02/12/2024 14:15,2024-12-03 11:00:40,169-021-00104011,DP SOY SCE 200ML,Datu Puti,12,121.8,Puregold,PUREGOLD SAN JOSE DEL MONTE BULACAN,,,
5484,3927,02/12/2024 14:15,2024-12-03 11:00:40,169-021-00104011,S/SWAN SOY340/350M,Silver Swan,6,115.5,Puregold,PUREGOLD SAN JOSE DEL MONTE BULACAN,,,
8346,3928,02/12/2024 18:53,2024-12-03 11:24:33,832-004-00356723,DP SOYSCE 1L,Datu Puti,1,51,Puregold,PUREGOLD FTI TAGUIG,,,
5368,3929,03/12/2024 11:23,2024-12-03 11:32:57,08-00103026,UFC SWTCHLI SCE 340G,UFC,10,400,SM Savemore,SAVEMORE BORACAY,,,
8241,3931,18/10/2024 16:13,2024-12-03 12:16:46,106-033-00033492,DP PATIS 1L,Datu Puti,1,71.15,Puregold,PUREGOLD - TALON UNO,,,
8241,3932,10/10/2024 19:39,2024-12-03 12:41:09,106-033-00033303,DP SOYSCE 1L,Datu Puti,1,51,Puregold,PUREGOLD - TALON UNO,,,
8241,3932,10/10/2024 19:39,2024-12-03 12:41:09,106-033-00033303,UFC T/A B/KTCHP2K,UFC,1,125.75,Puregold,PUREGOLD - TALON UNO,,,
8118,3935,11/11/2024 0:00,2024-12-03 13:12:36,241-011-00215161,<< UFC T/A B/KET32,UFC,3,78.15,Puregold,PUREGOLD TAGAPO-STA. ROSA,,,
8118,3935,11/11/2024 0:00,2024-12-03 13:12:36,241-011-00215161,D/PUTI S/SCE340ML,Datu Puti,3,57,Puregold,PUREGOLD TAGAPO-STA. ROSA,,,
8118,3935,11/11/2024 0:00,2024-12-03 13:12:36,241-011-00215161,MT LECHONSCE HT325,Mang Tomas,2,72,Puregold,PUREGOLD TAGAPO-STA. ROSA,,,
5368,3940,03/12/2024 13:59,2024-12-03 14:11:39,08-00103051,UFC MSHRM PSTM400G2S,UFC,3,285,SM Savemore,SAVEMORE BORACAY,,,
892,3941,03/12/2024 13:59,2024-12-03 14:11:39,0800103051,UFC MSHRM PSTM400G2S,UFC,3,285,SM Savemore,SAVEMORE BORACAY,,,
5368,3942,03/12/2024 13:50,2024-12-03 14:35:26,0800103049,UFC P&S MSHRM 400G,UFC,10,515,SM Savemore,SAVEMORE BORACAY,,,
4734,3947,02/12/2024 16:17,2024-12-03 15:13:29,0000085098,CC*UFC BNNA CTSUP 1K,UFC,1,68.75,Robinsons Supermarket,ROBINSONS RP METROEAST,,,
4734,3947,02/12/2024 16:17,2024-12-03 15:13:29,0000085098,SLVRSWN VNGR 1L,Silver Swan,1,44.75,Robinsons Supermarket,ROBINSONS RP METROEAST,,,
4734,3947,02/12/2024 16:17,2024-12-03 15:13:29,0000085098,UFCGFCANOLA1LDUOPACK,UFC,1,253,Robinsons Supermarket,ROBINSONS RP METROEAST,,,
8369,3954,27/10/2024 16:31,2024-12-03 16:42:33,010562346,MT LECHON SCE550G,Mang Tomas,2,100,SM Supermarket,SM SUPERMARKET SAN JOSE DEL MONTE,,,
1183,3965,03/12/2024 17:34,2024-12-03 18:10:43,0000027858,SO*DP WHT VNGR 1LX12,Datu Puti,1,47,Robinsons Easymart,EASYMART MARIPOSA,,,
1183,3965,03/12/2024 17:34,2024-12-03 18:10:43,0000027858,GF COOKING OIL 950ML,Golden Fiesta,1,127.5,Robinsons Easymart,EASYMART MARIPOSA,,,
8369,3968,13/10/2024 16:28,2024-12-03 18:55:02,16900400372851,$UFC B/KTCHP H&S32,UFC,2,64,Puregold,PUREGOLD SAN JOSE DEL MONTE BULACAN,,,
8369,3968,13/10/2024 16:28,2024-12-03 18:55:02,16900400372851,UFC BA/C 550G/530G,UFC,1,44.25,Puregold,PUREGOLD SAN JOSE DEL MONTE BULACAN,,,
8369,3968,13/10/2024 16:28,2024-12-03 18:55:02,16900400372851,MT LECHONSCE HT325,Mang Tomas,1,36,Puregold,PUREGOLD SAN JOSE DEL MONTE BULACAN,,,
8369,3968,13/10/2024 16:28,2024-12-03 18:55:02,16900400372851,DP WHT VIN 1L,Datu Puti,1,41.25,Puregold,PUREGOLD SAN JOSE DEL MONTE BULACAN,,,
8348,3972,26/11/2024 16:26,2024-12-03 19:25:45,000063976,SLVRSWN SUKAPTI350ML,Silver Swan,1,19,SM Hypermarket,HYPERMARKET TAYTAY,,,
8369,3974,10/11/2024 12:14,2024-12-03 19:26:04,16900800320318,HF VEG OIL 900ML SUP,Hapi Fiesta,1,113,Puregold,PUREGOLD SAN JOSE DEL MONTE BULACAN,,,
8619,3979,03/12/2024 19:31,2024-12-03 20:26:33,0000200742,SO*DP WHT VNGR 1LX12,Datu Puti,1,47,Robinsons Supermarket,ROBINSONS RP ILOILO,,,
7617,3981,03/12/2024 17:02,2024-12-03 21:05:00,2300103544,LOCALLY RMANGO 240ML,Locally,1,114.5,SM Savemore,SAVEMORE TALISAY,,,
526,3983,03/12/2024 18:51,2024-12-03 21:26:43,8100012951,DATU PUTI VINEGAR JUMBO 30/385,Datu Puti,1,19.5,SM Savemore,SAVEMORE NOVALICHES,,,
8629,3984,30/11/2024 9:58,2024-12-03 21:26:44,0000229157,DP PRSPCKVIN1LSSCE1L,Datu Puti,1,88,Robinsons Supermarket,ROBINSONS RP ERMITA,,,
8629,3984,30/11/2024 9:58,2024-12-03 21:26:44,0000229157,SILVER SWANPATIS100,Silver Swan,1,66.75,Robinsons Supermarket,ROBINSONS RP ERMITA,,,
8629,3984,30/11/2024 9:58,2024-12-03 21:26:44,0000229157,SLVRSWN HOT SCE 100G,Silver Swan,1,24.25,Robinsons Supermarket,ROBINSONS RP ERMITA,,,
8629,3984,30/11/2024 9:58,2024-12-03 21:26:44,0000229157,UFC BANANA CTSUP200G,UFC,1,28.5,Robinsons Supermarket,ROBINSONS RP ERMITA,,,
527,3985,03/12/2024 18:51,2024-12-03 21:28:23,81-00012950,SLVRSWN SUKAPTI350ML,Silver Swan,1,19,SM Savemore,SAVEMORE NOVA PLAZA,,,
8593,3986,30/11/2024 8:16,2024-12-03 21:37:54,66700100058750,<< UFC T/A B/KET32,UFC,1,26,Puregold,PUREGOLD JR SAN ISIDRO ANTIPOLO,,,
8593,3986,30/11/2024 8:16,2024-12-03 21:37:54,66700100058750,RR CALDERTA200G,UFC,1,29.75,Puregold,PUREGOLD JR SAN ISIDRO ANTIPOLO,,,
8593,3986,30/11/2024 8:16,2024-12-03 21:37:54,66700100058750,DP SOY SCE 200ML,Datu Puti,1,10,Puregold,PUREGOLD JR SAN ISIDRO ANTIPOLO,,,
8593,3986,30/11/2024 8:16,2024-12-03 21:37:54,66700100058750,M.TOMAS LCHNSCE325,Mang Tomas,1,35,Puregold,PUREGOLD JR SAN ISIDRO ANTIPOLO,,,
8593,3986,30/11/2024 8:16,2024-12-03 21:37:54,66700100058750,DP WHT VNGR 200ML,Datu Puti,1,7.6,Puregold,PUREGOLD JR SAN ISIDRO ANTIPOLO,,,
4621,3987,03/12/2024 21:31,2024-12-03 21:40:15,0000069576,DP PRSPCKVIN1LSSCE1L,Datu Puti,4,360,Robinsons Easymart,EASYMART - PORAC,,,
528,3994,03/12/2024 19:45,2024-12-03 22:34:03,154-012-00465756,SLVR SWN SOY SCE1L,Silver Swan,1,22.25,Puregold,PUREGOLD TDC SUSANO NOVALICHES QC,,,
4063,3999,30/11/2024 17:38,2024-12-04 08:12:28,0000002793,HAPI FSTA VEG 1L,Hapi Fiesta,1,112.5,SM Supermarket,SM SUPERMARKET CONSOLACION,,,
5368,4011,04/12/2024 11:00,2024-12-04 11:02:20,0800103154,UFC SWTCHLI SCE 340G,UFC,10,400,SM Savemore,SAVEMORE BORACAY,,,
6442,4015,04/12/2024 9:42,2024-12-04 12:55:25,1200082437,UFC BANANA CATSU 24/320 GRAMS.,UFC,1,28.5,SM Savemore,SAVEMORE POZURROBIO,,,
6442,4015,04/12/2024 9:42,2024-12-04 12:55:25,1200082437,SLVRSWN SUKAPTI350ML,Silver Swan,1,19,SM Savemore,SAVEMORE POZURROBIO,,,
6442,4015,04/12/2024 9:42,2024-12-04 12:55:25,1200082437,S/SWAN SOY340/350M,Silver Swan,1,23,SM Savemore,SAVEMORE POZURROBIO,,,
3578,4016,04/12/2024 10:40,2024-12-04 13:11:17,00036608,*MDF_UFC SPSAU SCE1KG+PST,UFC,1,129,WalterMart Supermarket Inc,WALTERMART SAN JOSE,,,
3578,4016,04/12/2024 10:40,2024-12-04 13:11:17,00036608,*MDF_UFC SPSAU SWTFILSTYL 1kg,UFC,1,85,WalterMart Supermarket Inc,WALTERMART SAN JOSE,,,
3578,4016,04/12/2024 10:40,2024-12-04 13:11:17,00036608,UFC CRAB AND CORN60G,UFC,1,51.25,WalterMart Supermarket Inc,WALTERMART SAN JOSE,,,
3578,4016,04/12/2024 10:40,2024-12-04 13:11:17,00036608,UFC CRM OF MSHRM 70G,UFC,1,43.75,WalterMart Supermarket Inc,WALTERMART SAN JOSE,,,
3578,4016,04/12/2024 10:40,2024-12-04 13:11:17,00036608,UFC CHCKN AND CRN60G,UFC,1,54.75,WalterMart Supermarket Inc,WALTERMART SAN JOSE,,,
6707,4023,02/12/2024 20:11,2024-12-04 13:26:53,13500100069397,DP PATIS 1L,Datu Puti,2,143.5,Puregold,PUREGOLD TERRACES,,,
913,4024,04/12/2024 11:47,2024-12-04 13:39:55,3100287378,HAPI FSTA VEG 1L,Hapi Fiesta,1,112.5,SM Savemore,SAVEMORE NAGTAHAN,,,
913,4024,04/12/2024 11:47,2024-12-04 13:39:55,3100287378,S/SWAN SOY340/350M,Silver Swan,1,23,SM Savemore,SAVEMORE NAGTAHAN,,,
913,4024,04/12/2024 11:47,2024-12-04 13:39:55,3100287378,SILVR SWAN VIN3785,Silver Swan,1,19.5,SM Savemore,SAVEMORE NAGTAHAN,,,
4621,4025,04/12/2024 12:25,2024-12-04 14:56:21,0000069623,DP PATIS 1L,Datu Puti,1,85,Robinsons Easymart,EASYMART - PORAC,,,
3919,4027,04/12/2024 15:22,2024-12-04 15:26:26,0000081412,JFRAN TFISH SCE200ML,Jufran,1,59.5,Robinsons Supermarket,ROBINSONS CLOVERLEAF,,,
3919,4027,04/12/2024 15:22,2024-12-04 15:26:26,0000081412,UFCGFCANOLA1LDUOPACK,UFC,1,255,Robinsons Supermarket,ROBINSONS CLOVERLEAF,,,
5368,4033,04/12/2024 15:00,2024-12-04 16:20:11,1000168782,UFC MSHRM PSTM400G2S,UFC,4,380,SM Savemore,SAVEMORE BORACAY,,,
5368,4033,04/12/2024 15:00,2024-12-04 16:20:11,1000168782,UFC P&S MSHRM 400G,UFC,2,103,SM Savemore,SAVEMORE BORACAY,,,
5140,4038,04/12/2024 17:00,2024-12-04 17:55:44,0000342354,UFC HAPI FIESTA VEGETABLE OIL 24,UFC,1,118.75,Robinsons Easymart,EASYMART BUHAY NA TUBIG,,,
5140,4038,04/12/2024 17:00,2024-12-04 17:55:44,0000342354,SLVRSWN VNEGSUP350ML,Silver Swan,1,17,Robinsons Easymart,EASYMART BUHAY NA TUBIG,,,
8812,4039,03/12/2024 20:14,2024-12-04 17:58:15,0000421214,UFC B.CATSUP 320GSPC,UFC,1,25,Robinsons Supermarket,ROBINSONS TUGUEGARAO CITY,,,
6412,4041,04/12/2024 18:37,2024-12-04 18:39:28,010073828,DPUTI SCE SOY 350ML/24,Datu Puti,1,117,SM Hypermarket,HYPERMARKET BATANGAS ROSARIO,,,
5830,4049,04/12/2024 19:00,2024-12-04 21:21:58,0000000398,PAPA BNNA CTSUP 2K,Papa,1,252.75,Robinsons Supermarket,ROBINSONS TALISAY CEBU,,,
5830,4049,04/12/2024 19:00,2024-12-04 21:21:58,0000000398,SILVER SWAN SUKANG H,Silver Swan,1,93.75,Robinsons Supermarket,ROBINSONS TALISAY CEBU,,,
5830,4049,04/12/2024 19:00,2024-12-04 21:21:58,0000000398,UFC 2N1 TOMATO SAUCE 12/1KG,UFC,1,92.5,Robinsons Supermarket,ROBINSONS TALISAY CEBU,,,
526,4051,04/12/2024 17:57,2024-12-04 21:25:01,0000050091,DP WHTVNGR PET 385ML,Datu Puti,1,19.5,Robinsons Supermarket,ROBINSONS SUSANO COMPLEX NOVALICHES,,,
527,4052,04/12/2024 17:57,2024-12-04 21:26:51,0000050093,SLVRSWN SUKAPTI350ML,Silver Swan,1,18,Robinsons Easymart,Robinsons Easymart - SUSANO COMMERCIAL COMPLEX,,,
2349,4053,04/12/2024 18:36,2024-12-04 21:29:42,136-010-00078594,DP SOY SCE 200ML,Datu Puti,1,10.15,Puregold,PUREGOLD NOVALICHES,,,
528,4055,04/12/2024 18:35,2024-12-04 21:51:32,13601000078592,DP WHT VNGR 200ML,Datu Puti,1,7.7,Puregold,PUREGOLD NOVALICHES,,,
527,4057,04/12/2024 18:13,2024-12-04 22:12:28,0000632113,DP SOY SAUCE 385ML,Datu Puti,1,23,Robinsons Easymart,EASYMART SHOP 'N RIDE NOVALICHES,,,
526,4058,04/12/2024 18:13,2024-12-04 22:15:19,0000632114,SLVRSWN SUKAPTI350ML,Silver Swan,1,18,Robinsons Supermarket,EASYMART SANTA MONICA,,,
3968,4060,04/12/2024 10:24,2024-12-04 22:41:54,725-007-00286752,M.TOMAS LCHNSCE325,Mang Tomas,3,32.25,Puregold,Puregold -  Don Antonio Holy Spirit,,,
3968,4060,04/12/2024 10:24,2024-12-04 22:41:54,725-007-00286752,DP WHT VNGR 200ML,Datu Puti,3,23.1,Puregold,Puregold -  Don Antonio Holy Spirit,,,
4179,4063,01/12/2024 13:10,2024-12-04 23:23:20,372-005-0023137,DP PATIS 350ML,Datu Puti,1,13.25,Puregold,PUREGOLD PANDAN,,,
4179,4063,01/12/2024 13:10,2024-12-04 23:23:20,372-005-0023137,DP SOY SCE 200ML,Datu Puti,1,29.25,Puregold,PUREGOLD PANDAN,,,
6345,4072,12/04/2024 17:50,2024-12-05 01:32:37,000711305,DATU PUTI SOY SAUCE PE 12/1LT,Datu Puti,1,51.5,SM Supermarket,SM SUPERMARKET MAKATI,,,
9069,4078,20/11/2024 19:19,2024-12-05 05:34:53,000047445,UFC GI/BAG REG250G,UFC,1,87.5,SM Supermarket,SM SUPERMARKET BACOOR,,,
9075,4080,09/11/2024 17:08,2024-12-05 06:35:18,265-007-00132104,LAURIAT SS750ML L,Silver Swan,1,78.75,Puregold,PUREGOLD PULANG LUPA,,,
8037,4081,04/12/2024 15:35,2024-12-05 06:36:09,1200140035,DATU PUTI PININYAHANG ADOBO 24X180,Datu Puti,1,38.5,SM Savemore,SAVEMORE BUCANDALA IMUS,,,
8037,4081,04/12/2024 15:35,2024-12-05 06:36:09,1200140035,DP ADOBO HUMBA 180ML,Datu Puti,1,38.5,SM Savemore,SAVEMORE BUCANDALA IMUS,,,
8259,4085,04/11/2024 13:29,2024-12-05 07:49:04,65700200029906,JUFRAN RD H/C S165,Jufran,1,46,Puregold,Puregold - M.A. FERNANDO SANTA CRUZ POB.,,,
8259,4086,30/11/2024 15:32,2024-12-05 07:49:04,657-004-00032826,DP WHT VIN 1L,Datu Puti,1,41.25,Puregold,Puregold - M.A. FERNANDO SANTA CRUZ POB.,,,
8259,4086,30/11/2024 15:32,2024-12-05 07:49:04,657-004-00032826,DP SOYSCE 1L,Datu Puti,1,51,Puregold,Puregold - M.A. FERNANDO SANTA CRUZ POB.,,,
8980,4093,02/12/2024 19:45,2024-12-05 09:23:02,21600900159663,$UFC T/A B/KTCHP1K,UFC,1,70,Puregold,PUREGOLD ANABU-IMUS,,,
8980,4093,02/12/2024 19:45,2024-12-05 09:23:02,21600900159663,DPOYSTERRIFIC430G,Datu Puti,1,93,Puregold,PUREGOLD ANABU-IMUS,,,
8980,4093,02/12/2024 19:45,2024-12-05 09:23:02,21600900159663,UFC FC YANGCHOW20G,UFC,1,15,Puregold,PUREGOLD ANABU-IMUS,,,
7002,4114,05/12/2024 11:30,2024-12-05 11:34:40,0300247390,SPR FSTA COCO 1L SUP,UFC,1,118.5,SM Savemore,SAVEMORE FORTUNE TOWN,,,
5539,4115,04/12/2024 9:40,2024-12-05 12:01:28,03-00233221,UFC HOT SAUCE 100G,UFC,1,29.5,SM Savemore,SAVEMORE SAN NICOLAS,,,
5539,4115,04/12/2024 9:40,2024-12-05 12:01:28,03-00233221,DPUTI SCE SOY 350ML/24,Datu Puti,1,19.5,SM Savemore,SAVEMORE SAN NICOLAS,,,
9205,4118,12/03/2024 13:40,2024-12-05 13:36:38,010522162,MT LECHONSCE HT325,Mang Tomas,1,37.5,SM Supermarket,SM Supermarket - Mabolo,,,
9205,4118,12/03/2024 13:40,2024-12-05 13:36:38,010522162,UFC BANANA CATSU 24/320 GRAMS.,UFC,1,28.5,SM Supermarket,SM Supermarket - Mabolo,,,
9205,4118,12/03/2024 13:40,2024-12-05 13:36:38,010522162,SLVRSWN SUKAPTI350ML,Silver Swan,1,19,SM Supermarket,SM Supermarket - Mabolo,,,
5368,4123,05/12/2024 13:19,2024-12-05 14:04:21,0000116031,DP WHT VINGR-PET1GAL,Datu Puti,1,165.5,Robinsons Supermarket,ROBINSONS BORACAY,,,
5368,4123,05/12/2024 13:19,2024-12-05 14:04:21,0000116031,UFC MSHRM WHOLE 400G,UFC,5,330,Robinsons Supermarket,ROBINSONS BORACAY,,,
5368,4127,05/12/2024 13:16,2024-12-05 14:44:35,0000116029,UFC MSHRM WHOLE 400G,UFC,6,396,Robinsons Supermarket,ROBINSONS BORACAY,,,
9231,4130,02/12/2024 17:07,2024-12-05 15:14:55,0400098518,UFC CRAB AND CORN SOUP 36/60G,UFC,1,49,SM Savemore,SAVEMORE ANGONO 2,,,
9231,4130,02/12/2024 17:07,2024-12-05 15:14:55,0400098518,UFC BANANA KETCHUP 200G/48 20,UFC,1,19.5,SM Savemore,SAVEMORE ANGONO 2,,,
7284,4140,04/12/2024 17:56,2024-12-05 16:58:00,0700218421,DPUTI VIN SUP 200ML/60,Datu Puti,1,9.25,SM Savemore,SAVEMORE BANGKAL,,,
6803,4161,03/12/2024 20:03,2024-12-05 20:34:01,34801200292117,<< UFC T/A B/KET32,UFC,2,55,Puregold,PUREGOLD BUCANDALA,,,
8924,4163,03/12/2024 11:25,2024-12-05 21:38:02,237-019-00001469,SLVRSWN SOYSCE 100ML,Silver Swan,10,68,Puregold,PUREGOLD CENTRO NAGA,,,
5018,4165,02/12/2024 11:59,2024-12-05 21:54:04,00000853,GFSTA OIL CANOLA 2LT/6,Golden Fiesta,1,235,WalterMart Supermarket Inc,WalterMart Supermarket Inc - Bataan,,,
5830,4169,05/12/2024 19:13,2024-12-05 22:35:36,0000000763,UFC BNNA CTSUP 4K,UFC,1,264.75,Robinsons Supermarket,ROBINSONS TALISAY CEBU,,,
5830,4169,05/12/2024 19:13,2024-12-05 22:35:36,0000000763,UFC BNNA CTSUP 2K,UFC,2,72,Robinsons Supermarket,ROBINSONS TALISAY CEBU,,,
8341,4170,22/11/2024 11:42,2024-12-05 22:54:26,00-012379,DPUTI SCE OYSTER 3S 30G/4,Datu Puti,1,17.5,WalterMart Supermarket Inc,WALTERMART TRECE MARTIRES,,,
8341,4171,22/11/2024 11:42,2024-12-05 22:54:38,00012379,DPUTI SCE OYSTER 3S 30G/4,Datu Puti,7,122.5,WalterMart Supermarket Inc,WALTERMART TRECE MARTIRES,,,
5849,4173,12/05/2024 18:47,2024-12-05 23:22:41,204208,MT LECHON SCE550G,Mang Tomas,1,50,SM Supermarket,SM SUPERMARKET PAMPANGA,,,
5849,4174,05/12/2024 18:47,2024-12-05 23:22:51,204208,MT LECHON SCE550G,Mang Tomas,1,50,SM Supermarket,SM SUPERMARKET PAMPANGA,,,
9451,4176,05/12/2024 14:57,2024-12-06 06:36:42,0000135134,DP OYSTER SCE 30G,Datu Puti,6,36,Robinsons Supermarket,ROBINSONS - Sta. Cruz,,,
9451,4176,05/12/2024 14:57,2024-12-06 06:36:42,0000135134,DP PATIS 350ML,Datu Puti,1,26.25,Robinsons Supermarket,ROBINSONS - Sta. Cruz,,,
9451,4176,05/12/2024 14:57,2024-12-06 06:36:42,0000135134,DP SOY SCE PCH 340ML,Datu Puti,1,19.75,Robinsons Supermarket,ROBINSONS - Sta. Cruz,,,
9451,4176,05/12/2024 14:57,2024-12-06 06:36:42,0000135134,MT LECHONSCE HOT325G,Mang Tomas,1,40.5,Robinsons Supermarket,ROBINSONS - Sta. Cruz,,,
9451,4176,05/12/2024 14:57,2024-12-06 06:36:42,0000135134,SLVRSWN VNEGSUP350ML,Silver Swan,1,17.25,Robinsons Supermarket,ROBINSONS - Sta. Cruz,,,
9451,4176,05/12/2024 14:57,2024-12-06 06:36:42,0000135134,UFC HOT SAUCE 100G,UFC,1,29.25,Robinsons Supermarket,ROBINSONS - Sta. Cruz,,,
6185,4177,12/05/2024 17:32,2024-12-06 07:03:54,00-023029,*MDF_UFC BKTCHP SVERSPACK,UFC,1,20,WalterMart Supermarket Inc,WALTERMART MAKATI,,,
6185,4178,05/12/2024 17:32,2024-12-06 07:04:01,00-023029,*MDF_UFC BKTCHP SVERSPACK,UFC,1,20,WalterMart Supermarket Inc,WALTERMART MAKATI,,,
6895,4185,06/12/2024 8:23,2024-12-06 08:39:53,010461803,UFC CHSY AP SCE200G,UFC,1,89.5,SM Hypermarket,HYPERMARKET BATANGAS ROSARIO,,,
3887,4186,06/12/2024 7:51,2024-12-06 09:08:05,140-008-00408057,UFC CRB & CORN60G,UFC,1,49.25,Puregold,PUREGOLD ANGELES,,,
3887,4186,06/12/2024 7:51,2024-12-06 09:08:05,140-008-00408057,UFC CHICK&CORN60G,UFC,1,49.25,Puregold,PUREGOLD ANGELES,,,
7002,4191,06/12/2024 9:23,2024-12-06 10:52:48,0300247600,SPR FSTA COCO 1L SUP,UFC,1,118.5,SM Savemore,SAVEMORE FORTUNE TOWN,,,
6068,4196,28/11/2024 8:44,2024-12-06 11:53:37,0000091302,UFC GF BGCRNCH BM60G,UFC,2,30,Robinsons Supermarket,ROBINSONS BF PARANAQUE,,,
6068,4196,28/11/2024 8:44,2024-12-06 11:53:37,0000091302,UFC TOMATO SAUCE115G,UFC,1,17.25,Robinsons Supermarket,ROBINSONS BF PARANAQUE,,,
6068,4197,20/12/2024 15:51,2024-12-06 11:58:48,0000026420,UFC GF BGCRNCH BM60G,UFC,2,30,Robinsons Supermarket,ROBINSONS BF PARANAQUE,,,
2501,4198,22/11/2024 11:29,2024-12-06 12:05:28,29-00049353,MT LECHON SCE550G,Mang Tomas,1,50,SM Savemore,SAVEMORE SHOE AVENUE,,,
2501,4199,15/11/2024 16:24,2024-12-06 12:09:19,1100011788,UFC BNNA CTSUP 4K,UFC,1,69.5,SM Savemore,SAVEMORE SHOE AVENUE,,,
2501,4199,15/11/2024 16:24,2024-12-06 12:09:19,1100011788,DP SOY SAUCE 385ML,Datu Puti,1,22,SM Savemore,SAVEMORE SHOE AVENUE,,,
7083,4208,04/12/2024 13:59,2024-12-06 14:19:13,2300082598,UFC RICEMX FUNCHW BLGGI 2,UFC,1,20,SM Savemore,SAVEMORE LIGHT RESIDENCES,,,
7083,4208,04/12/2024 13:59,2024-12-06 14:19:13,2300082598,DPOYSTERRIFIC430G,Datu Puti,1,89.5,SM Savemore,SAVEMORE LIGHT RESIDENCES,,,
6229,4212,29/09/2025 17:02,2024-12-06 15:05:57,35200600613896,MT LECHONSCE HT325,Mang Tomas,1,36,Puregold,PUREGOLD BAJAC OLONGAPO,,,
6229,4212,29/09/2025 17:02,2024-12-06 15:05:57,35200600613896,JUFRAN RD H/C S165,Jufran,1,46,Puregold,PUREGOLD BAJAC OLONGAPO,,,
6229,4215,30/08/2024 19:44,2024-12-06 15:57:52,39600400385983,UFC SWT CHILI 340,UFC,1,39.5,Puregold,PUREGOLD ILWAS,,,
6229,4215,30/08/2024 19:44,2024-12-06 15:57:52,39600400385983,JUFRAN RD H/C S165,Jufran,1,46,Puregold,PUREGOLD ILWAS,,,
3734,4216,06/12/2024 7:27,2024-12-06 17:11:00,0000011905,UFC HAPI FIESTA VEGETABLE OIL 24,UFC,1,118.75,Robinsons Easymart,EASYMART PILILIA,,,
3734,4216,06/12/2024 7:27,2024-12-06 17:11:00,0000011905,UFC BNANA CATSUP POUCH 320G/36,UFC,1,29.75,Robinsons Easymart,EASYMART PILILIA,,,
3734,4216,06/12/2024 7:27,2024-12-06 17:11:00,0000011905,UFC GF BGCRNCH BM60G,UFC,1,17.5,Robinsons Easymart,EASYMART PILILIA,,,
9659,4222,04/12/2024 19:56,2024-12-06 19:13:44,0000060668,DP PATIS 350ML,Datu Puti,1,26.25,Robinsons Supermarket,ROBINSONS MABALACAT,,,
9659,4222,04/12/2024 19:56,2024-12-06 19:13:44,0000060668,DP WHTVNGR PET 385ML,Datu Puti,1,19.5,Robinsons Supermarket,ROBINSONS MABALACAT,,,
9659,4222,04/12/2024 19:56,2024-12-06 19:13:44,0000060668,UFC BANANA CTSUP200G,UFC,1,28.5,Robinsons Supermarket,ROBINSONS MABALACAT,,,
9659,4222,04/12/2024 19:56,2024-12-06 19:13:44,0000060668,UFC GREEN PEAS 425G,UFC,1,39.75,Robinsons Supermarket,ROBINSONS MABALACAT,,,
2772,4227,05/12/2024 14:58,2024-12-06 20:19:53,0300011191,UFC SINIGANG MIX 20G/96'S,UFC,1,12,SM Savemore,SM Savemore - FRANCIS MARKET,,,
526,4229,06/12/2024 18:36,2024-12-06 20:48:17,0000633061,UFC SPRM PARTYPCK1KG,UFC,1,126.5,Robinsons Supermarket,EASYMART SANTA MONICA,,,
527,4230,06/12/2024 18:06,2024-12-06 20:51:07,0000139765,UFC SPRM PARTYPCK1KG,UFC,1,126.5,Robinsons Easymart,Robinsons Easymart - SUSANO COMMERCIAL COMPLEX,,,
7808,4235,06/12/2024 19:43,2024-12-06 20:59:49,00056537,DPUTI VIN 350ML/24,Datu Puti,1,17.5,WalterMart Supermarket Inc,WALTERMART GAPAN,,,
7808,4235,06/12/2024 19:43,2024-12-06 20:59:49,00056537,DPUTI SCE SOY 350ML/24,Datu Puti,1,19,WalterMart Supermarket Inc,WALTERMART GAPAN,,,
528,4236,06/12/2024 18:24,2024-12-06 21:00:09,13601000078773,DP SOY SCE 200ML,Datu Puti,1,10.15,Puregold,PUREGOLD NOVALICHES,,,
2349,4237,06/12/2024 18:24,2024-12-06 21:03:30,136-010-00078774,SILVER SWAN VIN350,Silver Swan,1,16.5,Puregold,PUREGOLD NOVALICHES,,,
6541,4238,06/12/2024 20:29,2024-12-06 21:05:40,0000025320,UFC MUSHRM PCSSTM198,UFC,1,35.5,Robinsons Supermarket,ROBINSONS RP MALOLOS,,,
5368,4239,06/12/2024 11:25,2024-12-06 21:31:22,10-00168976,UFC SWTCHLI SCE 340G,UFC,10,400,SM Savemore,SAVEMORE BORACAY,,,
526,4242,06/12/2024 18:37,2024-12-06 23:00:56,0000633062,SLVRSWN SUKAPTI350ML,Silver Swan,1,18,Robinsons Easymart,EASYMART - QUIRINO,,,
527,4243,06/12/2024 18:05,2024-12-06 23:02:17,0000139763,DP WHTVNGR PET 385ML,Datu Puti,1,19.5,Robinsons Easymart,Robinsons Easymart - SUSANO COMMERCIAL COMPLEX,,,
9740,4244,06/12/2024 20:22,2024-12-06 23:08:07,0000006737,SILVER SWAN VIN1L,Silver Swan,1,44.75,Robinsons Supermarket,ROBINSONS - California Garden Square,,,
9740,4244,06/12/2024 20:22,2024-12-06 23:08:07,0000006737,SILVER SWAN SUKANG H,Silver Swan,1,18,Robinsons Supermarket,ROBINSONS - California Garden Square,,,
9740,4244,06/12/2024 20:22,2024-12-06 23:08:07,0000006737,UFC GROUND PEPPER30G,UFC,1,51,Robinsons Supermarket,ROBINSONS - California Garden Square,,,
9767,4247,06/12/2024 18:23,2024-12-07 00:08:44,04-00302944,UFC CHILI FLAKES 30G,UFC,1,43.5,SM Savemore,SAVEMORE GT PARK PAVIA,,,
9767,4247,06/12/2024 18:23,2024-12-07 00:08:44,04-00302944,UFC BANANA CATSU 24/320 GRAMS.,UFC,1,24.5,SM Savemore,SAVEMORE GT PARK PAVIA,,,
9767,4247,06/12/2024 18:23,2024-12-07 00:08:44,04-00302944,GF PALM OIL 500MLSUP,Golden Fiesta,1,68.5,SM Savemore,SAVEMORE GT PARK PAVIA,,,
9767,4247,06/12/2024 18:23,2024-12-07 00:08:44,04-00302944,DATU PUTI OYSTER150G,Datu Puti,1,30,SM Savemore,SAVEMORE GT PARK PAVIA,,,
9767,4247,06/12/2024 18:23,2024-12-07 00:08:44,04-00302944,SLVRSWN VNEGSUP350ML,Silver Swan,1,16,SM Savemore,SAVEMORE GT PARK PAVIA,,,
7808,4248,06/12/2024 19:43,2024-12-07 00:58:27,00-056537,DPUTI FSCE PATIS PET 350M,Datu Puti,1,26.25,WalterMart Supermarket Inc,WALTERMART GAPAN,,,
7808,4248,06/12/2024 19:43,2024-12-07 00:58:27,00-056537,DPUTI VIN 350ML/24,Datu Puti,1,17.5,WalterMart Supermarket Inc,WALTERMART GAPAN,,,
7808,4248,06/12/2024 19:43,2024-12-07 00:58:27,00-056537,DPUTI SCE SOY 350ML/24,Datu Puti,1,19,WalterMart Supermarket Inc,WALTERMART GAPAN,,,
5968,4250,27/11/2024 17:18,2024-12-07 07:10:07,135-017-00115809,UFC G/F CANOLA 1L,UFC,1,248,Puregold,Puregold - FAIRVIEW AVENUE. FAIRVIEW PARK,,,
5968,4250,27/11/2024 17:18,2024-12-07 07:10:07,135-017-00115809,DP WHT VIN 1L,Datu Puti,1,41.25,Puregold,Puregold - FAIRVIEW AVENUE. FAIRVIEW PARK,,,
5968,4250,27/11/2024 17:18,2024-12-07 07:10:07,135-017-00115809,SS SOY SCE 1893ML,Silver Swan,1,53,Puregold,Puregold - FAIRVIEW AVENUE. FAIRVIEW PARK,,,
9161,4263,06/12/2024 19:33,2024-12-07 10:41:19,24601300503105,LOCALLY DRAGONF1L,Locally,1,138.75,Puregold,PUREGOLD LAOAG,,,
9824,4264,19/11/2024 19:28,2024-12-07 10:41:30,49400200028479,$UFC T/A B/KTCHP1K,UFC,1,70,Puregold,Puregold - Pinamalayan,,,
9872,4269,31/10/2024 16:12,2024-12-07 11:58:57,2500177378,GF PALM OIL 500MLSUP,Golden Fiesta,1,68.5,SM Savemore,SAVEMORE STA. ANA,,,
9872,4270,31/10/2024 16:12,2024-12-07 11:59:07,25-00177378,GF PALM OIL 500MLSUP,Golden Fiesta,1,68.5,SM Savemore,SAVEMORE STA. ANA,,,
9872,4271,24/10/2024 16:24,2024-12-07 12:11:29,2500175998,DP VINEGAR 1L SUP,Datu Puti,1,43,SM Savemore,SAVEMORE STA. ANA,,,
9872,4271,24/10/2024 16:24,2024-12-07 12:11:29,2500175998,UFC BANANA CATSU 24/320 GRAMS.,UFC,1,28.5,SM Savemore,SAVEMORE STA. ANA,,,
6697,4273,16/11/2024 14:07,2024-12-07 12:12:09,000015764,MT LECHONSCE HOT325G,Mang Tomas,1,40,SM Hypermarket,HYPERMARKET MARILAO,,,
9872,4274,13/11/2024 15:25,2024-12-07 12:22:00,000706859,GF PALM OIL 500MLSUP,Golden Fiesta,1,68.5,SM Supermarket,SM SUPERMARKET MAKATI,,,
9872,4275,20/10/2024 19:15,2024-12-07 12:25:30,2900204393,GF PALM OIL 500MLSUP,Golden Fiesta,1,68.5,SM Savemore,SAVEMORE STA. ANA,,,
733,4276,04/12/2024 15:25,2024-12-07 13:06:15,85700400155024,DP WHT VIN 1L,Datu Puti,6,247.5,Puregold,PUREGOLD - NUEVA ECIJA,,,
733,4276,04/12/2024 15:25,2024-12-07 13:06:15,85700400155024,DP SOYSCE 1L,Datu Puti,6,306,Puregold,PUREGOLD - NUEVA ECIJA,,,
5291,4277,03/12/2024 17:07,2024-12-07 13:08:35,0000011339,JUFRNSIRACHAHSCE285G,Jufran,3,268.5,Robinsons Easymart,EASYMART PILILIA,,,
10002,4291,09/10/2024 16:52,2024-12-07 17:44:52,0000061390,UFC GF CANOLA 1L SUP,UFC,2,276,Robinsons Supermarket,ROBINSONS - Pavia,,,
10009,4292,12/07/2024 10:46,2024-12-07 17:49:44,010593444,GOLDEN FIESTA CANOLA OIL 1L/12,Golden Fiesta,1,128,SM Supermarket,SM SUPERMARKET SOUTHMALL,,,
10002,4293,07/11/2024 17:13,2024-12-07 17:52:45,0000072177,DP PRSPCKVIN1LSSCE1L,Datu Puti,1,88,Robinsons Supermarket,ROBINSONS - Pavia,,,
10002,4296,27/10/2024 20:13,2024-12-07 18:22:28,0000028021,UFC GREEN PEAS 155G,UFC,1,13.75,Robinsons Supermarket,ROBINSONS - Pavia,,,
9948,4303,07/12/2024 18:24,2024-12-07 18:41:10,0300062416,UFC RICEMX FUNCHW BBMBP 2,UFC,2,40,SM Savemore,SAVEMORE MARCOS ALVAREZ,,,
9948,4303,07/12/2024 18:24,2024-12-07 18:41:10,0300062416,UFC GF BGCRNCH BM60G,UFC,1,15.75,SM Savemore,SAVEMORE MARCOS ALVAREZ,,,
9948,4303,07/12/2024 18:24,2024-12-07 18:41:10,0300062416,UFC RDY R/CRRYMIX,UFC,2,63,SM Savemore,SAVEMORE MARCOS ALVAREZ,,,
9948,4303,07/12/2024 18:24,2024-12-07 18:41:10,0300062416,UFC CRCKED PEPPER30G,UFC,1,55,SM Savemore,SAVEMORE MARCOS ALVAREZ,,,
2542,4305,07/12/2024 20:47,2024-12-07 18:58:51,014647647,GF PALM OIL 1L SUP,Golden Fiesta,5,592.5,SM Hypermarket,HYPERMARKET DASMARINAS,,,
1862,4306,07/12/2024 17:38,2024-12-07 19:13:20,000029238,PAPA BKTCHP REG 530G/18,Papa,1,42.5,SM Supermarket,SM SUPERMARKET CDO,,,
1862,4306,07/12/2024 17:38,2024-12-07 19:13:20,000029238,DPOYSTERRIFIC430G,Datu Puti,1,89.5,SM Supermarket,SM SUPERMARKET CDO,,,
1862,4306,07/12/2024 17:38,2024-12-07 19:13:20,000029238,UFC WHOLE MUSHROOMS 24/400G,UFC,1,54.5,SM Supermarket,SM SUPERMARKET CDO,,,
5233,4312,07/12/2024 19:20,2024-12-07 21:34:05,010329017,UFC WHOLE MUSHROOMS 24/400G,UFC,4,218,SM Hypermarket,HYPERMARKET MANDALUYONG,,,
5233,4312,07/12/2024 19:20,2024-12-07 21:34:05,010329017,LOCALLY ORIG CCNT 1L,Locally,2,233,SM Hypermarket,HYPERMARKET MANDALUYONG,,,
2542,4315,27/07/2024 20:47,2024-12-07 22:15:29,350687647,GF PALM OIL 1L SUP,Golden Fiesta,5,592.5,SM Hypermarket,HYPERMARKET DASMARINAS,,,
5140,4343,08/12/2024 9:20,2024-12-08 09:35:17,0000000803,MT LECHONSCE HT325,Mang Tomas,1,37.5,Robinsons Supermarket,ROBINSONS TOWNVILLE BUHAY NA TUBIG,,,
2059,4352,07/12/2024 16:18,2024-12-08 13:26:52,0000002969,UFCGFCANOLA1LDUOPACK,UFC,1,255,Robinsons Supermarket,ROBINSONS - The District Mall Salawag,,,
6345,4356,07/12/2024 16:02,2024-12-08 14:26:50,000042519 16,UFC TMATO SCE GUISADO 200G/24 200,UFC,3,67.5,SM Hypermarket,HYPERMARKET MALL OF ASIA,,,
10255,4358,06/12/2024 10:14,2024-12-08 14:55:44,010447337,*MDF_UFC SCE HOT & SPICY,UFC,2,72,SM Hypermarket,HYPERMARKET NOVALICHES,,,
4146,4359,08/12/2024 13:43,2024-12-08 15:11:04,28-00276236,UFC GF CANOLA OIL2L,UFC,1,248,SM Savemore,SAVEMORE PROJ 8,,,
10263,4360,05/12/2024 15:18,2024-12-08 15:19:06,333-007-00430316,UFC FC YANGCHOW20G,UFC,1,15,Puregold,PUREGOLD MARILAO,,,
3116,4367,08/12/2024 17:45,2024-12-08 18:55:20,31-00312182,UFC RICEMX FUNCHW BBMBP 2,UFC,1,20,SM Savemore,SAVEMORE PAROLA,,,
3849,4368,08/12/2024 16:37,2024-12-08 18:57:23,116-002-00291357,LOCALLY GYBNO240ML,Locally,1,33.2,Puregold,Puregold - SUCAT SAN ISIDRO,,,
10122,4370,08/12/2024 18:17,2024-12-08 19:22:14,156-014-00463919,SLVR SWAN S/SCE1LT,Silver Swan,1,52.75,Puregold,PUREGOLD MONTALBAN,,,
10122,4370,08/12/2024 18:17,2024-12-08 19:22:14,156-014-00463919,SLVR SWN SK/PUTI1L,Silver Swan,1,39,Puregold,PUREGOLD MONTALBAN,,,
528,4371,06/12/2024 17:47,2024-12-08 20:27:24,42-00253836,SLVRSWN SUKAPTI350ML,Silver Swan,1,19,SM Savemore,SAVEMORE NOVALICHES,,,
2349,4372,06/12/2024 17:47,2024-12-08 20:30:45,42-00253837,DATU PUTI VINEGAR JUMBO 30/385,Datu Puti,1,19.5,SM Savemore,SAVEMORE NOVALICHES,,,
526,4373,08/12/2024 18:01,2024-12-08 20:34:45,0000136511,UFC CRAB AND CORN60G,UFC,1,51,Robinsons Easymart,Robinsons Easymart - SUSANO COMMERCIAL COMPLEX,,,
7703,4374,08/12/2024 18:57,2024-12-08 20:39:26,000046563 18,GF PALM OIL 1L SUP,Golden Fiesta,1,113.5,SM Supermarket,SM SUPERMARKET NOVALICHES,,,
9872,4377,08/12/2024 17:48,2024-12-08 20:47:47,0000018936,UFC GF CANOLA OIL 1L,UFC,1,138,Robinsons Supermarket,ROBINSONS RP OTIS,,,
527,4379,08/12/2024 18:01,2024-12-08 21:04:05,0000136509,*MDF_UFC CHICKEN AND CORN,UFC,1,51,Robinsons Easymart,Robinsons Easymart - SUSANO COMMERCIAL COMPLEX,,,
8297,4381,08/12/2024 19:10,2024-12-08 21:26:41,00-010412,DPUTI FSCE PATIS 1LT/12,Datu Puti,1,77,WalterMart Supermarket Inc,WALTERMART CABANATUAN,,,
8812,4385,08/12/2024 19:42,2024-12-08 23:23:23,000108816,HAPI FSTA VEG 1L,Hapi Fiesta,1,112.5,SM Supermarket,SM Supermarket - Tuguegarao,,,
9557,4391,05/12/2024 15:54,2024-12-09 06:38:52,23-00064273,SLVRSWN SUKAPTI350ML,Silver Swan,1,19,SM Savemore,SAVEMORE LIBERTAD,,,
2542,4398,07/03/2026 20:47,2024-12-09 09:25:47,014635047,GF PALM OIL 1L SUP,Golden Fiesta,5,592.5,SM Hypermarket,HYPERMARKET DASMARINAS,,,
5092,4400,08/12/2024 14:57,2024-12-09 09:48:12,03-00074664,UFC MSHRM PSTM400G2S,UFC,1,95,SM Savemore,SAVEMORE BINANGONAN RIZAL,,,
5092,4400,08/12/2024 14:57,2024-12-09 09:48:12,03-00074664,MT LECHON SCE550G,Mang Tomas,1,50,SM Savemore,SAVEMORE BINANGONAN RIZAL,,,
5092,4400,08/12/2024 14:57,2024-12-09 09:48:12,03-00074664,JufranSweetChli285,Jufran,1,51,SM Savemore,SAVEMORE BINANGONAN RIZAL,,,
5092,4400,08/12/2024 14:57,2024-12-09 09:48:12,03-00074664,UFC BANANA CATSU 24/320 GRAMS.,UFC,1,28.5,SM Savemore,SAVEMORE BINANGONAN RIZAL,,,
5092,4400,08/12/2024 14:57,2024-12-09 09:48:12,03-00074664,UFC GF CANOLA OIL2L,UFC,1,248,SM Savemore,SAVEMORE BINANGONAN RIZAL,,,
2542,4401,08/12/2024 14:59,2024-12-09 09:52:53,03-00074665,UFC GF CANOLA OIL2L,UFC,1,248,SM Savemore,SAVEMORE BINANGONAN RIZAL,,,
10486,4404,05/12/2024 17:58,2024-12-09 10:28:50,000157464 17,SPR FSTA COCO 1L PET,UFC,1,133.5,SM Supermarket,SM SUPERMARKET SOUTHMALL,,,
10494,4407,09/12/2024 10:12,2024-12-09 10:53:33,26-00015455,MT LECHONSCE HT325,Mang Tomas,2,71,SM Savemore,SAVEMORE DEL MONTE,,,
10494,4407,09/12/2024 10:12,2024-12-09 10:53:33,26-00015455,MT LECHONSCE HOT325G,Mang Tomas,2,80,SM Savemore,SAVEMORE DEL MONTE,,,
10494,4407,09/12/2024 10:12,2024-12-09 10:53:33,26-00015455,DP PATIS 350ML,Datu Puti,2,52,SM Savemore,SAVEMORE DEL MONTE,,,
10494,4407,09/12/2024 10:12,2024-12-09 10:53:33,26-00015455,DATU PUTI PATIS 150,Datu Puti,3,48,SM Savemore,SAVEMORE DEL MONTE,,,
10494,4407,09/12/2024 10:12,2024-12-09 10:53:33,26-00015455,DP SOY SCE 200ML,Datu Puti,3,34.5,SM Savemore,SAVEMORE DEL MONTE,,,
7746,4410,09/12/2024 10:55,2024-12-09 11:19:43,18-00178304,DP SOYSCE 1L,Datu Puti,1,53,SM Savemore,SAVEMORE ANGONO 2,,,
7746,4410,09/12/2024 10:55,2024-12-09 11:19:43,18-00178304,DP PATIS 1L,Datu Puti,1,78.5,SM Savemore,SAVEMORE ANGONO 2,,,
7746,4411,09/12/2024 10:55,2024-12-09 11:19:56,1800178304,DP SOYSCE 1L,Datu Puti,1,53,SM Savemore,SAVEMORE ANGONO 2,,,
7746,4411,09/12/2024 10:55,2024-12-09 11:19:56,1800178304,DP PATIS 1L,Datu Puti,1,78.5,SM Savemore,SAVEMORE ANGONO 2,,,
8351,4414,12/08/2024 21:27,2024-12-09 12:26:18,000102212,UFC BNNA CTSUP 4K,UFC,1,69.5,SM Supermarket,SM SUPERMARKET BATAAN,,,
8351,4414,12/08/2024 21:27,2024-12-09 12:26:18,000102212,MT LECHONSCE HOT325G,Mang Tomas,2,99,SM Supermarket,SM SUPERMARKET BATAAN,,,
3849,4417,09/12/2024 13:17,2024-12-09 13:37:45,116-002-00291523,UFC WHLCORNKRN185G,UFC,1,34.5,Puregold,Puregold - SUCAT SAN ISIDRO,,,
3849,4417,09/12/2024 13:17,2024-12-09 13:37:45,116-002-00291523,UFC/QUESRP/CHS160G,UFC,1,49.5,Puregold,Puregold - SUCAT SAN ISIDRO,,,
2664,4420,09/12/2024 13:23,2024-12-09 14:51:03,0500091313,GF PALM OIL 1L SUP,Golden Fiesta,1,113.5,SM Savemore,SAVEMORE BAGBAGUIN,,,
6556,4421,29/10/2024 16:49,2024-12-09 15:11:35,0700007134,DP PATIS 1L,Datu Puti,1,78.5,SM Savemore,SM Savemore - HOTEL SUPREME,,,
526,4428,08/12/2024 18:16,2024-12-09 19:53:42,0000354235,DP WHTVNGR PET 385ML,Datu Puti,1,19.5,Robinsons Easymart,EASYMART - QUIRINO,,,
527,4429,08/12/2024 18:16,2024-12-09 19:55:46,0000354234,SLVRSWN SUKAPTI350ML,Silver Swan,1,18,Robinsons Easymart,EASYMART - QUIRINO,,,
10691,4430,09/12/2024 17:45,2024-12-09 21:22:34,3600106011,DATU PUTI OYSTER150G,Datu Puti,2,60,SM Savemore,SAVEMORE FESTIVAL,,,
10691,4432,09/12/2024 17:40,2024-12-09 21:36:09,3600106010,UFC GF CANOLA OIL2L,UFC,1,248,SM Savemore,SAVEMORE FESTIVAL,,,
10691,4432,09/12/2024 17:40,2024-12-09 21:36:09,3600106010,UFC BANANA CATSU 24/320 GRAMS.,UFC,1,24.5,SM Savemore,SAVEMORE FESTIVAL,,,
10691,4432,09/12/2024 17:40,2024-12-09 21:36:09,3600106010,DPUTI VIN 350ML/24,Datu Puti,2,35,SM Savemore,SAVEMORE FESTIVAL,,,
10691,4432,09/12/2024 17:40,2024-12-09 21:36:09,3600106010,DP SOY SCE 200ML,Datu Puti,3,34.5,SM Savemore,SAVEMORE FESTIVAL,,,
5368,4434,09/12/2024 18:01,2024-12-09 21:45:16,36-00106012,S/SWAN SOY340/350M,Silver Swan,1,23,SM Savemore,SAVEMORE FESTIVAL,,,
5368,4434,09/12/2024 18:01,2024-12-09 21:45:16,36-00106012,SLVRSWN VNGR 1L,Silver Swan,2,79,SM Savemore,SAVEMORE FESTIVAL,,,
5368,4434,09/12/2024 18:01,2024-12-09 21:45:16,36-00106012,DATU PUTI OYSTER150G,Datu Puti,1,30,SM Savemore,SAVEMORE FESTIVAL,,,
10691,4435,09/12/2024 18:01,2024-12-09 21:45:16,3600106012,SLVRSWN VNGR 1L,Silver Swan,2,79,SM Savemore,SAVEMORE FESTIVAL,,,
10691,4435,09/12/2024 18:01,2024-12-09 21:45:16,3600106012,DATU PUTI OYSTER150G,Datu Puti,1,30,SM Savemore,SAVEMORE FESTIVAL,,,
1645,4439,29/11/2024 19:34,2024-12-10 00:45:46,0000059990,JFRN RED H CHILI165,Jufran,1,49.75,Robinsons Supermarket,ROBINSONS RP PULILAN,,,
7356,4443,12/09/2024 18:07,2024-12-10 02:37:56,010759918 18,GF PALM OIL 500MLSUP,Golden Fiesta,1,68.5,SM Supermarket,SM SUPERMARKET MEGAMALL B,,,
10681,4445,08/12/2024 21:01,2024-12-10 09:13:33,0000001911,UFC WHL KRNL CORN425,UFC,2,34,Robinsons Supermarket,ROBINSONS BUTUAN,,,
3578,4448,10/12/2024 9:07,2024-12-10 10:37:04,0000168948,DP VNGR PCH 350ML,Datu Puti,1,18,Robinsons Easymart,EASTMART - MUNOZ,,,
3578,4448,10/12/2024 9:07,2024-12-10 10:37:04,0000168948,SPR FSTA COCO 1L SUP,UFC,1,118.5,Robinsons Easymart,EASTMART - MUNOZ,,,
3578,4448,10/12/2024 9:07,2024-12-10 10:37:04,0000168948,UFC BANANA CATSUP 18/550G,UFC,1,48.25,Robinsons Easymart,EASTMART - MUNOZ,,,
3578,4448,10/12/2024 9:07,2024-12-10 10:37:04,0000168948,*MDF_UFC CHICKEN AND CORN,UFC,1,51,Robinsons Easymart,EASTMART - MUNOZ,,,
3578,4448,10/12/2024 9:07,2024-12-10 10:37:04,0000168948,UFC CRAB AND CORN60G,UFC,1,51,Robinsons Easymart,EASTMART - MUNOZ,,,
3578,4448,10/12/2024 9:07,2024-12-10 10:37:04,0000168948,UFC CRM OF MSHRM 70G,UFC,1,45,Robinsons Easymart,EASTMART - MUNOZ,,,
3578,4448,10/12/2024 9:07,2024-12-10 10:37:04,0000168948,UFCBAGOONGSPCY250G,UFC,1,105,Robinsons Easymart,EASTMART - MUNOZ,,,
5368,4451,10/12/2024 11:12,2024-12-10 11:19:14,10-00169342,UFC SWTCHLI SCE 340G,UFC,10,400,SM Savemore,SAVEMORE BORACAY,,,
6792,4455,09/12/2024 18:11,2024-12-10 11:55:51,0000110478,DP PATIS 1L,Datu Puti,1,78.5,Robinsons Supermarket,ROBINSONS RP IMUS,,,
6792,4455,09/12/2024 18:11,2024-12-10 11:55:51,0000110478,DP PRSPCKVIN1LSSCE1L,Datu Puti,1,88,Robinsons Supermarket,ROBINSONS RP IMUS,,,
6792,4455,09/12/2024 18:11,2024-12-10 11:55:51,0000110478,UFC BANANA CTSUP200G,UFC,2,57,Robinsons Supermarket,ROBINSONS RP IMUS,,,
6792,4455,09/12/2024 18:11,2024-12-10 11:55:51,0000110478,UFC SWTCHLI SCE 340G,UFC,1,43,Robinsons Supermarket,ROBINSONS RP IMUS,,,
9205,4463,12/06/2024 13:51,2024-12-10 14:34:37,010595138,SLVRSWN VNEGSUP350ML,Silver Swan,1,16,SM Supermarket,SM Supermarket - Mabolo,,,
8825,4469,01/12/2024 16:43,2024-12-10 15:40:40,2700256231,DP SPCD VIN350ML,Datu Puti,1,47.5,SM Savemore,SAVEMORE CARTIMAR,,,
8825,4469,01/12/2024 16:43,2024-12-10 15:40:40,2700256231,*MDF_UFC CREAM OF MUSHROO,UFC,1,41.5,SM Savemore,SAVEMORE CARTIMAR,,,
5539,4471,10/12/2024 11:04,2024-12-10 15:47:51,06-00128026,UFC GREEN PEAS400G,UFC,1,39.5,SM Savemore,SAVEMORE SAN NICOLAS,,,
5539,4472,10/12/2024 10:59,2024-12-10 15:47:52,0600128024,UFC GARLIC POWERR30G,UFC,1,32.5,SM Savemore,SAVEMORE SAN NICOLAS,,,
1536,4476,10/12/2024 15:17,2024-12-10 16:49:41,382-004-00155961,$UFC GF CNLA OIL1,UFC,1,134,Puregold,PUREGOLD SAN NICOLAS,,,
1536,4477,10/12/2024 16:06,2024-12-10 16:53:16,00009113,GFSTA OIL CANOLA 1LT/12,Golden Fiesta,1,136.5,WalterMart Supermarket Inc,WALTERMART CAPAS,,,
10888,4478,12/10/2024 14:57,2024-12-10 17:09:52,000046852,UFC WHOLE MUSHROOMS 24/400G,UFC,1,54.5,SM Supermarket,SM SUPERMARKET CUBAO,,,
10888,4478,12/10/2024 14:57,2024-12-10 17:09:52,000046852,UFC CORN KRNEL425G,UFC,1,43.5,SM Supermarket,SM SUPERMARKET CUBAO,,,
10888,4478,12/10/2024 14:57,2024-12-10 17:09:52,000046852,UFC GREEN PEAS400G,UFC,1,39.5,SM Supermarket,SM SUPERMARKET CUBAO,,,
10888,4478,12/10/2024 14:57,2024-12-10 17:09:52,000046852,UFC SLICED YOUNG CORN 24/425G,UFC,1,58.5,SM Supermarket,SM SUPERMARKET CUBAO,,,
8825,4484,10/12/2024 18:23,2024-12-10 18:23:39,3200030365,SLVRSWN VNGR 1L,Silver Swan,1,39.5,SM Savemore,SAVEMORE CARTIMAR,,,
8825,4484,10/12/2024 18:23,2024-12-10 18:23:39,3200030365,DATU PUTI PATIS 150,Datu Puti,1,16,SM Savemore,SAVEMORE CARTIMAR,,,
8825,4484,10/12/2024 18:23,2024-12-10 18:23:39,3200030365,UFC HAPI FIESTA VEGETABLE OIL 24,UFC,1,205,SM Savemore,SAVEMORE CARTIMAR,,,
8825,4484,10/12/2024 18:23,2024-12-10 18:23:39,3200030365,UFC CHICK&CORN60G,UFC,1,49,SM Savemore,SAVEMORE CARTIMAR,,,
8825,4484,10/12/2024 18:23,2024-12-10 18:23:39,3200030365,UFC FC YANGCHOW20G,UFC,4,60,SM Savemore,SAVEMORE CARTIMAR,,,
8825,4484,10/12/2024 18:23,2024-12-10 18:23:39,3200030365,UFC CRAB AND CORN SOUP 36/60G,UFC,1,49,SM Savemore,SAVEMORE CARTIMAR,,,
8825,4484,10/12/2024 18:23,2024-12-10 18:23:39,3200030365,UFC RICEMX FUNCHW BBMBP 2,UFC,2,40,SM Savemore,SAVEMORE CARTIMAR,,,
8728,4485,10/12/2024 17:38,2024-12-10 18:48:03,360-005-00316987,M.TOMAS LCHNSCE325,Mang Tomas,1,35,Puregold,PUREGOLD JR LUBAO,,,
7002,4491,10/12/2024 19:49,2024-12-10 19:54:41,0500116977,SLVR SWAN S/SCE1LT,Silver Swan,1,56,SM Savemore,SAVEMORE FORTUNE TOWN,,,
7002,4491,10/12/2024 19:49,2024-12-10 19:54:41,0500116977,SPR FSTA COCO 1L SUP,UFC,1,118.5,SM Savemore,SAVEMORE FORTUNE TOWN,,,
10949,4496,07/09/2024 20:27,2024-12-10 20:32:24,10901500091091,MT LECHONSCE HT325,Mang Tomas,2,72,Puregold,PUREGOLD PASIG,,,
10949,4496,07/09/2024 20:27,2024-12-10 20:32:24,10901500091091,MT SIGA HT&SPC80G,Mang Tomas,10,117.5,Puregold,PUREGOLD PASIG,,,
10949,4496,07/09/2024 20:27,2024-12-10 20:32:24,10901500091091,UFC SWT CHILI 340,UFC,1,39.5,Puregold,PUREGOLD PASIG,,,
10949,4496,07/09/2024 20:27,2024-12-10 20:32:24,10901500091091,JUF THAI SCE 200ML,Jufran,1,50.5,Puregold,PUREGOLD PASIG,,,
2827,4499,10/12/2024 15:30,2024-12-10 21:06:02,0000017868,UFC GF BGCRNCH BM60G,UFC,1,17.5,Robinsons Easymart,EASTMART - BETTER LIVING PARANAQUE,,,
10949,4500,06/12/2024 20:48,2024-12-10 21:14:46,10901900142392,UFC SWT CHILI 340,UFC,5,130.45,Puregold,PUREGOLD PASIG,,,
10949,4500,06/12/2024 20:48,2024-12-10 21:14:46,10901900142392,MT SIGA HT&SPC80G,Mang Tomas,5,58.75,Puregold,PUREGOLD PASIG,,,
10949,4500,06/12/2024 20:48,2024-12-10 21:14:46,10901900142392,D/PUTI S/SCE340ML,Datu Puti,5,95,Puregold,PUREGOLD PASIG,,,
10949,4500,06/12/2024 20:48,2024-12-10 21:14:46,10901900142392,M.TOMAS LCHNSCE325,Mang Tomas,3,105,Puregold,PUREGOLD PASIG,,,
10949,4500,06/12/2024 20:48,2024-12-10 21:14:46,10901900142392,<< UFC T/A B/KET32,UFC,5,128.25,Puregold,PUREGOLD PASIG,,,
10949,4502,22/11/2024 20:51,2024-12-10 21:32:03,109-014-00276349,DP SOY SCE 200ML,Datu Puti,1,113.25,Puregold,PUREGOLD PASIG,,,
10949,4503,06/08/2024 17:48,2024-12-10 21:47:01,10901600192948,MT LECHONSCE HT325,Mang Tomas,1,36,Puregold,PUREGOLD PASIG,,,
10949,4503,06/08/2024 17:48,2024-12-10 21:47:01,10901600192948,M.TOMAS LCHNSCE325,Mang Tomas,1,35,Puregold,PUREGOLD PASIG,,,
10949,4503,06/08/2024 17:48,2024-12-10 21:47:01,10901600192948,UFC SWT CHILI 340,UFC,1,39.5,Puregold,PUREGOLD PASIG,,,
10949,4503,06/08/2024 17:48,2024-12-10 21:47:01,10901600192948,D/PUTI S/SCE340ML,Datu Puti,4,76,Puregold,PUREGOLD PASIG,,,
10949,4503,06/08/2024 17:48,2024-12-10 21:47:01,10901600192948,JUF THAI SCE 200ML,Jufran,1,50.5,Puregold,PUREGOLD PASIG,,,
11098,4516,05/12/2024 16:57,2024-12-11 10:32:08,0000002180,GF COOKING OIL 950ML,Golden Fiesta,1,129.5,Shopwise,SHOPWISE COMMONWEALTH,,,
5291,4519,08/12/2024 18:36,2024-12-11 11:18:13,0000267830,DP SOY SAUCE 100ML,Datu Puti,1,57,Robinsons Easymart,EASYMART PILILIA,,,
5291,4519,08/12/2024 18:36,2024-12-11 11:18:13,0000267830,SO*DP WHT VNGR 1LX12,Datu Puti,2,94,Robinsons Easymart,EASYMART PILILIA,,,
10404,4525,10/12/2024 20:53,2024-12-11 16:09:11,23701900002487,SLVRSWN SOYSCE 100ML,Silver Swan,3,20.4,Puregold,PUREGOLD CENTRO NAGA,,,
913,4528,10/12/2024 19:06,2024-12-11 17:26:54,39-00101516,UFC PIECES AND STEM 48/198G,UFC,1,34.5,SM Savemore,SAVEMORE NAGTAHAN,,,
11229,4531,11/12/2024 8:51,2024-12-11 18:07:16,0700269722,SPR FSTA COCO 1L SUP,UFC,1,118.5,SM Savemore,SAVEMORE PILI,,,
11229,4531,11/12/2024 8:51,2024-12-11 18:07:16,0700269722,DP WHI VIN 1.893L,Datu Puti,1,84.5,SM Savemore,SAVEMORE PILI,,,
11229,4531,11/12/2024 8:51,2024-12-11 18:07:16,0700269722,DPUTI SCE SOY 1GL/4,Datu Puti,1,196.5,SM Savemore,SAVEMORE PILI,,,
11229,4531,11/12/2024 8:51,2024-12-11 18:07:16,0700269722,DP BBQ RIFFIC 144ML,Datu Puti,1,34,SM Savemore,SAVEMORE PILI,,,
3728,4539,11/12/2024 18:40,2024-12-11 19:28:32,0000077517,UFC BA/C 550G/530G,UFC,1,50.75,Robinsons Supermarket,ROBINSONS RP OTIS,,,
3728,4539,11/12/2024 18:40,2024-12-11 19:28:32,0000077517,GF PALM OIL 1L SUP,Golden Fiesta,1,119,Robinsons Supermarket,ROBINSONS RP OTIS,,,
3728,4539,11/12/2024 18:40,2024-12-11 19:28:32,0000077517,UFC SPRM PARTYPCK1KG,UFC,1,131.75,Robinsons Supermarket,ROBINSONS RP OTIS,,,
11229,4540,11/12/2024 8:54,2024-12-11 19:55:48,0700269723,UFC BNNA CTSUP 4K,UFC,1,69.5,SM Savemore,SAVEMORE PILI,,,
5368,4541,11/12/2024 18:11,2024-12-11 20:29:58,0800103975,UFC P&S MSHRM 400G,UFC,5,257.5,SM Savemore,SAVEMORE BORACAY,,,
5368,4541,11/12/2024 18:11,2024-12-11 20:29:58,0800103975,UFC CORN KRNEL425G,UFC,5,217.5,SM Savemore,SAVEMORE BORACAY,,,
1804,4542,09/12/2024 18:10,2024-12-11 20:39:42,0000090325,UFC HAPI FIESTA VEGETABLE OIL 24,UFC,1,114,Robinsons Supermarket,ROBINSONS CLOVERLEAF,,,
9576,4547,11/12/2024 20:18,2024-12-11 22:58:42,169-009-00179835,MT LECHONSCE HT325,Mang Tomas,1,36,Puregold,PUREGOLD SAN JOSE DEL MONTE BULACAN,,,
9576,4547,11/12/2024 20:18,2024-12-11 22:58:42,169-009-00179835,$UFC B/KTCHP H&S32,UFC,1,32,Puregold,PUREGOLD SAN JOSE DEL MONTE BULACAN,,,
9576,4547,11/12/2024 20:18,2024-12-11 22:58:42,169-009-00179835,S/SWN W/S S/G8GX12,Silver Swan,1,33,Puregold,PUREGOLD SAN JOSE DEL MONTE BULACAN,,,
752,4548,11/12/2024 19:46,2024-12-12 00:54:33,0000021733,DP SOYSAUCE SUP 1L,Datu Puti,1,53.5,Robinsons Supermarket,ROBINSONS LIMKETKAI MALL CAGAYAN DE ORO,,,
752,4548,11/12/2024 19:46,2024-12-12 00:54:33,0000021733,DP WHT VNGR SUP 1L,Datu Puti,1,41,Robinsons Supermarket,ROBINSONS LIMKETKAI MALL CAGAYAN DE ORO,,,
752,4548,11/12/2024 19:46,2024-12-12 00:54:33,0000021733,DPOYSTERRIFICSCE150G,Datu Puti,1,29.75,Robinsons Supermarket,ROBINSONS LIMKETKAI MALL CAGAYAN DE ORO,,,
752,4548,11/12/2024 19:46,2024-12-12 00:54:33,0000021733,HF VEG OIL 900ML DUO,Hapi Fiesta,1,208,Robinsons Supermarket,ROBINSONS LIMKETKAI MALL CAGAYAN DE ORO,,,
526,4549,10/12/2024 18:31,2024-12-12 06:32:50,4200255093,SLVRSWN SUKAPTI350ML,Silver Swan,1,19,SM Savemore,SAVEMORE NOVALICHES,,,
527,4550,10/12/2024 19:39,2024-12-12 06:34:32,0000354736,SLVRSWN SUKAPTI350ML,Silver Swan,1,18,Robinsons Easymart,EASYMART SHOP 'N RIDE NOVALICHES,,,
2349,4551,10/12/2024 19:49,2024-12-12 06:38:43,13600700551265,DP SOY SCE 200ML,Datu Puti,1,10.15,Puregold,PUREGOLD NOVALICHES,,,
528,4552,10/12/2024 19:50,2024-12-12 06:40:53,136-007-00551266,<< DP W/VIN 385ML,Datu Puti,1,7.7,Puregold,PUREGOLD NOVALICHES,,,
7881,4557,12/11/2024 13:45,2024-12-12 09:53:32,000033345,S/SWAN SOY340/350M,Silver Swan,1,23,SM Supermarket,SM SUPERMARKET SAN LAZARO,,,
8213,4560,12/12/2024 10:17,2024-12-12 10:38:19,1200083215,UFC HAPI FIESTA VEGETABLE OIL 24,UFC,1,63.5,SM Savemore,SAVEMORE POZURROBIO,,,
9767,4562,10/12/2024 19:46,2024-12-12 11:25:15,1000102791,GF PALM OIL 500MLSUP,Golden Fiesta,1,68.5,SM Savemore,SAVEMORE GT PARK PAVIA,,,
9767,4562,10/12/2024 19:46,2024-12-12 11:25:15,1000102791,DATU PUTI VINEGAR JUMBO 30/385,Datu Puti,1,19.5,SM Savemore,SAVEMORE GT PARK PAVIA,,,
2542,4565,27/07/2024 20:47,2024-12-12 14:06:14,014687627,GF PALM OIL 1L SUP,Golden Fiesta,5,592.5,SM Hypermarket,HYPERMARKET DASMARINAS,,,
11297,4567,11/12/2024 18:12,2024-12-12 14:25:22,29800700359002,JUF THAI SCE 750ML,Jufran,1,108.25,Puregold,PUREGOLD TUNGKONG MANGGA,,,
3266,4568,12/12/2024 13:25,2024-12-12 15:02:02,0000155006,DP PATIS 350ML GIN,Datu Puti,1,26.25,Robinsons Supermarket,ROBINSONS RP MAGNOLIA,,,
5540,4572,12/12/2024 10:53,2024-12-12 17:38:45,05-00096748,PAPA BKTCHP REG 320GR/24,Papa,1,26.5,SM Savemore,SAVEMORE SAN NICOLAS,,,
5540,4572,12/12/2024 10:53,2024-12-12 17:38:45,05-00096748,DP OYSTER SCE 170G,Datu Puti,2,73,SM Savemore,SAVEMORE SAN NICOLAS,,,
6981,4574,12/12/2024 17:34,2024-12-12 19:05:09,37900400249568,SLVRSWN SOYSCE 100ML,Silver Swan,3,26.8,Puregold,PURGOLD - CADIHAMA,,,
10894,4577,12/12/2024 19:13,2024-12-12 20:58:44,0000094715,MT LECHONSCE HOT325G,Mang Tomas,1,54.5,Robinsons Supermarket,ROBINSONS ABREEZA DAVAO,,,
5830,4578,12/12/2024 19:15,2024-12-12 22:16:31,0000000824,SLVR SWN SOY SCE1L,Silver Swan,1,209,Robinsons Supermarket,ROBINSONS TALISAY CEBU,,,
5830,4578,12/12/2024 19:15,2024-12-12 22:16:31,0000000824,UFC BNNA CTSUP 4K,UFC,1,264.75,Robinsons Supermarket,ROBINSONS TALISAY CEBU,,,
10894,4579,12/12/2024 19:11,2024-12-12 22:19:23,0000094712,UFC GF CANOLA OIL 1L,UFC,1,139.5,Robinsons Supermarket,ROBINSONS ABREEZA DAVAO,,,
10894,4581,12/12/2024 19:11,2024-12-12 22:26:34,0000094713,UFC BANANA CATSUP 18/550G,UFC,1,50.75,Robinsons Supermarket,ROBINSONS ABREEZA DAVAO,,,
10894,4582,12/12/2024 19:12,2024-12-12 22:40:48,0000094714,DP SOY SAUCE 100ML,Datu Puti,1,60.75,Robinsons Supermarket,ROBINSONS ABREEZA DAVAO,,,
526,4584,12/12/2024 19:08,2024-12-12 23:34:06,0000141420,UFC CRAB AND CORN60G,UFC,1,51,Robinsons Supermarket,ROBINSONS SUSANO COMPLEX NOVALICHES,,,
527,4585,12/12/2024 19:07,2024-12-12 23:36:08,0000141418,*MDF_UFC CHICKEN AND CORN,UFC,1,51,Robinsons Easymart,Robinsons Easymart - SUSANO COMMERCIAL COMPLEX,,,
2349,4586,10/12/2024 18:31,2024-12-12 23:40:48,4200255094,DATU PUTI VINEGAR JUMBO 30/385,Datu Puti,1,19.5,SM Savemore,SAVEMORE NOVALICHES,,,
8348,4587,11/12/2024 16:04,2024-12-13 03:14:54,000008617,*MDF_UFC CREAM OF MUSHROO,UFC,1,0,SM Hypermarket,HYPERMARKET TAYTAY,,,
8348,4587,11/12/2024 16:04,2024-12-13 03:14:54,000008617,DP VINEGAR 1L SUP,Datu Puti,1,43,SM Hypermarket,HYPERMARKET TAYTAY,,,
3887,4589,13/12/2024 7:50,2024-12-13 08:53:05,140-011-00263845,$UFC GFP/OL1LSUP,UFC,1,119,Puregold,PUREGOLD ANGELES,,,
3206,4591,12/12/2024 16:48,2024-12-13 08:58:08,192-013-00092284,$UFC 2N1 SS 1K,UFC,1,84.25,Puregold,PUREGOLD CAUAYAN,,,
11314,4592,09/12/2024 15:24,2024-12-13 09:32:52,0000020905,DP PATIS 350ML,Datu Puti,1,26.25,Robinsons Supermarket,ROBINSONS RP MALOLOS,,,
11314,4592,09/12/2024 15:24,2024-12-13 09:32:52,0000020905,SLVRSWN HOT SCE 100G,Silver Swan,1,24.25,Robinsons Supermarket,ROBINSONS RP MALOLOS,,,
11314,4592,09/12/2024 15:24,2024-12-13 09:32:52,0000020905,UFC FUNCHOW MEATY20G,UFC,2,30,Robinsons Supermarket,ROBINSONS RP MALOLOS,,,
6777,4593,13/12/2024 1:14,2024-12-13 10:31:06,05-00144275,DP WHT VINGR-PET1GAL,Datu Puti,1,43,SM Savemore,SAVEMORE TAYABAS QUEZON,,,
1771,4594,19/11/2024 9:42,2024-12-13 10:37:40,2800001792,MT LECHON SCE550G,Mang Tomas,1,50,SM Savemore,SAVEMORE MARCOS ALVAREZ,,,
4005,4595,12/12/2024 21:04,2024-12-13 11:11:02,108-019-00141340,UFC S/FST C/OILP1L,UFC,1,120.75,Puregold,Puregold - SINGKAMAS MAKATI,,,
4005,4595,12/12/2024 21:04,2024-12-13 11:11:02,108-019-00141340,<< UFC T/A B/KET32,UFC,1,27.5,Puregold,Puregold - SINGKAMAS MAKATI,,,
4005,4595,12/12/2024 21:04,2024-12-13 11:11:02,108-019-00141340,UFC P&S MSHRM 400G,UFC,1,56.95,Puregold,Puregold - SINGKAMAS MAKATI,,,
4005,4595,12/12/2024 21:04,2024-12-13 11:11:02,108-019-00141340,UFC WHL MSHRM 400G,UFC,1,59.15,Puregold,Puregold - SINGKAMAS MAKATI,,,
4005,4595,12/12/2024 21:04,2024-12-13 11:11:02,108-019-00141340,UFC CORN KRNEL425G,UFC,1,43.75,Puregold,Puregold - SINGKAMAS MAKATI,,,
4005,4595,12/12/2024 21:04,2024-12-13 11:11:02,108-019-00141340,UFC PCS&STM 198G,UFC,1,34.25,Puregold,Puregold - SINGKAMAS MAKATI,,,
4005,4595,12/12/2024 21:04,2024-12-13 11:11:02,108-019-00141340,UFC WHL MSHRM 198G,UFC,1,37.9,Puregold,Puregold - SINGKAMAS MAKATI,,,
4005,4595,12/12/2024 21:04,2024-12-13 11:11:02,108-019-00141340,UFC GRN PEAS 155G,UFC,1,13.6,Puregold,Puregold - SINGKAMAS MAKATI,,,
2664,4598,13/12/2024 10:29,2024-12-13 12:08:33,03-00099488,DP BBQ RIFFIC 144ML,Datu Puti,1,34,SM Savemore,SAVEMORE BAGBAGUIN,,,
2664,4598,13/12/2024 10:29,2024-12-13 12:08:33,03-00099488,GF PALM OIL 1L SUP,Golden Fiesta,1,118.5,SM Savemore,SAVEMORE BAGBAGUIN,,,
2664,4598,13/12/2024 10:29,2024-12-13 12:08:33,03-00099488,SILVR SWAN VIN3785,Silver Swan,1,19.5,SM Savemore,SAVEMORE BAGBAGUIN,,,
11384,4602,10/12/2024 19:16,2024-12-13 12:46:45,147-006-00060072,JUF SWT CHILI 330G,Jufran,1,51.5,Puregold,PUREGOLD TAGUIG,,,
11384,4602,10/12/2024 19:16,2024-12-13 12:46:45,147-006-00060072,SILVER SWAN VIN1L,Silver Swan,1,40,Puregold,PUREGOLD TAGUIG,,,
5540,4605,13/12/2024 8:21,2024-12-13 12:51:26,0000004970,DP SOYSAUCE SUP 1L,Datu Puti,1,53.5,Robinsons Supermarket,ROBINSONS RP ILOCOS NORTE,,,
5368,4607,13/12/2024 12:21,2024-12-13 13:56:13,1000169667,UFC SWTCHLI SCE 340G,UFC,10,450,SM Savemore,SAVEMORE BORACAY,,,
526,4608,10/12/2024 19:39,2024-12-13 13:57:36,0000354737,DP WHTVNGR PET 385ML,Datu Puti,1,19.5,Robinsons Supermarket,EASYMART SANTA MONICA,,,
527,4609,12/12/2024 20:35,2024-12-13 14:09:12,4200255704,DP SOY SCE 200ML,Datu Puti,1,11.5,SM Savemore,SAVEMORE NOVALICHES,,,
528,4610,12/12/2024 20:34,2024-12-13 14:10:42,4200255702,DPUTI VIN SUP 200ML/60,Datu Puti,1,9.25,SM Savemore,SAVEMORE NOVALICHES,,,
4985,4613,08/12/2024 14:09,2024-12-13 15:35:28,63900700078041,SLVRSWN SOYSCE 100ML,Silver Swan,1,6.8,Puregold,PUREGOLD GUADALUPE,,,
5368,4614,13/12/2024 15:01,2024-12-13 15:37:29,0800104194,UFC MSHRM PSTM400G2S,UFC,2,190,SM Savemore,SAVEMORE BORACAY,,,
5368,4614,13/12/2024 15:01,2024-12-13 15:37:29,0800104194,UFC P&S MSHRM 400G,UFC,1,49,SM Savemore,SAVEMORE BORACAY,,,
11087,4622,05/12/2024 16:57,2024-12-13 17:35:24,0000002180,GF COOKING OIL 950ML,Golden Fiesta,1,129.5,Robinsons Supermarket,ROBINSONS - Shopking Commercial Center,,,
11087,4623,01/10/2024 19:51,2024-12-13 17:54:47,0000000807,GF COOKING OIL 950ML,Golden Fiesta,1,129.5,Shopwise,SHOPWISE COMMONWEALTH,,,
11087,4624,10/12/2024 17:52,2024-12-13 18:00:40,0000006405,DP SOY SCE PCH 340ML,Datu Puti,1,18,Shopwise,SHOPWISE COMMONWEALTH,,,
11087,4624,10/12/2024 17:52,2024-12-13 18:00:40,0000006405,UFC B.CATSUP 320GSPC,UFC,1,25.5,Shopwise,SHOPWISE COMMONWEALTH,,,
11535,4626,13/12/2024 16:48,2024-12-13 18:25:58,570059,HAPI FIESTA FIESTA VEGETABLE OIL,Hapi Fiesta,1,62.6,Gaisano Metro,METRO FRESH 'N EASY MINGLANILLA,,,
4701,4641,13/12/2024 19:59,2024-12-13 22:26:32,33300600163619,<< UFC T/A B/KET32,UFC,1,26,Puregold,PUREGOLD MARILAO,,,
4701,4641,13/12/2024 19:59,2024-12-13 22:26:32,33300600163619,M.TOMAS LCHNSCE325,Mang Tomas,1,35,Puregold,PUREGOLD MARILAO,,,
4701,4641,13/12/2024 19:59,2024-12-13 22:26:32,33300600163619,DP SPCD VIN350ML,Datu Puti,1,45,Puregold,PUREGOLD MARILAO,,,
4701,4641,13/12/2024 19:59,2024-12-13 22:26:32,33300600163619,D/PUTI S/SCE340ML,Datu Puti,1,19,Puregold,PUREGOLD MARILAO,,,
11677,4647,13/12/2024 19:47,2024-12-14 00:43:13,000006830,UFC RICEMX FUNCHW BBMBP 2,UFC,1,20,SM Supermarket,SM SUPERMARKET CALOOCAN,,,
9142,4650,04/12/2024 19:15,2024-12-14 05:43:25,379589 12/4/24,DATU PUTI WHITE VINEGAR 12/1LT Whi,Datu Puti,1,46,Gaisano Metro,METRO - PASIG,,,
9142,4650,04/12/2024 19:15,2024-12-14 05:43:25,379589 12/4/24,UFC BANANA CATSUP 18/550G,UFC,1,45.9,Gaisano Metro,METRO - PASIG,,,
9873,4651,13/12/2024 18:38,2024-12-14 06:56:41,83100800053897,UFC SPICIER 100G,UFC,9,225.45,Puregold,PUREGOLD PLARIDEL,,,
9873,4651,13/12/2024 18:38,2024-12-14 06:56:41,83100800053897,JUFRAN RD H/C S165,Jufran,4,184,Puregold,PUREGOLD PLARIDEL,,,
5203,4656,12/12/2024 16:58,2024-12-14 09:40:09,370-008-00282555,GFSTA/POC485MLPI,Golden Fiesta,1,80,Puregold,PUREGOLD AYALA MALLS ARVO MARIKINA,,,
4811,4659,13/12/2024 18:28,2024-12-14 11:25:27,19400700303796,DP PATIS 1L,Datu Puti,1,71.75,Puregold,PUREGOLD LA UNION,,,
3775,4661,14/12/2024 8:39,2024-12-14 11:37:19,0000228810,MT LECHON SCE550G,Mang Tomas,1,50,SM Savemore,SAVEMORE SAN ISIDRO,,,
3775,4661,14/12/2024 8:39,2024-12-14 11:37:19,0000228810,SLVRSWN PATIS 350ML,Silver Swan,1,24.5,SM Savemore,SAVEMORE SAN ISIDRO,,,
3775,4661,14/12/2024 8:39,2024-12-14 11:37:19,0000228810,DPUTI SCE SOY 350ML/24,Datu Puti,1,19.5,SM Savemore,SAVEMORE SAN ISIDRO,,,
11467,4669,14/12/2024 12:19,2024-12-14 13:42:14,824-004-00197794,UFC/QUESRP/CHS160G,UFC,1,49.5,Puregold,PUREGOLD ALIW MEYCAUAYAN,,,
11467,4669,14/12/2024 12:19,2024-12-14 13:42:14,824-004-00197794,UFC FC YANGCHOW20G,UFC,1,15,Puregold,PUREGOLD ALIW MEYCAUAYAN,,,
733,4672,12/12/2024 17:01,2024-12-14 13:49:55,85700600062423,D/PUTI S/SCE340ML,Datu Puti,24,450,Puregold,PUREGOLD - NUEVA ECIJA,,,
10691,4675,14/12/2024 10:16,2024-12-14 14:10:47,0000068631,UFC MUSHRM PCSSTM198,UFC,2,69.5,Robinsons Supermarket,ROBINSONS RP LAS PINAS,,,
11433,4676,13/12/2024 18:03,2024-12-14 14:18:30,0000005159,LOCALLY RMANGO 240ML,Locally,1,114.5,SM Supermarket,SM SUPERMARKET BF PARAÑAQUE,,,
11908,4679,12/12/2024 19:23,2024-12-14 14:30:14,64100300029312,DP WHT VNGR 200ML,Datu Puti,1,7.7,Puregold,PUREGOLD VALENZUELA,,,
11908,4679,12/12/2024 19:23,2024-12-14 14:30:14,64100300029312,DP SOY SCE 200ML,Datu Puti,1,9.95,Puregold,PUREGOLD VALENZUELA,,,
7293,4684,13/12/2024 10:42,2024-12-14 16:18:54,3000214655,DP BBQ RIFFIC 350ML,Datu Puti,1,85,SM Savemore,SAVEMORE MARULAS,,,
7293,4684,13/12/2024 10:42,2024-12-14 16:18:54,3000214655,MT LECHONSCE HOT325G,Mang Tomas,1,40,SM Savemore,SAVEMORE MARULAS,,,
11967,4686,12/12/2024 8:32,2024-12-14 16:33:46,11001800059984,UFC BA/C 550G/530G,UFC,2,88.5,Puregold,PUREGOLD BIÑAN LAGUNA,,,
11967,4686,12/12/2024 8:32,2024-12-14 16:33:46,11001800059984,M.TOMAS LCHNSCE325,Mang Tomas,3,105,Puregold,PUREGOLD BIÑAN LAGUNA,,,
11960,4687,01/12/2024 14:23,2024-12-14 16:40:47,63300600035578,DP SOY SCE 200ML,Datu Puti,12,121.8,Puregold,Puregold - Calumpit,,,
4130,4693,14/12/2024 17:01,2024-12-14 18:14:06,0000052214,UFCGFCANOLA1LDUOPACK,UFC,1,255,Robinsons Supermarket,ROBINSONS CIRCLE C CONGRESSIONAL,,,
12030,4698,22/11/2024 15:18,2024-12-14 19:38:03,0300199563,DATU PUTI SOY SAUCE PE 12/1LT,Datu Puti,1,51.5,SM Savemore,SAVEMORE SANTIAGO 1,,,
1887,4701,14/12/2024 17:38,2024-12-14 19:48:15,65800300085874,UFC SPICIER 100G,UFC,1,25.05,Puregold,Puregold - TONDO,,,
5368,4702,14/12/2024 15:08,2024-12-14 20:02:06,1000169773,DP WHT VINGR-PET1GAL,Datu Puti,1,153.5,SM Savemore,SAVEMORE BORACAY,,,
1771,4704,14/12/2024 19:24,2024-12-14 20:10:37,1400100631,MT LECHONSCE HT325,Mang Tomas,1,38.5,SM Savemore,SAVEMORE MARCOS ALVAREZ,,,
5368,4705,14/12/2024 14:57,2024-12-14 20:18:48,1000169770,DP WHT VINGR-PET1GAL,Datu Puti,1,153.5,SM Savemore,SAVEMORE BORACAY,,,
5368,4705,14/12/2024 14:57,2024-12-14 20:18:48,1000169770,*MDF_UFC COCONUT CREAM400,UFC,15,978.75,SM Savemore,SAVEMORE BORACAY,,,
11908,4711,14/12/2024 20:03,2024-12-14 21:03:04,64100600082329,MT SIGA HT&SPC80G,Mang Tomas,2,23.5,Puregold,PUREGOLD VALENZUELA,,,
11908,4711,14/12/2024 20:03,2024-12-14 21:03:04,64100600082329,UFC PCS&STM 198G,UFC,1,34.25,Puregold,PUREGOLD VALENZUELA,,,
11908,4711,14/12/2024 20:03,2024-12-14 21:03:04,64100600082329,UFC FC SFDY/CHW20G,UFC,1,15,Puregold,PUREGOLD VALENZUELA,,,
526,4712,14/12/2024 18:01,2024-12-14 21:57:36,0000355547,UFC CRAB AND CORN60G,UFC,1,51,Robinsons Easymart,EASYMART SHOP 'N RIDE NOVALICHES,,,
9767,4716,14/12/2024 19:16,2024-12-14 22:13:06,0400305170,DP PATIS 1L,Datu Puti,1,74.5,SM Savemore,SAVEMORE GT PARK PAVIA,,,
9767,4716,14/12/2024 19:16,2024-12-14 22:13:06,0400305170,UFC SHTKE MSHRM198G,UFC,1,39.5,SM Savemore,SAVEMORE GT PARK PAVIA,,,
9767,4716,14/12/2024 19:16,2024-12-14 22:13:06,0400305170,UFC WHOLE MUSHROOMS 48/198G,UFC,1,38.5,SM Savemore,SAVEMORE GT PARK PAVIA,,,
9767,4716,14/12/2024 19:16,2024-12-14 22:13:06,0400305170,UFC PIECES AND STEM 48/198G,UFC,1,33,SM Savemore,SAVEMORE GT PARK PAVIA,,,
9767,4716,14/12/2024 19:16,2024-12-14 22:13:06,0400305170,$UFC GFP/OL950ML,UFC,1,122.5,SM Savemore,SAVEMORE GT PARK PAVIA,,,
9767,4716,14/12/2024 19:16,2024-12-14 22:13:06,0400305170,DPOYSTERRIFIC430G,Datu Puti,1,84.5,SM Savemore,SAVEMORE GT PARK PAVIA,,,
9767,4716,14/12/2024 19:16,2024-12-14 22:13:06,0400305170,MT LECHON SCE550G,Mang Tomas,1,50,SM Savemore,SAVEMORE GT PARK PAVIA,,,
9767,4716,14/12/2024 19:16,2024-12-14 22:13:06,0400305170,UFC GREEN PEAS400G,UFC,1,39.5,SM Savemore,SAVEMORE GT PARK PAVIA,,,
9767,4716,14/12/2024 19:16,2024-12-14 22:13:06,0400305170,UFC BANANA CATSUP 18/550G,UFC,1,45.5,SM Savemore,SAVEMORE GT PARK PAVIA,,,
9767,4716,14/12/2024 19:16,2024-12-14 22:13:06,0400305170,*MDF_UFC CREAM OF MUSHROO,UFC,1,43.5,SM Savemore,SAVEMORE GT PARK PAVIA,,,
527,4718,14/12/2024 18:01,2024-12-14 22:43:30,0000355546,*MDF_UFC CHICKEN AND CORN,UFC,1,51,Robinsons Supermarket,EASYMART SANTA MONICA,,,
528,4719,14/12/2024 17:28,2024-12-14 22:48:51,0000053443,SLVRSWN SUKAPTI350ML,Silver Swan,1,18,Robinsons Supermarket,ROBINSONS SUSANO COMPLEX NOVALICHES,,,
2349,4720,14/12/2024 17:29,2024-12-14 22:51:41,0000053444,DP WHTVNGR PET 385ML,Datu Puti,1,19.5,Robinsons Supermarket,ROBINSONS SUSANO COMPLEX NOVALICHES,,,
526,4723,14/12/2024 18:59,2024-12-15 05:07:13,8100014992,DP SOY SAUCE 385ML,Datu Puti,1,22,SM Savemore,SAVEMORE NOVA PLAZA,,,
527,4724,14/12/2024 19:01,2024-12-15 05:08:14,8100014994,DATU PUTI VINEGAR JUMBO 30/385,Datu Puti,1,19.5,SM Savemore,SAVEMORE NOVALICHES,,,
6345,4725,14/12/2024 21:35,2024-12-15 07:07:49,010961114,UFC TMATO SCE GUISADO 200G/24 200,UFC,4,90,SM Supermarket,SM SUPERMARKET MAKATI,,,
6345,4725,14/12/2024 21:35,2024-12-15 07:07:49,010961114,UFC CHICK&CORN60G,UFC,1,49,SM Supermarket,SM SUPERMARKET MAKATI,,,
6345,4725,14/12/2024 21:35,2024-12-15 07:07:49,010961114,*MDF_UFC CREAM OF MUSHROO,UFC,1,43.5,SM Supermarket,SM SUPERMARKET MAKATI,,,
6345,4725,14/12/2024 21:35,2024-12-15 07:07:49,010961114,UFC CRAB AND CORN SOUP 36/60G,UFC,1,49.5,SM Supermarket,SM SUPERMARKET MAKATI,,,
4134,4726,14/12/2024 14:54,2024-12-15 07:19:31,00-037662,DPUTI SCE SOY SUP 340ML/3,Datu Puti,1,20.75,WalterMart Supermarket Inc,WALTERMART TRECE MARTIRES,,,
11769,4729,07/12/2024 13:37,2024-12-15 10:16:15,000138881,UFC SWTCHLI SCE 340G,UFC,1,45,SM Hypermarket,Hypermarket Naic,,,
7002,4730,15/12/2024 10:33,2024-12-15 11:00:03,587747,HAPI FIESTA FIESTA VEGETABLE OIL,Hapi Fiesta,1,116.5,Gaisano Metro,SUPER METRO - TALISAY,,,
7284,4731,15/12/2024 13:29,2024-12-15 13:35:02,08-00010090,DP SOY SCE 200ML,Datu Puti,1,11.5,SM Savemore,SAVEMORE BANGKAL,,,
7284,4731,15/12/2024 13:29,2024-12-15 13:35:02,08-00010090,DPUTI VIN SUP 200ML/60,Datu Puti,1,9.25,SM Savemore,SAVEMORE BANGKAL,,,
8906,4732,08/12/2024 16:11,2024-12-15 13:54:56,116-015-00031469,<<PAPA B/KTCHP320G,Papa,1,9.75,Puregold,Puregold - SUCAT SAN ISIDRO,,,
8906,4732,08/12/2024 16:11,2024-12-15 13:54:56,116-015-00031469,MT SIGA HT&SPC80G,Mang Tomas,2,23.5,Puregold,Puregold - SUCAT SAN ISIDRO,,,
11706,4741,15/12/2024 12:13,2024-12-15 14:26:15,15400600458069,M.TOMAS LCHNSCE325,Mang Tomas,1,35,Puregold,PUREGOLD TDC SUSANO NOVALICHES QC,,,
11706,4741,15/12/2024 12:13,2024-12-15 14:26:15,15400600458069,MT LECHONSCE HT325,Mang Tomas,1,36,Puregold,PUREGOLD TDC SUSANO NOVALICHES QC,,,
11908,4756,15/12/2024 17:53,2024-12-15 18:49:45,64100500119028,PAPA SPAG PROMO PACK,Papa,1,110,Puregold,Puregold - Dalandanan,,,
2772,4763,15/12/2024 17:53,2024-12-15 20:46:34,0300011590,PAPATOMATKTCHP200SUP,Papa,1,19.5,SM Savemore,SM Savemore - FRANCIS MARKET,,,
2772,4763,15/12/2024 17:53,2024-12-15 20:46:34,0300011590,UFC Shake It Up BBQ,UFC,1,17.5,SM Savemore,SM Savemore - FRANCIS MARKET,,,
526,4771,15/12/2024 19:39,2024-12-15 21:49:52,13600700552072,<< UFC T/A B/KET32,UFC,2,55,Puregold,PUREGOLD NOVALICHES,,,
752,4772,15/12/2024 20:50,2024-12-15 21:53:05,0000051851,DP WHT VNGR SUP 1L,Datu Puti,1,41,Robinsons Supermarket,ROBINSONS LIMKETKAI MALL CAGAYAN DE ORO,,,
527,4773,15/12/2024 18:11,2024-12-15 21:54:25,4200256649,S/SWAN SOY340/350M,Silver Swan,1,23,SM Savemore,SAVEMORE NOVALICHES,,,
528,4776,14/12/2024 13:52,2024-12-15 21:58:15,000115491,LOCALLY RMANGO 240ML,Locally,1,114.5,SM Hypermarket,HYPERMARKET PAMPANGA,,,
2349,4777,15/12/2024 19:17,2024-12-15 22:03:46,0000636950,DP WHTVNGR PET 385ML,Datu Puti,1,19.5,Robinsons Easymart,EASYMART - QUIRINO,,,
11908,4779,12/12/2024 20:35,2024-12-15 22:12:07,64100100003668,DP PATIS 350ML,Datu Puti,1,13.4,Puregold,Puregold - Dalandanan,,,
526,4780,15/12/2024 18:13,2024-12-15 22:19:36,4200256651,SLVRSWN SUKAPTI350ML,Silver Swan,1,19,SM Savemore,SAVEMORE NOVALICHES,,,
2381,4782,15/12/2024 19:34,2024-12-15 22:41:19,82601500283472,$UFC GFP/OL950ML,UFC,1,122,Puregold,Puregold - AMANG RODRIGUEZ,,,
2381,4782,15/12/2024 19:34,2024-12-15 22:41:19,82601500283472,DP WHT VIN 1L,Datu Puti,1,41.25,Puregold,Puregold - AMANG RODRIGUEZ,,,
2381,4782,15/12/2024 19:34,2024-12-15 22:41:19,82601500283472,SLVRSWN PATIS 350ML,Silver Swan,1,23.25,Puregold,Puregold - AMANG RODRIGUEZ,,,
2381,4782,15/12/2024 19:34,2024-12-15 22:41:19,82601500283472,DP SOYSCE 1L,Datu Puti,1,51,Puregold,Puregold - AMANG RODRIGUEZ,,,
2381,4782,15/12/2024 19:34,2024-12-15 22:41:19,82601500283472,M.TOMAS LCHNSCE325,Mang Tomas,1,35,Puregold,Puregold - AMANG RODRIGUEZ,,,
2381,4782,15/12/2024 19:34,2024-12-15 22:41:19,82601500283472,LOCALLY GYBNO240ML,Locally,1,33.2,Puregold,Puregold - AMANG RODRIGUEZ,,,
2381,4782,15/12/2024 19:34,2024-12-15 22:41:19,82601500283472,RR MECHADO 200G,UFC,1,29.75,Puregold,Puregold - AMANG RODRIGUEZ,,,
12232,4783,15/12/2024 17:17,2024-12-15 23:31:42,0000024650,DP OYSTER SCE 30G,Datu Puti,5,30,Robinsons Supermarket,ROBINSONS GENERAL TRIAS,,,
12232,4783,15/12/2024 17:17,2024-12-15 23:31:42,0000024650,LOCALLY ORIG CCNT 1L,Locally,1,104.5,Robinsons Supermarket,ROBINSONS GENERAL TRIAS,,,
470,4787,12/12/2024 18:57,2024-12-16 09:04:00,113-017-00244541,LOCALLY GYBNO240ML,Locally,2,66.4,Puregold,Puregold -  Gen Santos Socorro,,,
12278,4794,15/12/2024 9:10,2024-12-16 10:43:58,000031160,UFC BANANA KETCHUP 200G/48 20,UFC,1,19.5,SM Hypermarket,HYPERMARKET CHERRY CONGRESSIONAL,,,
3593,4798,09/12/2024 17:55,2024-12-16 13:08:54,731-008-00228644,GFSTA/POC485MLPI,Golden Fiesta,1,80,Puregold,PUREGOLD JR PANDACAN,,,
5368,4802,16/12/2024 14:40,2024-12-16 15:26:38,1000169900,UFC CORN KRNEL425G,UFC,5,207.5,SM Savemore,SAVEMORE BORACAY,,,
5368,4806,16/12/2024 15:54,2024-12-16 16:32:47,0400167875,DPUTI SCE SOY 1GL/4,Datu Puti,1,196.5,SM Savemore,SAVEMORE BORACAY,,,
12073,4808,16/12/2024 9:59,2024-12-16 17:59:17,71200600351052,UFC WHLCORNKRN185G,UFC,1,34.5,Puregold,PUREGOLD JR MARIKINA,,,
1796,4810,16/12/2024 8:26,2024-12-16 18:56:15,39700300156673,UFC/QUESRP/CHS160G,UFC,1,49.5,Puregold,PUREGOLD BROOKSIDE GENERAL TRIAS,,,
1796,4810,16/12/2024 8:26,2024-12-16 18:56:15,39700300156673,UFC G/F CANOLA 1L,UFC,1,248,Puregold,PUREGOLD BROOKSIDE GENERAL TRIAS,,,
1796,4810,16/12/2024 8:26,2024-12-16 18:56:15,39700300156673,UFC BA/C 550G/530G,UFC,1,44.25,Puregold,PUREGOLD BROOKSIDE GENERAL TRIAS,,,
12337,4814,16/12/2024 19:39,2024-12-16 21:35:13,35-00194622,DP SOYSCE 1L,Datu Puti,1,51,SM Savemore,SAVEMORE MARIKINA,,,
12339,4815,16/12/2024 19:38,2024-12-16 21:54:57,35-00194619,DP SOYSCE 1L,Datu Puti,1,51,SM Savemore,SAVEMORE MARIKINA,,,
9429,4819,16/12/2024 11:18,2024-12-16 22:11:46,102-016-00370523,DP SOYSCE 1L,Datu Puti,1,51,Puregold,PUREGOLD TAYUMAN,,,
9429,4819,16/12/2024 11:18,2024-12-16 22:11:46,102-016-00370523,<< DP W/VIN 385ML,Datu Puti,1,18.25,Puregold,PUREGOLD TAYUMAN,,,
12348,4828,12/04/2025 20:37,2024-12-17 00:15:34,00-024302,UFC GRN PEAS 155G,UFC,1,14.75,WalterMart Supermarket Inc,WALTERMART - JUNCTION PLACE,,,
3849,4829,11/12/2024 12:32,2024-12-17 05:47:00,11600200291997,JUFRAN RD H/C S165,Jufran,1,46,Puregold,Puregold - SUCAT SAN ISIDRO,,,
3849,4829,11/12/2024 12:32,2024-12-17 05:47:00,11600200291997,UFC WHL MSHRM 198G,UFC,1,37.9,Puregold,Puregold - SUCAT SAN ISIDRO,,,
3849,4829,11/12/2024 12:32,2024-12-17 05:47:00,11600200291997,LOCALLY DLNDN240ML,Locally,1,33.2,Puregold,Puregold - SUCAT SAN ISIDRO,,,
7002,4830,16/12/2024 18:43,2024-12-17 07:09:49,21-00036313,SPR FSTA COCO 1L SUP,UFC,1,118.5,SM Savemore,SAVEMORE FORTUNE TOWN,,,
7002,4830,16/12/2024 18:43,2024-12-17 07:09:49,21-00036313,UFC BNNA CTSUP 4K,UFC,1,69.5,SM Savemore,SAVEMORE FORTUNE TOWN,,,
6707,4831,13/12/2024 2:06,2024-12-17 08:07:23,135-006-00043079,DP SOYSCE CLR 1GA,Datu Puti,4,787,Puregold,Puregold - FAIRVIEW AVENUE. FAIRVIEW PARK,,,
4985,4832,08/12/2024 14:09,2024-12-17 09:21:51,639-007-00078041,$ << UFCGFOIL485ML,UFC,2,78,Puregold,PUREGOLD GUADALUPE,,,
4985,4832,08/12/2024 14:09,2024-12-17 09:21:51,639-007-00078041,SLVRSWN SOYSCE 100ML,Silver Swan,3,27.8,Puregold,PUREGOLD GUADALUPE,,,
2570,4833,17/12/2024 7:21,2024-12-17 09:31:13,0400227081,DATU PUTI VINEGAR JUMBO 30/385,Datu Puti,1,19.5,SM Savemore,SAVEMORE SILAY,,,
2570,4833,17/12/2024 7:21,2024-12-17 09:31:13,0400227081,DP SOY SAUCE 385ML,Datu Puti,1,22,SM Savemore,SAVEMORE SILAY,,,
4985,4835,15/12/2024 16:33,2024-12-17 09:39:31,639-004-00049922,$ << UFCGFOIL485ML,UFC,2,78,Puregold,PUREGOLD GUADALUPE,,,
9230,4836,18/11/2024 19:37,2024-12-17 09:51:15,239 005-08410702,UFC/SFCNTOILP350ML,UFC,1,42,Puregold,Puregold - GUINHAWA MALOLOS BULACAN,,,
3849,4839,15/12/2024 9:49,2024-12-17 10:09:07,00-011927,UFC CORN KRNEL425G,UFC,1,43.75,WalterMart Supermarket Inc,WALTERMART SUCAT,,,
3849,4839,15/12/2024 9:49,2024-12-17 10:09:07,00-011927,LCLY JCE DALANDAN 240ML/2,Locally,1,34,WalterMart Supermarket Inc,WALTERMART SUCAT,,,
11857,4841,12/04/2025 12:27,2024-12-17 10:14:48,00-040661,MTOMS SCE LECHON REG 325G,Mang Tomas,1,38,WalterMart Supermarket Inc,WALTERMART STA. MARIA,,,
11857,4841,12/04/2025 12:27,2024-12-17 10:14:48,00-040661,UFC BANANA CATSU 24/320 GRAMS.,UFC,1,28.5,WalterMart Supermarket Inc,WALTERMART STA. MARIA,,,
3724,4842,10/12/2024 20:44,2024-12-17 11:56:40,010865130,GOLDEN FIESTA CANOLA OIL 1L/12,Golden Fiesta,1,134,SM Supermarket,SM SUPERMARKET DAVAO,,,
1045,4844,12/04/2025 16:51,2024-12-17 12:55:38,000244640,LOCALLY RMANGO 240ML,Locally,1,109.5,SM Hypermarket,HYPERMARKET PULILAN,,,
12377,4846,16/12/2024 16:57,2024-12-17 13:18:10,000080011,LOCALLY DALANDAN 1L,Locally,1,89.5,SM Hypermarket,HYPERMARKET PULILAN,,,
1045,4847,16/12/2024 16:49,2024-12-17 13:19:00,000114925,LOCALLY GUYABANO 1L,Locally,1,89.5,SM Hypermarket,HYPERMARKET PULILAN,,,
12332,4854,10/12/2024 15:47,2024-12-17 14:58:53,72801200381591,M.TOMAS LCHNSCE325,Mang Tomas,1,35,Puregold,PUREGOLD JR ZAPOTE ANNEX LAS PIÑAS,,,
5368,4856,17/12/2024 15:21,2024-12-17 15:25:25,0500123561,UFC MSHRM PSTM400G2S,UFC,3,285,SM Savemore,SAVEMORE BORACAY,,,
5368,4858,17/12/2024 14:27,2024-12-17 15:47:17,0000101142,DP WHT VINGR-PET1GAL,Datu Puti,1,165.5,Robinsons Supermarket,ROBINSONS BORACAY,,,
5368,4858,17/12/2024 14:27,2024-12-17 15:47:17,0000101142,DP SOYSCE 1L,Datu Puti,2,804,Robinsons Supermarket,ROBINSONS BORACAY,,,
5368,4858,17/12/2024 14:27,2024-12-17 15:47:17,0000101142,UFC MSHRM WHOLE 400G,UFC,4,264,Robinsons Supermarket,ROBINSONS BORACAY,,,
5201,4859,17/12/2024 16:18,2024-12-17 16:50:32,13300500191721,DP SOYSCE 1L,Datu Puti,1,51,Puregold,PUREGOLD BACOOR CAVITE,,,
5201,4859,17/12/2024 16:18,2024-12-17 16:50:32,13300500191721,MT LECHONSCE HT325,Mang Tomas,1,36,Puregold,PUREGOLD BACOOR CAVITE,,,
5201,4859,17/12/2024 16:18,2024-12-17 16:50:32,13300500191721,UFC SWT CHILI 340,UFC,1,41.6,Puregold,PUREGOLD BACOOR CAVITE,,,
12385,4860,12/12/2024 16:55,2024-12-17 17:02:16,35800400455189,UFC BA/C 550G/530G,UFC,3,132.75,Puregold,PUREGOLD TIPAS,,,
10268,4861,17/12/2024 13:16,2024-12-17 17:10:50,0000002014,MT LCHNSCE REG550G,Mang Tomas,1,54.55,Robinsons Supermarket,ROBINSONS NAGA,,,
10268,4861,17/12/2024 13:16,2024-12-17 17:10:50,0000002014,UFC MUSHRM PCSSTM198,UFC,2,69.5,Robinsons Supermarket,ROBINSONS NAGA,,,
11229,4866,17/12/2024 17:15,2024-12-17 18:10:10,1700083440,UFC 2N1 TOMATO SAUCE 24/200G 200,UFC,2,40,SM Savemore,SAVEMORE PILI,,,
12391,4868,17/12/2024 19:27,2024-12-17 19:57:56,45500200256931,DP SOYSCE 1L,Datu Puti,1,54.25,Puregold,Puregold - Plainview,,,
12391,4868,17/12/2024 19:27,2024-12-17 19:57:56,45500200256931,MT LECHON SCE550G,Mang Tomas,1,53.75,Puregold,Puregold - Plainview,,,
526,4870,17/12/2024 18:30,2024-12-17 21:51:16,0000637942,UFC BANANA CATSU 24/320 GRAMS.,UFC,1,29.75,Robinsons Easymart,EASYMART - QUIRINO,,,
527,4871,17/12/2024 16:39,2024-12-17 21:53:00,8100015585,DP SOY SAUCE 385ML,Datu Puti,1,22,SM Savemore,SAVEMORE NOVALICHES,,,
2349,4872,17/12/2024 17:58,2024-12-17 21:56:50,0000143287,SLVRSWN SUKAPTI350ML,Silver Swan,1,18,Robinsons Easymart,Robinsons Easymart - SUSANO COMMERCIAL COMPLEX,,,
528,4873,17/12/2024 18:30,2024-12-17 21:58:30,0000637943,DP SOY SAUCE 385ML,Datu Puti,1,23,Robinsons Easymart,EASYMART - QUIRINO,,,
2664,4874,17/12/2024 11:09,2024-12-17 21:59:11,0200116235,GF PALM OIL 1L SUP,Golden Fiesta,1,118.5,SM Savemore,SAVEMORE BAGBAGUIN,,,
2664,4876,17/12/2024 11:09,2024-12-17 22:21:01,02-00116235,GF PALM OIL 1L SUP,Golden Fiesta,1,118.5,SM Savemore,SAVEMORE BAGBAGUIN,,,
12440,4878,12/05/2025 16:16,2024-12-17 22:53:53,000114149 16,LOCALLY GUYABANO 1L,Locally,1,89.5,SM Hypermarket,HYPERMARKET PULILAN,,,
3519,4889,18/12/2024 8:11,2024-12-18 09:13:49,0000170656,SO*DP WHT VNGR 1LX12,Datu Puti,1,47,Robinsons Easymart,EASTMART - MUNOZ,,,
3519,4889,18/12/2024 8:11,2024-12-18 09:13:49,0000170656,UFC SWTCHLI SCE 340G,UFC,1,45.25,Robinsons Easymart,EASTMART - MUNOZ,,,
3519,4889,18/12/2024 8:11,2024-12-18 09:13:49,0000170656,UFC WHL KRNL CORN425,UFC,1,40.75,Robinsons Easymart,EASTMART - MUNOZ,,,
11777,4895,15/12/2024 16:20,2024-12-18 10:54:04,0000117923,UFC BANANA CTSUP200G,UFC,1,29.75,Robinsons Easymart,EASYMART - NAVAL NAVOTAS,,,
527,4896,17/12/2024 17:59,2024-12-18 11:09:26,0000143289,SLVR SWN SOY SCE1L,Silver Swan,1,24.75,Robinsons Supermarket,ROBINSONS SUSANO COMPLEX NOVALICHES,,,
526,4897,17/12/2024 16:38,2024-12-18 11:09:36,8100015583,SLVRSWN SUKAPTI350ML,Silver Swan,1,19,SM Savemore,SAVEMORE NOVALICHES,,,
11014,4899,15/12/2024 18:50,2024-12-18 11:47:57,000159042,DP SOY SCE 200ML,Datu Puti,3,34.5,SM Supermarket,SM SUPERMARKET SAN PABLO,,,
11014,4899,15/12/2024 18:50,2024-12-18 11:47:57,000159042,DPUTI VIN SUP 200ML/60,Datu Puti,3,27.75,SM Supermarket,SM SUPERMARKET SAN PABLO,,,
12467,4900,18/12/2024 11:23,2024-12-18 12:24:12,1400221382,UFC SINIGANG MIX 20G/96'S,UFC,1,12,SM Savemore,SAVEMORE LIGHT RESIDENCES,,,
12467,4900,18/12/2024 11:23,2024-12-18 12:24:12,1400221382,UFC CRAB AND CORN SOUP 36/60G,UFC,1,49,SM Savemore,SAVEMORE LIGHT RESIDENCES,,,
12442,4901,12/04/2025 15:15,2024-12-18 12:38:23,010246024,LOCALLY RMANGO 240ML,Locally,1,109.5,SM Hypermarket,HYPERMARKET PULILAN,,,
12468,4903,18/12/2024 11:22,2024-12-18 12:42:05,1400221380,*MDF_UFC COCONUT CREAM400,UFC,1,65.25,SM Savemore,SAVEMORE LIGHT RESIDENCES,,,
11014,4911,16/12/2024 12:38,2024-12-18 15:43:24,000159108,DPUTI VIN 350ML/24,Datu Puti,2,23,SM Supermarket,SM SUPERMARKET SAN PABLO,,,
11014,4911,16/12/2024 12:38,2024-12-18 15:43:24,000159108,DP SOY SCE 200ML,Datu Puti,1,189,SM Supermarket,SM SUPERMARKET SAN PABLO,,,
11014,4911,16/12/2024 12:38,2024-12-18 15:43:24,000159108,DATU PUTI PATIS 150,Datu Puti,1,15,SM Supermarket,SM SUPERMARKET SAN PABLO,,,
11014,4911,16/12/2024 12:38,2024-12-18 15:43:24,000159108,UFC IODIZED SALT150G,UFC,0,0,SM Supermarket,SM SUPERMARKET SAN PABLO,,,
6556,4915,18/12/2024 16:29,2024-12-18 17:17:11,1100007925,SLVR SWAN S/SCE1LT,Silver Swan,1,56,SM Savemore,SM Savemore - HOTEL SUPREME,,,
6556,4915,18/12/2024 16:29,2024-12-18 17:17:11,1100007925,DATU PUTI WHITE VINEGAR 12/1LT Whi,Datu Puti,1,40,SM Savemore,SM Savemore - HOTEL SUPREME,,,
11908,4919,18/12/2024 17:28,2024-12-18 18:44:02,641-006-00082725,DP SOY SCE 200ML,Datu Puti,2,19.9,Puregold,PUREGOLD JR KARUHATAN,,,
9873,4920,13/11/2024 13:02,2024-12-18 19:07:02,829-005-00506781,JUF THAI SCE 750ML,Jufran,10,1082.5,Puregold,PUREGOLD - TUKTUKAN GUIGUINTO,,,
9873,4920,13/11/2024 13:02,2024-12-18 19:07:02,829-005-00506781,JUF THAI SCE 200ML,Jufran,6,303,Puregold,PUREGOLD - TUKTUKAN GUIGUINTO,,,
9873,4920,13/11/2024 13:02,2024-12-18 19:07:02,829-005-00506781,LAURIAT SS750ML R,Silver Swan,4,305,Puregold,PUREGOLD - TUKTUKAN GUIGUINTO,,,
9873,4921,17/12/2024 13:34,2024-12-18 19:38:57,829-005-00511499,UFC SWT CHILI 340,UFC,5,208,Puregold,PUREGOLD - TUKTUKAN GUIGUINTO,,,
9873,4921,17/12/2024 13:34,2024-12-18 19:38:57,829-005-00511499,JUF SWT CHILI 330G,Jufran,5,257.5,Puregold,PUREGOLD - TUKTUKAN GUIGUINTO,,,
9873,4921,17/12/2024 13:34,2024-12-18 19:38:57,829-005-00511499,DP PATIS 350ML,Datu Puti,12,300,Puregold,PUREGOLD - TUKTUKAN GUIGUINTO,,,
9873,4921,17/12/2024 13:34,2024-12-18 19:38:57,829-005-00511499,DP PATIS 1L,Datu Puti,8,574,Puregold,PUREGOLD - TUKTUKAN GUIGUINTO,,,
9873,4921,17/12/2024 13:34,2024-12-18 19:38:57,829-005-00511499,JUF THAI SCE 750ML,Jufran,12,1299,Puregold,PUREGOLD - TUKTUKAN GUIGUINTO,,,
1183,4922,18/12/2024 20:21,2024-12-18 20:56:51,0000032963,GF PALM OIL 500MLSUP,Golden Fiesta,1,74,Robinsons Easymart,EASYMART MARIPOSA,,,
1183,4922,18/12/2024 20:21,2024-12-18 20:56:51,0000032963,UFC BANANA CTSUP200G,UFC,1,29.75,Robinsons Easymart,EASYMART MARIPOSA,,,
12482,4924,18/12/2024 11:24,2024-12-18 21:41:57,14-00221383,SLVRWOW SARAP8GX12MP,Silver Swan,2,59,SM Savemore,SAVEMORE LIGHT RESIDENCES,,,
528,4927,17/10/2024 20:09,2024-12-18 23:03:06,154-004-00478300,DP PATIS 350ML,Datu Puti,1,13.4,Puregold,PUREGOLD TDC SUSANO NOVALICHES QC,,,
12377,4929,11/12/2024 14:49,2024-12-18 23:04:57,004924925 14,LOCALLY GUYABANO 1L,Locally,1,89.5,SM Hypermarket,HYPERMARKET PULILAN,,,
1045,4930,12/06/2025 17:57,2024-12-18 23:07:07,000780511,LOCALLY DALANDAN 1L,Locally,1,89.5,SM Hypermarket,HYPERMARKET PULILAN,,,
2499,4932,18/12/2024 7:51,2024-12-19 03:06:13,314-008-00371355,UFC G/F CANOLA 1L,UFC,1,133,Puregold,PUREGOLD ESCALANTE,,,
5368,4943,19/12/2024 11:08,2024-12-19 11:32:13,0000093952,UFC SWTCHLI SCE 340G,UFC,10,455,Robinsons Supermarket,ROBINSONS BORACAY,,,
5368,4944,18/12/2024 15:15,2024-12-19 11:48:56,0800104669,UFC BNNA CTSUP530G,UFC,1,236.75,SM Savemore,SAVEMORE BORACAY,,,
5368,4947,18/12/2024 15:34,2024-12-19 12:19:37,0800104674,UFC MSHRM PSTM400G2S,UFC,4,380,SM Savemore,SAVEMORE BORACAY,,,
3919,4948,18/12/2024 11:50,2024-12-19 14:33:41,0000042000,HF VEG OIL 900ML DUO,Hapi Fiesta,1,208,Robinsons Supermarket,ROBINSONS CLOVERLEAF,,,
12459,4950,17/12/2024 18:47,2024-12-19 15:02:05,108-023-00304145,UFC GROUND PEPPER30G,UFC,1,48.25,Puregold,Puregold - SINGKAMAS MAKATI,,,
12459,4950,17/12/2024 18:47,2024-12-19 15:02:05,108-023-00304145,UFC GARLIC POWERR30G,UFC,1,35.5,Puregold,Puregold - SINGKAMAS MAKATI,,,
12459,4950,17/12/2024 18:47,2024-12-19 15:02:05,108-023-00304145,UFC FC YANGCHOW20G,UFC,2,30,Puregold,Puregold - SINGKAMAS MAKATI,,,
12322,4953,19/12/2024 15:24,2024-12-19 15:38:17,274-009-00157151,<< DP SOYSCE 385ML,Datu Puti,1,21.25,Puregold,PUREGOLD ORTIGAS AVE. EXTENSION,,,
12322,4954,19/12/2024 15:24,2024-12-19 15:38:17,27400900157151,<< DP SOYSCE 385ML,Datu Puti,1,21.25,Puregold,PUREGOLD JUNIOR EAST SUMMIT,,,
12062,4956,19/12/2024 18:52,2024-12-19 19:19:10,1000039062,UFC GRAVY 50G SUP,UFC,1,9.75,SM Savemore,SaveMore Tanauan,,,
12062,4956,19/12/2024 18:52,2024-12-19 19:19:10,1000039062,LOCALLY MANGOSTEEN1L,Locally,1,39.95,SM Savemore,SaveMore Tanauan,,,
12062,4956,19/12/2024 18:52,2024-12-19 19:19:10,1000039062,MT LECHONSCE HT325,Mang Tomas,1,38.5,SM Savemore,SaveMore Tanauan,,,
12062,4956,19/12/2024 18:52,2024-12-19 19:19:10,1000039062,DP OYSTER SCE 170G,Datu Puti,1,44.5,SM Savemore,SaveMore Tanauan,,,
5830,4964,19/12/2024 18:56,2024-12-19 21:06:52,0000237743,DP PATIS 1L,Datu Puti,1,85,Robinsons Easymart,Robinsons Easymart - Cebu South Road Pardo,,,
5830,4964,19/12/2024 18:56,2024-12-19 21:06:52,0000237743,SLVR SWN SOY SCE1L,Silver Swan,1,53.75,Robinsons Easymart,Robinsons Easymart - Cebu South Road Pardo,,,
5830,4964,19/12/2024 18:56,2024-12-19 21:06:52,0000237743,UFC GF CANOLA OIL 1L,UFC,2,277.5,Robinsons Easymart,Robinsons Easymart - Cebu South Road Pardo,,,
5830,4964,19/12/2024 18:56,2024-12-19 21:06:52,0000237743,UFC SWTCHLI SCE 340G,UFC,2,90.5,Robinsons Easymart,Robinsons Easymart - Cebu South Road Pardo,,,
6680,4965,19/12/2024 17:46,2024-12-19 21:55:19,7500026250,GF PALM OIL 1L SUP,Golden Fiesta,1,118.5,SM Savemore,SAVEMORE NOVALICHES,,,
526,4966,19/12/2024 19:58,2024-12-19 22:15:52,136-007-00552744,UFC BA/C 550G/530G,UFC,3,132.75,Puregold,PUREGOLD TERRACES,,,
527,4967,19/12/2024 19:13,2024-12-19 22:17:43,0000055062,*MDF_UFC CHICKEN AND CORN,UFC,1,51,Robinsons Easymart,Robinsons Easymart - SUSANO COMMERCIAL COMPLEX,,,
12860,4968,12/05/2025 13:22,2024-12-19 22:22:04,000045101,UFC CHILI FLAKES 30G,UFC,1,43.5,SM Hypermarket,HYPERMARKET PULILAN,,,
12860,4968,12/05/2025 13:22,2024-12-19 22:22:04,000045101,UFC FC YANGCHOW20G,UFC,2,16,SM Hypermarket,HYPERMARKET PULILAN,,,
12860,4968,12/05/2025 13:22,2024-12-19 22:22:04,000045101,UFC GARLIC POWERR30G,UFC,1,32.5,SM Hypermarket,HYPERMARKET PULILAN,,,
2349,4971,19/12/2024 19:13,2024-12-20 08:46:03,0000055061,SLVRSWN SUKAPTI350ML,Silver Swan,1,18,Robinsons Supermarket,ROBINSONS SUSANO COMPLEX NOVALICHES,,,
12989,4981,19/12/2024 20:08,2024-12-20 11:54:43,38-00034675,MT LECHONSCE HOT325G,Mang Tomas,1,40,SM Savemore,SAVEMORE NAGTAHAN,,,
9363,4983,20/12/2024 13:25,2024-12-20 14:15:06,36901300132810,HAPI FSTA SUP 2L,Hapi Fiesta,1,205,Puregold,PUREGOLD HINIGARAN,,,
9363,4983,20/12/2024 13:25,2024-12-20 14:15:06,36901300132810,UFC SWT CHILI 340,UFC,1,41.6,Puregold,PUREGOLD HINIGARAN,,,
13019,4989,20/12/2024 14:46,2024-12-20 16:59:21,2900222861,DP SOY SAUCE 385ML,Datu Puti,1,22,SM Savemore,SAVEMORE STA. ANA,,,
5368,4990,20/12/2024 14:55,2024-12-20 17:02:42,10-00170233,UFC MSHRM PSTM400G2S,UFC,3,285,SM Savemore,SAVEMORE BORACAY,,,
5368,4990,20/12/2024 14:55,2024-12-20 17:02:42,10-00170233,UFC P&S MSHRM 400G,UFC,2,98,SM Savemore,SAVEMORE BORACAY,,,
13028,4993,20/12/2024 16:39,2024-12-20 17:24:15,0000068492,DP OYSTER SCE 170G,Datu Puti,1,44.25,Robinsons Supermarket,ROBINSONS GENERAL TRIAS,,,
13028,4993,20/12/2024 16:39,2024-12-20 17:24:15,0000068492,MT LECHONSCE HT325,Mang Tomas,1,37.5,Robinsons Supermarket,ROBINSONS GENERAL TRIAS,,,
13034,4995,20/12/2024 16:39,2024-12-20 18:02:28,0000068493,CC*UFC BNNA CTSUP 1K,UFC,1,68.75,Robinsons Supermarket,ROBINSONS GENERAL TRIAS,,,
6412,5001,20/12/2024 18:53,2024-12-20 18:54:45,010104907,DP SOY SAUCE 385ML,Datu Puti,5,110,SM Hypermarket,HYPERMARKET BATANGAS ROSARIO,,,
9873,5005,27/05/2024 13:58,2024-12-20 21:21:37,15101100372276,LAURIAT SS750ML L,Silver Swan,2,157.5,Puregold,PUREGOLD GUIGUINTO BAYAN,,,
9873,5005,27/05/2024 13:58,2024-12-20 21:21:37,15101100372276,JUFRAN RD H/C S165,Jufran,2,92,Puregold,PUREGOLD GUIGUINTO BAYAN,,,
9873,5005,27/05/2024 13:58,2024-12-20 21:21:37,15101100372276,UFC SPICIER 100G,UFC,5,118.75,Puregold,PUREGOLD GUIGUINTO BAYAN,,,
13044,5006,15/12/2024 13:40,2024-12-20 21:29:07,00060038,HFSTA OIL VEG SUP 1.8L/6,Hapi Fiesta,1,205,WalterMart Supermarket Inc,WALTERMART IMUS,,,
13044,5006,15/12/2024 13:40,2024-12-20 21:29:07,00060038,DPUTI SCE SOY SUP 1LT/12,Datu Puti,1,51,WalterMart Supermarket Inc,WALTERMART IMUS,,,
13044,5006,15/12/2024 13:40,2024-12-20 21:29:07,00060038,UFC BNANA CATSUP POUCH 320G/36,UFC,1,25.5,WalterMart Supermarket Inc,WALTERMART IMUS,,,
6716,5008,20/12/2024 17:47,2024-12-20 22:15:12,0000042646,UFC SWTCHLI SCE 340G,UFC,1,43,Robinsons Supermarket,ROBINSONS RP TACLOBAN,,,
13048,5009,20/12/2024 17:38,2024-12-20 22:18:43,0000346777,DP SOY SAUCE 100ML,Datu Puti,1,57,Robinsons Easymart,EASYMART BUHAY NA TUBIG,,,
13151,5015,20/12/2024 17:39,2024-12-21 12:07:02,0000346778,DP SOY SAUCE 100ML,Datu Puti,1,57,Robinsons Easymart,EASYMART BUHAY NA TUBIG,,,
8384,5022,14/12/2024 14:51,2024-12-21 14:51:34,27902400269052,HAPI FSTA SUP 2L,Hapi Fiesta,2,410,Puregold,PUREGOLD TERRACES,,,
8440,5026,18/12/2024 20:29,2024-12-21 15:14:13,0900044927,DATU PUTI WHITE VINEGAR 12/1LT Whi,Datu Puti,1,40,SM Savemore,SAVEMORE PAROLA CAINTA,,,
8440,5026,18/12/2024 20:29,2024-12-21 15:14:13,0900044927,DATU PUTI SOY SAUCE PE 12/1LT,Datu Puti,2,103,SM Savemore,SAVEMORE PAROLA CAINTA,,,
8440,5026,18/12/2024 20:29,2024-12-21 15:14:13,0900044927,MT LECHON SCE550G,Mang Tomas,1,50,SM Savemore,SAVEMORE PAROLA CAINTA,,,
8440,5026,18/12/2024 20:29,2024-12-21 15:14:13,0900044927,PAPA BKTCHP REG 530G/18,Papa,1,42.5,SM Savemore,SAVEMORE PAROLA CAINTA,,,
9142,5031,21/12/2024 13:29,2024-12-21 16:14:25,0000194765,DP BBQ RIFFIC 350ML,Datu Puti,1,83,Robinsons Supermarket,ROBINSONS RP ANTIPOLO,,,
9142,5031,21/12/2024 13:29,2024-12-21 16:14:25,0000194765,MT LECHONSCE HT325,Mang Tomas,1,37.5,Robinsons Supermarket,ROBINSONS RP ANTIPOLO,,,
9142,5031,21/12/2024 13:29,2024-12-21 16:14:25,0000194765,UFC BANANA CATSUP 18/550G,UFC,1,50.75,Robinsons Supermarket,ROBINSONS RP ANTIPOLO,,,
8623,5032,07/12/2024 11:01,2024-12-21 16:17:48,0300233122,UFC CRAB AND CORN SOUP 36/60G,UFC,1,49,SM Savemore,SAVEMORE MUZON,,,
12726,5033,21/12/2024 15:32,2024-12-21 16:20:38,68800400033392,<< UFC T/A B/KET32,UFC,1,27.5,Puregold,Puregold - Tanauan Leyte,,,
12726,5033,21/12/2024 15:32,2024-12-21 16:20:38,68800400033392,DP SOYSCE 1L,Datu Puti,1,51,Puregold,Puregold - Tanauan Leyte,,,
4410,5034,21/12/2024 15:09,2024-12-21 16:21:28,0900011748,DP SOYSCE 1L,Datu Puti,1,51,SM Savemore,SM Savemore - YSPACIO,,,
4410,5034,21/12/2024 15:09,2024-12-21 16:21:28,0900011748,MT LECHONSCE HT325,Mang Tomas,1,38.5,SM Savemore,SM Savemore - YSPACIO,,,
4410,5034,21/12/2024 15:09,2024-12-21 16:21:28,0900011748,MT LECHONSCE HOT325G,Mang Tomas,1,40,SM Savemore,SM Savemore - YSPACIO,,,
4410,5034,21/12/2024 15:09,2024-12-21 16:21:28,0900011748,UFC BNNA CTSUP530G,UFC,1,236.75,SM Savemore,SM Savemore - YSPACIO,,,
4410,5034,21/12/2024 15:09,2024-12-21 16:21:28,0900011748,UFC 2N1 TOMATO SAUCE 24/200G 200,UFC,1,24.2,SM Savemore,SM Savemore - YSPACIO,,,
4644,5040,21/12/2024 16:13,2024-12-21 16:46:19,0400100569,UFC 2N1 SPAGHETTI SCE 12/1KG,UFC,1,84.5,SM Savemore,SAVEMORE ANGONO 2,,,
12730,5044,21/12/2024 15:15,2024-12-21 16:49:52,10202400283917,SLVRSWN PATIS 350ML,Silver Swan,1,23.25,Puregold,PUREGOLD TAYUMAN,,,
4644,5045,21/12/2024 16:09,2024-12-21 16:57:53,0400100565,MT LECHON SCE550G,Mang Tomas,1,50,SM Savemore,SAVEMORE ANGONO 2,,,
4644,5045,21/12/2024 16:09,2024-12-21 16:57:53,0400100565,MT LECHONSCE HOT325G,Mang Tomas,2,80,SM Savemore,SAVEMORE ANGONO 2,,,
526,5051,21/12/2024 16:01,2024-12-21 17:57:56,0000639793,UFC CRAB AND CORN60G,UFC,1,51,Robinsons Easymart,EASYMART SANTA MONICA,,,
527,5053,21/12/2024 16:00,2024-12-21 18:14:00,0000639792,*MDF_UFC CHICKEN AND CORN,UFC,1,51,Robinsons Easymart,EASYMART SHOP 'N RIDE NOVALICHES,,,
470,5059,18/12/2024 21:05,2024-12-21 19:36:58,010610048,LOCALLY DLNDN240ML,Locally,1,71.9,SM Supermarket,SM SUPERMARKET MAKATI,,,
4109,5066,20/12/2024 17:00,2024-12-21 21:57:42,19200800175351,MT LECHONSCE HT325,Mang Tomas,1,36,Puregold,PUREGOLD CAUAYAN,,,
5368,5068,21/12/2024 19:38,2024-12-21 22:46:54,0800104968,DP WHT VINGR-PET1GAL,Datu Puti,1,153.5,SM Savemore,SAVEMORE BORACAY,,,
528,5078,21/12/2024 15:43,2024-12-22 10:21:28,0000137269,SLVRSWN SUKAPTI350ML,Silver Swan,1,18,Robinsons Easymart,Robinsons Easymart - SUSANO COMMERCIAL COMPLEX,,,
2349,5079,21/12/2024 16:13,2024-12-22 10:23:19,136-009-00499292,<< DP W/VIN 385ML,Datu Puti,1,7.7,Puregold,PUREGOLD NOVALICHES,,,
526,5080,21/12/2024 14:20,2024-12-22 10:28:39,42-00258412,SLVRSWN SUKAPTI350ML,Silver Swan,1,19,SM Savemore,SAVEMORE NOVALICHES,,,
527,5081,21/12/2024 14:18,2024-12-22 10:29:39,42-00258409,S/SWAN SOY340/350M,Silver Swan,1,23,SM Savemore,SAVEMORE NOVALICHES,,,
2349,5082,21/12/2024 15:43,2024-12-22 10:32:19,0000137270,DP WHTVNGR PET 385ML,Datu Puti,1,19.5,Robinsons Easymart,Robinsons Easymart - SUSANO COMMERCIAL COMPLEX,,,
528,5083,21/12/2024 16:14,2024-12-22 10:36:30,136-009-00499293,DP SOY SCE 200ML,Datu Puti,1,10.15,Puregold,PUREGOLD NOVALICHES,,,
2542,5084,27/07/2024 20:47,2024-12-22 10:40:30,014681507,GF PALM OIL 1L SUP,Golden Fiesta,5,592.5,SM Hypermarket,HYPERMARKET DASMARINAS,,,
5368,5088,22/12/2024 12:35,2024-12-22 13:22:46,0000109714,UFC SWTCHLI SCE 340G,UFC,10,455,Robinsons Supermarket,ROBINSONS BORACAY,,,
1045,5089,19/12/2024 21:11,2024-12-22 14:49:24,000035033,LOCALLY DALANDAN 1L,Locally,1,94.5,SM Supermarket,SM SUPERMARKET MEGAMALL B,,,
12377,5094,19/12/2024 21:16,2024-12-22 17:16:19,000050969,LOCALLY RMANGO 240ML,Locally,1,114.5,SM Supermarket,SM SUPERMARKET MEGAMALL B,,,
5210,5096,21/12/2024 16:40,2024-12-22 17:17:30,000401610,LOCALLY RMANGO 240ML,Locally,1,109.5,SM Hypermarket,HYPERMARKET PULILAN,,,
5368,5101,22/12/2024 16:34,2024-12-22 17:56:33,0800105019,UFC CORN KRNEL425G,UFC,3,124.5,SM Savemore,SAVEMORE BORACAY,,,
13474,5104,22/12/2024 12:48,2024-12-22 18:19:27,630831,UFC GRAVY SA SARAP 72X50G,UFC,1,9.7,Gaisano Metro,SUPER METRO - CARCAR,,,
9576,5113,22/12/2024 15:24,2024-12-22 18:47:49,16901400237063,DP VINEGAR 1L SUP,Datu Puti,1,39.75,Puregold,PUREGOLD SAN JOSE DEL MONTE BULACAN,,,
9576,5113,22/12/2024 15:24,2024-12-22 18:47:49,16901400237063,MT LECHONSCE HT325,Mang Tomas,1,36,Puregold,PUREGOLD SAN JOSE DEL MONTE BULACAN,,,
9767,5116,22/12/2024 19:53,2024-12-22 20:16:27,14-00087975,UFC CORN KRNEL425G,UFC,1,41.5,SM Savemore,SAVEMORE GT PARK PAVIA,,,
5368,5117,22/12/2024 12:59,2024-12-22 20:43:00,0000109718,SILVER SWAN SUKANG H,Silver Swan,1,190,Robinsons Supermarket,ROBINSONS BORACAY,,,
5540,5126,23/12/2094 8:41,2024-12-23 09:03:17,0000017420,UFC CREAMSTYLE425G,UFC,1,43.25,Robinsons Supermarket,ROBINSONS RP ILOCOS NORTE,,,
635,5130,22/12/2024 12:19,2024-12-23 13:00:31,673-005-00027477,UFC BA/C 550G/530G,UFC,6,265.5,Puregold,PUREGOLD - TUKTUKAN GUIGUINTO,,,
635,5130,22/12/2024 12:19,2024-12-23 13:00:31,673-005-00027477,MT LECHON SCE550G,Mang Tomas,8,388,Puregold,PUREGOLD - TUKTUKAN GUIGUINTO,,,
4644,5131,21/12/2024 16:16,2024-12-23 13:06:18,04-00100572,SPR FSTA COCO 1L PET,UFC,1,133.5,SM Savemore,SAVEMORE ANGONO 2,,,
635,5132,22/12/2024 10:31,2024-12-23 13:21:03,673-005-00027469,<< DP SOYSCE 385ML,Datu Puti,48,1020,Puregold,PUREGOLD - TUKTUKAN GUIGUINTO,,,
4644,5133,21/12/2024 16:15,2024-12-23 13:26:43,04-00100571,UFC 2N1 SPAGHETTI SCE 12/1KG,UFC,1,84.5,SM Savemore,SAVEMORE ANGONO 2,,,
13469,5134,22/12/2024 12:13,2024-12-23 13:31:04,617-005-00167347,HAPI FSTA VEG 1L,Hapi Fiesta,1,114,Puregold,Puregold - Teresa,,,
13469,5134,22/12/2024 12:13,2024-12-23 13:31:04,617-005-00167347,UFC BA/C 550G/530G,UFC,10,442.5,Puregold,Puregold - Teresa,,,
9240,5135,13/12/2024 12:13,2024-12-23 13:35:24,872-011-00198225,DP PATIS 350ML,Datu Puti,1,25,Puregold,PUREGOLD CIRCUMFERENTIAL ROAD ANTIPOLO,,,
635,5137,22/12/2024 10:36,2024-12-23 13:45:45,673-005-00027470,DP SOYSCE 1L,Datu Puti,24,1224,Puregold,PUREGOLD - TUKTUKAN GUIGUINTO,,,
635,5138,22/12/2024 10:45,2024-12-23 13:49:35,673-005-00027471,UFC G/F CANOLA 1L,UFC,2,496,Puregold,PUREGOLD - TUKTUKAN GUIGUINTO,,,
4109,5145,12/11/2025 12:46,2024-12-23 14:41:40,000009531,DP SOYSCE 1L,Datu Puti,1,51,SM Supermarket,SM SUPERMARKET CAUAYAN,,,
4063,5149,12/07/2024 16:19,2024-12-23 15:04:30,0000004734,HAPI FSTA VEG 1L,Hapi Fiesta,1,112.5,SM Supermarket,SM SUPERMARKET CONSOLACION,,,
3883,5150,23/12/2024 14:18,2024-12-23 15:30:56,000022881,UFC FC YANGCHOW20G,UFC,2,30,SM Supermarket,SM SUPERMARKET BACOOR,,,
4644,5151,21/12/2024 16:12,2024-12-23 15:34:58,0400100568,UFC 2N1 SPAGHETTI SCE 12/1KG,UFC,1,84.5,SM Savemore,SAVEMORE ANGONO 2,,,
7293,5157,23/12/2024 15:43,2024-12-23 18:12:42,2800012486,UFC BNNA CTSUP 4K,UFC,1,69.5,SM Savemore,SAVEMORE MARULAS,,,
1804,5159,23/12/2024 16:03,2024-12-23 19:18:48,0000043677,UFC HAPI FIESTA VEGETABLE OIL 24,UFC,1,114,Robinsons Supermarket,ROBINSONS CLOVERLEAF,,,
1804,5159,23/12/2024 16:03,2024-12-23 19:18:48,0000043677,UFC B.CATSUP 320GSPC,UFC,1,25,Robinsons Supermarket,ROBINSONS CLOVERLEAF,,,
11229,5160,23/12/2024 18:12,2024-12-23 19:22:41,0700273120,MT LECHONSCE HT325,Mang Tomas,1,38.5,SM Savemore,SAVEMORE PILI,,,
11229,5160,23/12/2024 18:12,2024-12-23 19:22:41,0700273120,UFC BNNA CTSUP 4K,UFC,1,69.5,SM Savemore,SAVEMORE PILI,,,
13772,5164,23/12/2024 16:18,2024-12-23 19:54:04,4100006181,*MDF_UFC CREAM OF MUSHROO,UFC,4,174,SM Savemore,SAVEMORE SALITRAN,,,
13772,5164,23/12/2024 16:18,2024-12-23 19:54:04,4100006181,UFC HOT SAUCE 100G,UFC,3,88.5,SM Savemore,SAVEMORE SALITRAN,,,
13772,5164,23/12/2024 16:18,2024-12-23 19:54:04,4100006181,JufranSweetChli285,Jufran,1,50,SM Savemore,SAVEMORE SALITRAN,,,
3728,5168,23/12/2024 13:30,2024-12-23 20:25:44,0000013021,CC*UFC BNNA CTSUP 1K,UFC,1,68.75,Robinsons Supermarket,ROBINSONS RP OTIS,,,
13789,5177,23/12/2024 17:25,2024-12-23 20:58:01,1800134203,UFC SPAGHETTI SUPREME PARTY PACK,UFC,1,121.5,SM Savemore,SAVEMORE CITY MALL CONSOLACION,,,
13832,5196,23/12/2024 17:25,2024-12-23 23:58:18,68000800026512,$UFC GFP/OL1LSUP,UFC,2,238,Puregold,Puregold - Trece Martires,,,
13832,5196,23/12/2024 17:25,2024-12-23 23:58:18,68000800026512,DP SOYSCE 1L,Datu Puti,1,51,Puregold,Puregold - Trece Martires,,,
13832,5196,23/12/2024 17:25,2024-12-23 23:58:18,68000800026512,<<SS CANE VIN350ML,Silver Swan,2,33.5,Puregold,Puregold - Trece Martires,,,
13323,5198,12/11/2025 19:54,2024-12-24 00:15:26,00-008628,PAPA BKTCHP REG 1KG/12,Papa,1,71,WalterMart Supermarket Inc,WALTERMART TALAVERA,,,
2664,5199,23/12/2024 11:04,2024-12-24 01:05:53,810478,GF PALM OIL 1L SUP,Golden Fiesta,1,118.5,SM Savemore,SAVEMORE BAGBAGUIN,,,
2664,5199,23/12/2024 11:04,2024-12-24 01:05:53,810478,SILVR SWAN VIN3785,Silver Swan,1,19.5,SM Savemore,SAVEMORE BAGBAGUIN,,,
2664,5199,23/12/2024 11:04,2024-12-24 01:05:53,810478,S/SWAN SOY340/350M,Silver Swan,1,20,SM Savemore,SAVEMORE BAGBAGUIN,,,
8623,5200,11/12/2024 11:40,2024-12-24 06:59:36,03-00233777,LOCALLY GYBNO240ML,Locally,1,35.95,SM Savemore,SAVEMORE MUZON,,,
13776,5201,12/11/2025 11:34,2024-12-24 07:20:36,000105284 11,UFC WHOLE MUSHROOMS 24/400G,UFC,1,54.5,SM Supermarket,SM SUPERMARKET BATAAN,,,
4527,5202,24/12/2024 8:02,2024-12-24 09:15:09,396-006-00279361,GFSTA/POC485MLPI,Golden Fiesta,1,80,Puregold,PUREGOLD ILWAS,,,
4527,5202,24/12/2024 8:02,2024-12-24 09:15:09,396-006-00279361,DPOYSTERRIFICSCE150G,Datu Puti,1,13,Puregold,PUREGOLD ILWAS,,,
4527,5202,24/12/2024 8:02,2024-12-24 09:15:09,396-006-00279361,UFC FC SFDY/CHW20G,UFC,1,15,Puregold,PUREGOLD ILWAS,,,
13008,5203,23/12/2024 17:38,2024-12-24 09:42:43,00-055839,PAPA SPSAU PASTA PACK/12,Papa,1,210,WalterMart Supermarket Inc,WALTERMART TAYTAY,,,
13008,5203,23/12/2024 17:38,2024-12-24 09:42:43,00-055839,*MDF_UFC BKTCHP POUCH 320,UFC,1,25.5,WalterMart Supermarket Inc,WALTERMART TAYTAY,,,
13008,5204,23/12/2024 17:38,2024-12-24 10:16:15,00-055639,PAPA SPSAU PASTA PACK/12,Papa,1,105,WalterMart Supermarket Inc,WALTERMART TAYTAY,,,
13008,5204,23/12/2024 17:38,2024-12-24 10:16:15,00-055639,*MDF_UFC BKTCHP POUCH 320,UFC,1,25.5,WalterMart Supermarket Inc,WALTERMART TAYTAY,,,
12896,5205,23/12/2024 19:03,2024-12-24 10:29:15,000101555,UFC WHOLE CORN KERNEL 48/185G,UFC,1,77,SM Hypermarket,HYPERMARKET CUBAO,,,
13960,5206,12/05/2025 16:54,2024-12-24 10:40:18,11152416,DPUTI VIN 1LT PET/12,Datu Puti,1,43,WalterMart Supermarket Inc,WALTERMART GAPAN,,,
526,5208,22/12/2024 19:48,2024-12-24 11:04:08,136-010-00082129,$UFC GF CNLA OIL1,UFC,2,268,Puregold,PUREGOLD NOVALICHES,,,
527,5210,24/12/2024 8:43,2024-12-24 11:30:30,0000357382,UFC CRAB AND CORN60G,UFC,1,51,Robinsons Easymart,EASYMART SHOP 'N RIDE NOVALICHES,,,
2349,5211,24/12/2024 8:43,2024-12-24 11:35:13,0000357381,SLVRSWN SUKAPTI350ML,Silver Swan,1,18,Robinsons Supermarket,EASYMART SANTA MONICA,,,
528,5212,24/12/2024 8:44,2024-12-24 11:36:54,0000357383,DP WHTVNGR PET 385ML,Datu Puti,1,19.5,Robinsons Easymart,EASYMART SHOP 'N RIDE NOVALICHES,,,
2542,5216,27/07/2024 20:47,2024-12-24 12:47:20,014687150,GF PALM OIL 1L SUP,Golden Fiesta,5,592.5,SM Hypermarket,HYPERMARKET DASMARINAS,,,
2045,5221,24/12/2024 10:55,2024-12-24 13:41:36,00-014701,*MDF_UFC BKTCHP REG 1KG/1,UFC,1,69.5,WalterMart Supermarket Inc,WALTERMART TRECE MARTIRES,,,
2045,5221,24/12/2024 10:55,2024-12-24 13:41:36,00-014701,DPUTI FSCE PATIS 1LT/12,Datu Puti,1,77,WalterMart Supermarket Inc,WALTERMART TRECE MARTIRES,,,
8384,5222,24/12/2024 13:31,2024-12-24 14:01:35,27902000451863,HAPI FSTA VEG 1L,Hapi Fiesta,1,113,Puregold,PUREGOLD TERRACES,,,
8384,5222,24/12/2024 13:31,2024-12-24 14:01:35,27902000451863,UFC GI/BAG REG250G,UFC,1,90.5,Puregold,PUREGOLD TERRACES,,,
7703,5223,23/12/2024 16:19,2024-12-24 14:10:48,000049668,SLVRSWN VNGR 1L,Silver Swan,1,39.5,SM Supermarket,SM Supermarket - Sto. Tomas Batangas,,,
7703,5223,23/12/2024 16:19,2024-12-24 14:10:48,000049668,UFC CORN KRNEL425G,UFC,1,41.5,SM Supermarket,SM Supermarket - Sto. Tomas Batangas,,,
4063,5225,15/12/2024 17:33,2024-12-24 15:19:05,0000005151,HAPI FSTA VEG 1L,Hapi Fiesta,1,112.5,SM Supermarket,SM SUPERMARKET CONSOLACION,,,
1343,5226,24/12/2024 15:20,2024-12-24 15:30:46,13600500045001,UFC SWT CHILI 340,UFC,1,41.6,Puregold,PUREGOLD MONTALBAN,,,
1343,5226,24/12/2024 15:20,2024-12-24 15:30:46,13600500045001,M.TOMAS LCHNSCE325,Mang Tomas,1,35,Puregold,PUREGOLD MONTALBAN,,,
1343,5226,24/12/2024 15:20,2024-12-24 15:30:46,13600500045001,<< UFC T/A B/KET32,UFC,1,26,Puregold,PUREGOLD MONTALBAN,,,
5368,5227,24/12/2024 11:17,2024-12-24 16:23:38,0000120323,UFC SWTCHLI SCE 340G,UFC,9,409.5,Robinsons Supermarket,ROBINSONS BORACAY,,,
2750,5230,20/12/2024 15:39,2024-12-24 16:59:24,49600400060543,MT LECHON SCE550G,Mang Tomas,1,48.5,Puregold,PUREGOLD JR SAN JOSE DEL MONTE BULACAN,,,
2750,5230,20/12/2024 15:39,2024-12-24 16:59:24,49600400060543,UFC BA/C 550G/530G,UFC,1,44.25,Puregold,PUREGOLD JR SAN JOSE DEL MONTE BULACAN,,,
645,5232,24/12/2024 10:20,2024-12-24 17:19:17,65500500011020,<< UFC T/A B/KET32,UFC,2,52,Puregold,Puregold San Miguel,,,
645,5232,24/12/2024 10:20,2024-12-24 17:19:17,65500500011020,$UFC GFPOI3.785L,UFC,1,455,Puregold,Puregold San Miguel,,,
3849,5233,24/12/2024 14:00,2024-12-24 17:34:58,0000140018,LOCALLY RIPE MANGO1L,Locally,1,33,Robinsons Supermarket,ROBINSONS SOUTH PARK,,,
3849,5233,24/12/2024 14:00,2024-12-24 17:34:58,0000140018,UFC MSHRM WHOLE 400G,UFC,1,60,Robinsons Supermarket,ROBINSONS SOUTH PARK,,,
3849,5233,24/12/2024 14:00,2024-12-24 17:34:58,0000140018,UFC SPAG SWAKTOPACK,UFC,1,71.75,Robinsons Supermarket,ROBINSONS SOUTH PARK,,,
7617,5240,24/12/2024 18:05,2024-12-24 19:15:37,2300108265,UFC RICEMX FUNCHW BLGGI 2,UFC,1,20,SM Savemore,SAVEMORE TALISAY,,,
7617,5240,24/12/2024 18:05,2024-12-24 19:15:37,2300108265,UFC PIECES AND STEM 48/198G,UFC,1,33,SM Savemore,SAVEMORE TALISAY,,,
14075,5243,20/12/2024 15:40,2024-12-24 19:31:09,31800600277617,M.TOMAS LCHNSCE325,Mang Tomas,2,69.8,Puregold,PUREGOLD DEPARO,,,
913,5251,24/12/2024 16:41,2024-12-25 01:08:34,40-00005436,UFC P&S MSHRM 400G,UFC,1,49,SM Savemore,SAVEMORE NAGTAHAN,,,
913,5251,24/12/2024 16:41,2024-12-25 01:08:34,40-00005436,HAPI FSTA VEG 1L,Hapi Fiesta,1,112.5,SM Savemore,SAVEMORE NAGTAHAN,,,
913,5251,24/12/2024 16:41,2024-12-25 01:08:34,40-00005436,SS SOY SCE 500ML,Silver Swan,1,10.65,SM Savemore,SAVEMORE NAGTAHAN,,,
913,5251,24/12/2024 16:41,2024-12-25 01:08:34,40-00005436,SLVRSWN SUKAPTI350ML,Silver Swan,1,7.75,SM Savemore,SAVEMORE NAGTAHAN,,,
526,5253,24/12/2024 9:27,2024-12-25 02:50:23,0000057240,SLVR SWN SOY SCE1L,Silver Swan,1,24.75,Robinsons Easymart,Robinsons Easymart - SUSANO COMMERCIAL COMPLEX,,,
527,5254,24/12/2024 9:26,2024-12-25 02:57:04,0000057239,DP SOY SAUCE 385ML,Datu Puti,1,23,Robinsons Easymart,EASYMART SHOP 'N RIDE NOVALICHES,,,
14132,5255,19/12/2024 13:06,2024-12-25 04:49:12,010741023 13,UFC SPAGHETTI SAUCE 500G/36 500,UFC,1,47.5,SM Supermarket,SM SUPERMARKET MANDURRIAO,,,
14132,5255,19/12/2024 13:06,2024-12-25 04:49:12,010741023 13,UFC BANANA CTSUP200G,UFC,1,18.5,SM Supermarket,SM SUPERMARKET MANDURRIAO,,,
930,5258,17/12/2024 10:18,2024-12-25 08:30:34,0000190043,DP PRSPCKVIN1LSSCE1L,Datu Puti,1,90,Robinsons Easymart,Robinsons Easymart - Cebu South Road Pardo,,,
2542,5260,27/07/2024 20:47,2024-12-25 09:32:22,014627647,GF PALM OIL 1L SUP,Golden Fiesta,5,592.5,SM Hypermarket,HYPERMARKET DASMARINAS,,,
4063,5264,23/12/2024 17:19,2024-12-25 11:30:40,0000004211,HAPI FSTA VEG 1L,Hapi Fiesta,1,112.5,SM Supermarket,SM SUPERMARKET CONSOLACION,,,
4310,5265,23/12/2024 10:09,2024-12-25 11:32:13,000038686,GOLDEN FIESTA CANOLA OIL 1L/12,Golden Fiesta,1,127,SM Hypermarket,HYPERMARKET CUBAO,,,
4310,5265,23/12/2024 10:09,2024-12-25 11:32:13,000038686,MT LECHONSCE HT325,Mang Tomas,1,38.5,SM Hypermarket,HYPERMARKET CUBAO,,,
13418,5266,24/12/2024 16:25,2024-12-25 12:46:06,010639526,LOCALLY DALANDAN 1L,Locally,1,89.5,SM Hypermarket,HYPERMARKET SUCAT 2 LOPEZ,,,
13418,5266,24/12/2024 16:25,2024-12-25 12:46:06,010639526,LOCALLY GUYABANO 1L,Locally,1,89.5,SM Hypermarket,HYPERMARKET SUCAT 2 LOPEZ,,,
5210,5273,24/12/2024 11:49,2024-12-25 13:54:06,010114492,LOCALLY GUYABANO 1L,Locally,1,89.5,SM Hypermarket,HYPERMARKET PULILAN,,,
12964,5274,25/12/2024 12:32,2024-12-25 14:20:51,269-008-00233047,M.TOMAS LCHNSCE325,Mang Tomas,2,70,Puregold,Puregold - Manila,,,
5201,5276,24/12/2024 17:22,2024-12-25 16:06:14,000006942,UFC BANANA CATSU 24/320 GRAMS.,UFC,1,28.5,SM Supermarket,SM SUPERMARKET BACOOR,,,
5201,5276,24/12/2024 17:22,2024-12-25 16:06:14,000006942,GOLDEN FIESTA CANOLA OIL 1L/12,Golden Fiesta,1,134,SM Supermarket,SM SUPERMARKET BACOOR,,,
517,5277,25/12/2024 13:53,2024-12-25 16:06:44,18-00270245,UFC BNNA CTSUP 4K,UFC,1,69.5,SM Savemore,SAVEMORE SOLANO 2,,,
517,5280,25/12/2024 13:54,2024-12-25 16:25:05,1800270246,UFC CORN KRNEL425G,UFC,1,41.5,SM Savemore,SAVEMORE SOLANO 2,,,
7236,5282,15/12/2024 20:51,2024-12-25 16:44:36,000107914,MT LECHONSCE HT325,Mang Tomas,1,38.5,SM Supermarket,SM SUPERMARKET MARIKINA,,,
5368,5288,25/12/2024 16:02,2024-12-25 18:04:28,0000102834,SLVR SWN SOY SCE1L,Silver Swan,1,221.5,Robinsons Supermarket,ROBINSONS BORACAY,,,
5368,5288,25/12/2024 16:02,2024-12-25 18:04:28,0000102834,*MDF_UFC COCONUT CREAM400,UFC,10,700,Robinsons Supermarket,ROBINSONS BORACAY,,,
5368,5288,25/12/2024 16:02,2024-12-25 18:04:28,0000102834,UFC MSHRM WHOLE 400G,UFC,6,396,Robinsons Supermarket,ROBINSONS BORACAY,,,
14201,5292,25/12/2024 18:02,2024-12-25 18:47:57,0000118323,JFRN RED H CHILI165,Jufran,1,49.75,Robinsons Supermarket,ROBINSONS CENTRO MALL CABUYAO,,,
3728,5293,25/12/2024 18:04,2024-12-25 18:59:33,05-00209422,LOCALLY RMANGO 240ML,Locally,1,114.5,SM Savemore,SAVEMORE NAGTAHAN,,,
3728,5293,25/12/2024 18:04,2024-12-25 18:59:33,05-00209422,LOCALLY PGUAVA 1L,Locally,1,114.5,SM Savemore,SAVEMORE NAGTAHAN,,,
14383,5296,05/12/2024 18:19,2024-12-25 19:28:24,0000241020,DP VNGR PCH 350ML,Datu Puti,1,18,Robinsons Easymart,EASYMART MERCEDES,,,
14384,5298,14/12/2024 8:41,2024-12-25 19:30:56,0000115786,UFC BNANA CATSUP POUCH 320G/36,UFC,1,28.5,Robinsons Supermarket,ROBINSONS CENTRO MALL CABUYAO,,,
14384,5298,14/12/2024 8:41,2024-12-25 19:30:56,0000115786,DP WHT VNGR BTL350ML,Datu Puti,1,17.5,Robinsons Supermarket,ROBINSONS CENTRO MALL CABUYAO,,,
9824,5300,22/12/2024 13:45,2024-12-25 20:07:29,49400800005370,D/PUTI S/SCE340ML,Datu Puti,24,456,Puregold,Puregold - Pinamalayan,,,
9824,5300,22/12/2024 13:45,2024-12-25 20:07:29,49400800005370,DP SOYSCE 1L,Datu Puti,1,51,Puregold,Puregold - Pinamalayan,,,
14397,5301,25/12/2024 16:06,2024-12-25 20:17:00,06-00030901,LOCALLY DLNDN240ML,Locally,1,35.95,SM Savemore,SAVEMORE SUBIC,,,
14397,5301,25/12/2024 16:06,2024-12-25 20:17:00,06-00030901,LOCALLY GYBNO240ML,Locally,1,35.95,SM Savemore,SAVEMORE SUBIC,,,
14344,5302,10/12/2024 16:23,2024-12-25 20:20:51,13502000384779,UFC S/FST C/OILP1L,UFC,1,120.75,Puregold,Puregold - FAIRVIEW AVENUE. FAIRVIEW PARK,,,
14344,5302,10/12/2024 16:23,2024-12-25 20:20:51,13502000384779,<< UFC T/A B/KET32,UFC,1,27.5,Puregold,Puregold - FAIRVIEW AVENUE. FAIRVIEW PARK,,,
14344,5303,25/12/2024 12:51,2024-12-25 20:47:53,135-017-00117391,UFC BA/C 550G/530G,UFC,1,44.25,Puregold,Puregold - FAIRVIEW AVENUE. FAIRVIEW PARK,,,
5368,5306,25/12/2024 19:27,2024-12-25 21:31:24,10-00170829,UFC MSHRM PSTM400G2S,UFC,5,475,SM Savemore,SAVEMORE BORACAY,,,
5368,5306,25/12/2024 19:27,2024-12-25 21:31:24,10-00170829,UFC CORN KRNEL425G,UFC,3,124.5,SM Savemore,SAVEMORE BORACAY,,,
9740,5307,23/12/2024 21:09,2024-12-25 21:57:47,0000005542,UFC BANANA CATSUP 18/550G,UFC,1,50.75,Robinsons Supermarket,ROBINSONS - California Garden Square,,,
9740,5307,23/12/2024 21:09,2024-12-25 21:57:47,0000005542,UFC GROUND PEPPER30G,UFC,1,51,Robinsons Supermarket,ROBINSONS - California Garden Square,,,
4644,5308,21/12/2024 16:11,2024-12-25 22:48:34,0400100567,SPR FSTA COCO 1L PET,UFC,1,133.5,SM Savemore,SAVEMORE ANGONO 2,,,
4644,5309,21/12/2024 16:10,2024-12-25 23:24:34,04-00100566,UFC BNNA CTSUP530G,UFC,1,126.5,SM Savemore,SAVEMORE ANGONO 2,,,
930,5316,23/11/2024 11:52,2024-12-26 08:15:56,0000329251,UFC SPAG SWAKTOPACK,UFC,1,69.5,Robinsons Supermarket,EASYMART SANTA MONICA,,,
930,5318,20/12/2024 17:34,2024-12-26 08:43:00,0000134744,*MDF_UFC CHICKEN AND CORN,UFC,1,51,Shopwise,SHOPWISE SUDTUNGAN,,,
930,5323,22/11/2024 17:18,2024-12-26 10:05:23,0000232547,*MDF_UFC CHICKEN AND CORN,UFC,1,57,Robinsons Supermarket,ROBINSONS MINGLANILLA,,,
930,5324,22/11/2024 17:18,2024-12-26 10:05:23,0000232547,*MDF_UFC CHICKEN AND CORN,UFC,1,51,Robinsons Easymart,Robinsons Easymart - Cebu South Road Pardo,,,
930,5332,25/12/2024 10:56,2024-12-26 10:34:07,0000192341,UFC FUNCHOW MEATY20G,UFC,1,16.75,Robinsons Supermarket,ROBINSONS MINGLANILLA,,,
14356,5333,26/12/2024 9:13,2024-12-26 10:35:57,197-002-00644097,DP WHT VNGR 200ML,Datu Puti,6,46.2,Puregold,PUREGOLD EXTRA PARANG,,,
14356,5333,26/12/2024 9:13,2024-12-26 10:35:57,197-002-00644097,DPOYSTERRIFICSCE150G,Datu Puti,6,78,Puregold,PUREGOLD EXTRA PARANG,,,
14356,5333,26/12/2024 9:13,2024-12-26 10:35:57,197-002-00644097,<< UFC T/A B/KET32,UFC,2,52,Puregold,PUREGOLD EXTRA PARANG,,,
14356,5333,26/12/2024 9:13,2024-12-26 10:35:57,197-002-00644097,UFC SWT CHILI 340,UFC,1,41.6,Puregold,PUREGOLD EXTRA PARANG,,,
14356,5333,26/12/2024 9:13,2024-12-26 10:35:57,197-002-00644097,MT LECHONSCE HT325,Mang Tomas,1,36,Puregold,PUREGOLD EXTRA PARANG,,,
14356,5333,26/12/2024 9:13,2024-12-26 10:35:57,197-002-00644097,DPPINOYSPICE 375ML,Datu Puti,1,93.75,Puregold,PUREGOLD EXTRA PARANG,,,
12563,5337,12/07/2025 20:29,2024-12-26 10:57:37,00-045906,*MDF_UFC BKTCHP REG 1KG/1,UFC,1,69.5,WalterMart Supermarket Inc,WALTERMART BICUTAN,,,
12563,5337,12/07/2025 20:29,2024-12-26 10:57:37,00-045906,MTOMS SCE LECHON REG 325G,Mang Tomas,1,38,WalterMart Supermarket Inc,WALTERMART BICUTAN,,,
4005,5339,24/12/2024 18:45,2024-12-26 11:39:53,108-019-00142512,DP WHT VIN 1L,Datu Puti,1,41.25,Puregold,Puregold - SINGKAMAS MAKATI,,,
4005,5339,24/12/2024 18:45,2024-12-26 11:39:53,108-019-00142512,UFC CRB & CORN60G,UFC,1,49.25,Puregold,Puregold - SINGKAMAS MAKATI,,,
4005,5339,24/12/2024 18:45,2024-12-26 11:39:53,108-019-00142512,UFC CHICK&CORN60G,UFC,1,49.25,Puregold,Puregold - SINGKAMAS MAKATI,,,
4005,5339,24/12/2024 18:45,2024-12-26 11:39:53,108-019-00142512,$UFC GF CNLA OIL1,UFC,1,134,Puregold,Puregold - SINGKAMAS MAKATI,,,
4005,5339,24/12/2024 18:45,2024-12-26 11:39:53,108-019-00142512,UFC WHL MSHRM 198G,UFC,3,113.7,Puregold,Puregold - SINGKAMAS MAKATI,,,
4005,5339,24/12/2024 18:45,2024-12-26 11:39:53,108-019-00142512,UFC WHLCORNKRN185G,UFC,1,34.5,Puregold,Puregold - SINGKAMAS MAKATI,,,
4005,5339,24/12/2024 18:45,2024-12-26 11:39:53,108-019-00142512,UFC GRN PEAS 155G,UFC,1,13.6,Puregold,Puregold - SINGKAMAS MAKATI,,,
4005,5339,24/12/2024 18:45,2024-12-26 11:39:53,108-019-00142512,<< UFC T/A B/KET32,UFC,1,26,Puregold,Puregold - SINGKAMAS MAKATI,,,
12563,5340,12/07/2025 20:26,2024-12-26 11:41:33,00-045905,HFSTA OIL VEG SUP 1.8L/6,Hapi Fiesta,1,112.5,WalterMart Supermarket Inc,WALTERMART BICUTAN,,,
5461,5341,26/12/2024 11:04,2024-12-26 11:45:13,0000393900,LOCALLY DALANDAN 1L,Locally,2,169.5,Robinsons Supermarket,ROBINSONS BEE HIVE MALL VALENZUELA,,,
5461,5341,26/12/2024 11:04,2024-12-26 11:45:13,0000393900,UFC GREEN PEAS 155G,UFC,6,82.5,Robinsons Supermarket,ROBINSONS BEE HIVE MALL VALENZUELA,,,
5461,5341,26/12/2024 11:04,2024-12-26 11:45:13,0000393900,UFC MSHRM WHOLE198G,UFC,1,38.25,Robinsons Supermarket,ROBINSONS BEE HIVE MALL VALENZUELA,,,
13649,5342,24/12/2024 8:33,2024-12-26 11:52:45,24-00106851,UFC CREAMSTYLE425G,UFC,1,42.5,SM Savemore,SAVEMORE PILI,,,
13649,5342,24/12/2024 8:33,2024-12-26 11:52:45,24-00106851,UFC GI/BAG REG250G,UFC,1,91.5,SM Savemore,SAVEMORE PILI,,,
11857,5343,25/12/2024 13:40,2024-12-26 12:11:24,000020336,DP SOYSCE 1L,Datu Puti,1,51,SM Hypermarket,HYPERMARKET MARILAO,,,
8440,5348,24/12/2024 16:54,2024-12-26 13:22:04,11-00015673,GF PALM OIL 1L SUP,Golden Fiesta,1,219.5,SM Savemore,SAVEMORE PAROLA,,,
13832,5349,15/12/2024 17:09,2024-12-26 14:34:11,68000800025887,DP PATIS 350ML,Datu Puti,1,25,Puregold,Puregold - Trece Martires,,,
13832,5349,15/12/2024 17:09,2024-12-26 14:34:11,68000800025887,UFC S/FST C/OILP1L,UFC,1,118.75,Puregold,Puregold - Trece Martires,,,
14587,5356,26/12/2024 14:59,2024-12-26 15:28:36,82800400281094,UFC/SFCNTOILP350ML,UFC,1,42,Puregold,PUREGOLD JR BATASAN,,,
14589,5360,26/12/2024 14:55,2024-12-26 15:49:58,82800400281090,UFC CHICK&CORN60G,UFC,1,4.25,Puregold,PUREGOLD JR BATASAN,,,
3285,5362,26/12/2024 15:45,2024-12-26 16:03:56,0000024881,LOCALLY DALANDAN 1L,Locally,1,84.75,Robinsons Supermarket,ROBINSONS SAN CARLOS,,,
3285,5362,26/12/2024 15:45,2024-12-26 16:03:56,0000024881,MT LECHON SCE550G,Mang Tomas,1,37.5,Robinsons Supermarket,ROBINSONS SAN CARLOS,,,
3285,5362,26/12/2024 15:45,2024-12-26 16:03:56,0000024881,UFC BANANA CTSUP200G,UFC,1,28.5,Robinsons Supermarket,ROBINSONS SAN CARLOS,,,
3285,5362,26/12/2024 15:45,2024-12-26 16:03:56,0000024881,*MDF_UFC CHICKEN AND CORN,UFC,2,99,Robinsons Supermarket,ROBINSONS SAN CARLOS,,,
3285,5362,26/12/2024 15:45,2024-12-26 16:03:56,0000024881,UFC CHSY AP SCE200G,UFC,1,89.5,Robinsons Supermarket,ROBINSONS SAN CARLOS,,,
3285,5362,26/12/2024 15:45,2024-12-26 16:03:56,0000024881,UFC CRAB AND CORN60G,UFC,2,89,Robinsons Supermarket,ROBINSONS SAN CARLOS,,,
8369,5368,26/12/2024 15:56,2024-12-26 16:56:04,0000018115,DP PRSPCKVIN1LSSCE1L,Datu Puti,1,90,Robinsons Easymart,EASYMART POBLACION,,,
8369,5368,26/12/2024 15:56,2024-12-26 16:56:04,0000018115,MT LECHONSCE HOT325G,Mang Tomas,1,41,Robinsons Easymart,EASYMART POBLACION,,,
8369,5368,26/12/2024 15:56,2024-12-26 16:56:04,0000018115,UFC B.CATSUP 320GSPC,UFC,1,25.5,Robinsons Easymart,EASYMART POBLACION,,,
8369,5368,26/12/2024 15:56,2024-12-26 16:56:04,0000018115,UFC BC HOT 320G,UFC,2,72,Robinsons Easymart,EASYMART POBLACION,,,
14548,5370,27/11/2024 16:54,2024-12-26 17:07:27,0000330064,UFC SPAGHETTI SAUCE 500G/36 500,UFC,1,52.5,Robinsons Easymart,Robinsons Easymart - Cebu South Road Pardo,,,
5830,5372,26/12/2024 16:07,2024-12-26 17:51:59,0000192638,CC*UFC BNNA CTSUP 1K,UFC,2,140,Robinsons Easymart,Robinsons Easymart - Cebu South Road Pardo,,,
5830,5372,26/12/2024 16:07,2024-12-26 17:51:59,0000192638,SPR FSTA COCO 1L SUP,UFC,3,355.5,Robinsons Easymart,Robinsons Easymart - Cebu South Road Pardo,,,
5830,5372,26/12/2024 16:07,2024-12-26 17:51:59,0000192638,UFC BC HOT 320G,UFC,1,36,Robinsons Easymart,Robinsons Easymart - Cebu South Road Pardo,,,
5830,5372,26/12/2024 16:07,2024-12-26 17:51:59,0000192638,UFC SWTCHLI SCE 340G,UFC,1,45.25,Robinsons Easymart,Robinsons Easymart - Cebu South Road Pardo,,,
14633,5374,24/12/2024 15:32,2024-12-26 19:13:28,0000110961,DP SOY SAUCE 385ML,Datu Puti,1,22.5,Robinsons Supermarket,ROBINSONS RP GALLERIA,,,
14633,5374,24/12/2024 15:32,2024-12-26 19:13:28,0000110961,DPOYSTERRIFICSCE150G,Datu Puti,1,29.75,Robinsons Supermarket,ROBINSONS RP GALLERIA,,,
14633,5374,24/12/2024 15:32,2024-12-26 19:13:28,0000110961,SPR FSTA COCO 1L SUP,UFC,1,125,Robinsons Supermarket,ROBINSONS RP GALLERIA,,,
14633,5374,24/12/2024 15:32,2024-12-26 19:13:28,0000110961,UFC MUSHRM PCSSTM198,UFC,1,34.75,Robinsons Supermarket,ROBINSONS RP GALLERIA,,,
470,5375,26/12/2024 19:34,2024-12-26 19:38:12,0000333302,LOCALLY GUYABANO 1L,Locally,2,70.5,Robinsons Easymart,EASTMART - SOCORRO CUBAO,,,
8369,5379,26/12/2024 10:16,2024-12-26 21:00:31,72001000330413,JUF THAI SCE 750ML,Jufran,1,108.25,Puregold,PUREGOLD SAN JOSE DEL MONTE BULACAN,,,
8369,5379,26/12/2024 10:16,2024-12-26 21:00:31,72001000330413,MT LECHON SCE550G,Mang Tomas,1,48.5,Puregold,PUREGOLD SAN JOSE DEL MONTE BULACAN,,,
8369,5379,26/12/2024 10:16,2024-12-26 21:00:31,72001000330413,DP WHT VIN 1L,Datu Puti,1,41.25,Puregold,PUREGOLD SAN JOSE DEL MONTE BULACAN,,,
8369,5379,26/12/2024 10:16,2024-12-26 21:00:31,72001000330413,HAPI FSTA SUP 2L,Hapi Fiesta,1,205,Puregold,PUREGOLD SAN JOSE DEL MONTE BULACAN,,,
6608,5381,23/12/2024 12:11,2024-12-26 21:33:32,44400100192218,DP SOYSCE 1L,Datu Puti,12,612,Puregold,"Puregold - TANGOS,BALIUAG,BULACAN",,,
11908,5395,26/12/2024 18:55,2024-12-26 23:25:53,64100600083982,DP SOY SCE 200ML,Datu Puti,1,9.95,Puregold,PUREGOLD JR KARUHATAN,,,
11908,5395,26/12/2024 18:55,2024-12-26 23:25:53,64100600083982,DP WHT VNGR 200ML,Datu Puti,1,7.7,Puregold,PUREGOLD JR KARUHATAN,,,
7617,5396,26/12/2024 15:14,2024-12-26 23:35:07,2100237941,LOCALLY GUYABANO 1L,Locally,1,94.5,SM Savemore,SAVEMORE TALISAY,,,
11908,5397,26/12/2024 15:55,2024-12-26 23:37:07,641-002-00006941,DP WHT VNGR 200ML,Datu Puti,1,7.7,Puregold,PUREGOLD JR KARUHATAN,,,
11908,5397,26/12/2024 15:55,2024-12-26 23:37:07,641-002-00006941,DP SOY SCE 200ML,Datu Puti,1,9.95,Puregold,PUREGOLD JR KARUHATAN,,,
11908,5397,26/12/2024 15:55,2024-12-26 23:37:07,641-002-00006941,DP PATIS 350ML,Datu Puti,1,13.4,Puregold,PUREGOLD JR KARUHATAN,,,
913,5398,20/12/2024 11:36,2024-12-26 23:53:57,3500235982,HAPI FSTA VEG 1L,Hapi Fiesta,1,112.5,SM Savemore,SAVEMORE NAGTAHAN,,,
2542,5406,27/07/2024 20:47,2024-12-27 08:07:38,027687647,GF PALM OIL 1L SUP,Golden Fiesta,5,592.5,SM Hypermarket,HYPERMARKET DASMARINAS,,,
3519,5407,27/12/2024 8:05,2024-12-27 08:56:11,0000173028,SO*DP WHT VNGR 1LX12,Datu Puti,1,47,Robinsons Easymart,EASTMART - MUNOZ,,,
3519,5407,27/12/2024 8:05,2024-12-27 08:56:11,0000173028,SPR FSTA COCO 1L SUP,UFC,1,118.5,Robinsons Easymart,EASTMART - MUNOZ,,,
3519,5407,27/12/2024 8:05,2024-12-27 08:56:11,0000173028,UFC2IN1 SPAGSCE1KG,UFC,1,85,Robinsons Easymart,EASTMART - MUNOZ,,,
3519,5407,27/12/2024 8:05,2024-12-27 08:56:11,0000173028,UFCBAGOONGSPCY250G,UFC,1,105,Robinsons Easymart,EASTMART - MUNOZ,,,
5368,5408,26/12/2024 19:51,2024-12-27 09:07:33,0000095474,UFC MSHRM WHOLE 400G,UFC,8,528,Robinsons Supermarket,ROBINSONS BORACAY,,,
3887,5409,27/12/2024 7:53,2024-12-27 09:07:34,140-011-00265891,UFC CHICK&CORN60G,UFC,1,49.25,Puregold,PUREGOLD ANGELES,,,
3887,5409,27/12/2024 7:53,2024-12-27 09:07:34,140-011-00265891,UFC CRB & CORN60G,UFC,1,49.25,Puregold,PUREGOLD ANGELES,,,
5368,5410,26/12/2024 19:45,2024-12-27 09:14:54,0000095473,UFC MSHRM WHOLE 400G,UFC,10,660,Robinsons Supermarket,ROBINSONS BORACAY,,,
13740,5411,23/12/2024 0:00,2024-12-27 10:00:18,401-009-00090273,HAPI FSTA SUP 2L,Hapi Fiesta,1,205,Puregold,PUREGOLD MONTALBAN,,,
526,5412,26/12/2024 17:26,2024-12-27 10:03:57,82-00013592,SLVRSWN SUKAPTI350ML,Silver Swan,1,19,SM Savemore,SAVEMORE NOVALICHES,,,
527,5413,26/12/2024 17:52,2024-12-27 10:05:29,0000146897,SLVRSWN SUKAPTI350ML,Silver Swan,1,18,Robinsons Easymart,Robinsons Easymart - SUSANO COMMERCIAL COMPLEX,,,
528,5414,26/12/2024 17:51,2024-12-27 10:12:09,0000146895,DP SOY SAUCE 100ML,Datu Puti,1,12,Robinsons Easymart,Robinsons Easymart - SUSANO COMMERCIAL COMPLEX,,,
2349,5415,26/12/2024 17:27,2024-12-27 10:14:29,82-00013594,DATU PUTI VINEGAR JUMBO 30/385,Datu Puti,1,19.5,SM Savemore,SAVEMORE BAGBAGUIN,,,
3166,5417,20/12/2024 18:04,2024-12-27 10:30:21,04-00187243,GF PALM OIL 1L SUP,Golden Fiesta,1,118.5,SM Savemore,SAVEMORE AGORA LUCENA,,,
14743,5418,24/12/2024 17:36,2024-12-27 11:41:17,0000039088,JUFRAN SWCHLISCE330G,Jufran,1,57.5,Robinsons Easymart,EASYMART BURGOS CALAMBA,,,
14743,5418,24/12/2024 17:36,2024-12-27 11:41:17,0000039088,JUFRNSIRACHAHSCE285G,Jufran,1,89.5,Robinsons Easymart,EASYMART BURGOS CALAMBA,,,
14743,5418,24/12/2024 17:36,2024-12-27 11:41:17,0000039088,MT LCHNSCE REG550G,Mang Tomas,1,53,Robinsons Easymart,EASYMART BURGOS CALAMBA,,,
14743,5418,24/12/2024 17:36,2024-12-27 11:41:17,0000039088,SILVER SWAN SUKANG H,Silver Swan,1,44.75,Robinsons Easymart,EASYMART BURGOS CALAMBA,,,
5922,5436,26/12/2024 12:53,2024-12-27 14:22:15,13700800240208,MT SIGA HT&SPC80G,Mang Tomas,16,188,Puregold,PUREGOLD PACO,,,
733,5437,23/12/2024 14:51,2024-12-27 14:25:55,857-005-00113604,M.TOMAS LCHNSCE325,Mang Tomas,72,2520,Puregold,PUREGOLD - NUEVA ECIJA,,,
733,5437,23/12/2024 14:51,2024-12-27 14:25:55,857-005-00113604,MT LECHON SCE550G,Mang Tomas,18,873,Puregold,PUREGOLD - NUEVA ECIJA,,,
733,5437,23/12/2024 14:51,2024-12-27 14:25:55,857-005-00113604,MT LECHONSCE HT325,Mang Tomas,12,432,Puregold,PUREGOLD - NUEVA ECIJA,,,
13784,5439,27/12/2024 13:27,2024-12-27 14:41:16,000014608,MT LECHONSCE HT325,Mang Tomas,1,38.5,SM Supermarket,SM SUPERMARKET BATANGAS,,,
12062,5440,27/12/2024 13:11,2024-12-27 14:43:57,06-00283303,GOLDEN FIESTA SOYA OIL  1L/12 1,Golden Fiesta,1,177.5,SM Savemore,SaveMore Tanauan,,,
12062,5440,27/12/2024 13:11,2024-12-27 14:43:57,06-00283303,UFC CREAMSTYLE425G,UFC,1,42.5,SM Savemore,SaveMore Tanauan,,,
12062,5440,27/12/2024 13:11,2024-12-27 14:43:57,06-00283303,PAPATOMATKTCHP200SUP,Papa,1,19.5,SM Savemore,SaveMore Tanauan,,,
12062,5440,27/12/2024 13:11,2024-12-27 14:43:57,06-00283303,DP OYSTER SCE 170G,Datu Puti,1,44.5,SM Savemore,SaveMore Tanauan,,,
8290,5442,24/12/2024 10:21,2024-12-27 15:28:51,310-002-00510411,DP VINEGAR 1L SUP,Datu Puti,1,39.75,Puregold,PUREGOLD BAGONG SILANG,,,
10268,5444,27/12/2024 14:54,2024-12-27 15:42:22,0000010523,PAPA BNNA CTSUP 2K,Papa,1,28.5,Robinsons Supermarket,ROBINSONS NAGA,,,
10268,5444,27/12/2024 14:54,2024-12-27 15:42:22,0000010523,UFC CREAMSTYLE425G,UFC,1,43.25,Robinsons Supermarket,ROBINSONS NAGA,,,
10268,5444,27/12/2024 14:54,2024-12-27 15:42:22,0000010523,UFC WHL KRNL CORN425,UFC,1,44,Robinsons Supermarket,ROBINSONS NAGA,,,
2542,5447,27/07/2024 20:47,2024-12-27 15:50:43,014682747,GF PALM OIL 1L SUP,Golden Fiesta,5,592.5,SM Hypermarket,HYPERMARKET DASMARINAS,,,
2160,5453,27/12/2024 18:01,2024-12-27 19:03:40,0700038242,DP OYSTERSAUCE70GX48,Datu Puti,1,14,SM Savemore,SM Savemore - Ventura,,,
1045,5456,24/12/2024 16:16,2024-12-27 19:12:51,000210996,LOCALLY RMANGO 240ML,Locally,1,114.5,SM Supermarket,SM SUPERMARKET MEGAMALL B,,,
13832,5457,26/12/2024 18:16,2024-12-27 19:19:11,00014862,GFSTA OIL CANOLA SUP 1LT/,Golden Fiesta,1,140,WalterMart Supermarket Inc,WALTERMART TRECE MARTIRES,,,
13832,5457,26/12/2024 18:16,2024-12-27 19:19:11,00014862,UFC CORN KRNEL425G,UFC,1,43.75,WalterMart Supermarket Inc,WALTERMART TRECE MARTIRES,,,
14829,5458,26/12/2024 18:05,2024-12-27 19:23:33,34801100252167,$UFC T/A B/KTCHP1K,UFC,3,210,Puregold,PUREGOLD BUCANDALA,,,
5368,5460,27/12/2024 19:29,2024-12-27 19:49:05,0000103281,UFC MUSHRM PCSSTM198,UFC,9,571.95,Robinsons Supermarket,ROBINSONS BORACAY,,,
12442,5462,12/10/2024 16:51,2024-12-27 19:52:57,000844084,LOCALLY RMANGO 240ML,Locally,1,109.5,SM Hypermarket,HYPERMARKET PULILAN,,,
12440,5463,27/12/2024 19:21,2024-12-27 19:56:27,0000348934,DP SOY SAUCE 100ML,Datu Puti,1,57,Robinsons Easymart,EASYMART BUHAY NA TUBIG,,,
2160,5465,27/12/2024 18:02,2024-12-27 19:56:47,07-00038244,DP OYSTERSAUCE70GX48,Datu Puti,1,14,SM Savemore,SM Savemore - Ventura,,,
2160,5465,27/12/2024 18:02,2024-12-27 19:56:47,07-00038244,DP OYSTER SCE 170G,Datu Puti,1,36.5,SM Savemore,SM Savemore - Ventura,,,
14856,5470,27/12/2024 20:05,2024-12-27 21:05:35,0000314792,DP WHTVNGR PET 385ML,Datu Puti,1,19.5,Robinsons Supermarket,ROBINSONS TUTUBAN CENTERMALL,,,
3195,5477,27/12/2024 20:19,2024-12-27 22:06:43,1200082599,MT LECHONSCE HT325,Mang Tomas,1,38.5,SM Savemore,SAVEMORE MALHACAN,,,
3195,5477,27/12/2024 20:19,2024-12-27 22:06:43,1200082599,DP SOYSCE 1L,Datu Puti,1,53,SM Savemore,SAVEMORE MALHACAN,,,
3195,5477,27/12/2024 20:19,2024-12-27 22:06:43,1200082599,DP VINEGAR 1L SUP,Datu Puti,1,43,SM Savemore,SAVEMORE MALHACAN,,,
3195,5477,27/12/2024 20:19,2024-12-27 22:06:43,1200082599,UFC BNNA CTSUP 4K,UFC,1,69.5,SM Savemore,SAVEMORE MALHACAN,,,
3195,5477,27/12/2024 20:19,2024-12-27 22:06:43,1200082599,GF PALM OIL 1L SUP,Golden Fiesta,1,219.5,SM Savemore,SAVEMORE MALHACAN,,,
3195,5477,27/12/2024 20:19,2024-12-27 22:06:43,1200082599,UFC 2N1 TOMATO SAUCE 24/200G 200,UFC,1,24.2,SM Savemore,SAVEMORE MALHACAN,,,
3728,5478,27/12/2024 21:14,2024-12-27 22:17:33,000045241,LOCALLY GUYABANO 1L,Locally,1,94.5,SM Supermarket,SM SUPERMARKET MANILA,,,
3728,5478,27/12/2024 21:14,2024-12-27 22:17:33,000045241,LOCALLY RMANGO 240ML,Locally,2,229,SM Supermarket,SM SUPERMARKET MANILA,,,
3728,5478,27/12/2024 21:14,2024-12-27 22:17:33,000045241,UFC SPAGHETTI SUPREME PARTY PACK,UFC,3,364.5,SM Supermarket,SM SUPERMARKET MANILA,,,
12232,5479,27/12/2024 12:30,2024-12-27 22:21:06,0000012829,DP SOY SCE PCH 340ML,Datu Puti,1,152,Robinsons Supermarket,ROBINSONS GENERAL TRIAS,,,
12232,5479,27/12/2024 12:30,2024-12-27 22:21:06,0000012829,DP OYSTER SCE 30G,Datu Puti,3,21,Robinsons Supermarket,ROBINSONS GENERAL TRIAS,,,
12232,5479,27/12/2024 12:30,2024-12-27 22:21:06,0000012829,UFC CRAB AND CORN60G,UFC,1,44.5,Robinsons Supermarket,ROBINSONS GENERAL TRIAS,,,
12232,5479,27/12/2024 12:30,2024-12-27 22:21:06,0000012829,UFC CRM OF MSHRM 70G,UFC,1,38.75,Robinsons Supermarket,ROBINSONS GENERAL TRIAS,,,
14834,5483,27/12/2024 19:21,2024-12-27 23:32:52,0000348934,DP SOYSCE 1L,Datu Puti,1,57,Robinsons Supermarket,ROBINSONS TOWNVILLE BUHAY NA TUBIG,,,
4720,5485,25/11/2024 9:53,2024-12-27 23:50:14,00-064151,DPUTI VIN PET 385ML/24,Datu Puti,1,20.75,WalterMart Supermarket Inc,WALTERMART MAKATI,,,
4720,5485,25/11/2024 9:53,2024-12-27 23:50:14,00-064151,UFC CHCKN AND CRN60G,UFC,1,54.75,WalterMart Supermarket Inc,WALTERMART MAKATI,,,
4720,5487,11/05/2024 8:41,2024-12-27 23:55:48,00061802,*MDF_UFC CRAB AND CORN 60,UFC,1,51.25,WalterMart Supermarket Inc,WALTERMART MAKATI,,,
3849,5488,26/12/2024 8:58,2024-12-28 00:03:58,11601600217460,UFC WHL MSHRM 198G,UFC,1,37.9,Puregold,PUREGOLD SUCAT PARAÑAQUE,,,
3849,5488,26/12/2024 8:58,2024-12-28 00:03:58,11601600217460,LOCALLY DLNDN240ML,Locally,1,28.2,Puregold,PUREGOLD SUCAT PARAÑAQUE,,,
3849,5488,26/12/2024 8:58,2024-12-28 00:03:58,11601600217460,UFC CORN KRNEL425G,UFC,1,43.75,Puregold,PUREGOLD SUCAT PARAÑAQUE,,,
3849,5489,27/12/2024 16:28,2024-12-28 00:21:00,0000140899,LOCALLY RIPE MANGO1L,Locally,1,33,Robinsons Supermarket,ROBINSONS SOUTH PARK,,,
3849,5489,27/12/2024 16:28,2024-12-28 00:21:00,0000140899,UFC CHILI FLAKES 30G,UFC,1,45.5,Robinsons Supermarket,ROBINSONS SOUTH PARK,,,
3849,5489,27/12/2024 16:28,2024-12-28 00:21:00,0000140899,UFC SPAG SWAKTOPACK,UFC,1,71.75,Robinsons Supermarket,ROBINSONS SOUTH PARK,,,
11908,5509,20/12/2024 11:03,2024-12-28 11:05:19,37001000242758,DP WHT VNGR 200ML,Datu Puti,6,46.2,Puregold,PUREGOLD AYALA MALLS ARVO MARIKINA,,,
11515,5510,26/12/2024 20:54,2024-12-28 11:19:31,010305883,GOLDEN FIESTA CANOLA OIL 1L/12,Golden Fiesta,1,134,SM Supermarket,SM SUPERMARKET FAIRVIEW,,,
11515,5510,26/12/2024 20:54,2024-12-28 11:19:31,010305883,UFC TOMATO SAUCE115G,UFC,1,17,SM Supermarket,SM SUPERMARKET FAIRVIEW,,,
11515,5510,26/12/2024 20:54,2024-12-28 11:19:31,010305883,SLVRWOW SARAP8GX12MP,Silver Swan,1,29.5,SM Supermarket,SM SUPERMARKET FAIRVIEW,,,
2160,5512,27/12/2024 18:02,2024-12-28 11:46:03,0700038243,MT LECHONSCE HT325,Mang Tomas,1,38.5,SM Savemore,SM Savemore - Ventura,,,
2160,5512,27/12/2024 18:02,2024-12-28 11:46:03,0700038243,UFC BANANA CATSU 24/320 GRAMS.,UFC,1,24.5,SM Savemore,SM Savemore - Ventura,,,
14977,5516,27/12/2024 20:02,2024-12-28 12:03:26,011022841,DP SOY SCE 200ML,Datu Puti,3,34.5,SM Supermarket,SM SUPERMARKET BACOLOD,,,
4720,5520,22/12/2024 11:24,2024-12-28 12:37:58,00067239,UFC CHCKN AND CRN60G,UFC,1,54.75,WalterMart Supermarket Inc,WALTERMART MAKATI,,,
4527,5524,28/12/2024 10:41,2024-12-28 12:54:21,39600500333649,UFC 2IN1 SPAGSCE250G,UFC,1,28.5,Puregold,PUREGOLD ILWAS,,,
4527,5524,28/12/2024 10:41,2024-12-28 12:54:21,39600500333649,UFC FC SFDY/CHW20G,UFC,1,15,Puregold,PUREGOLD ILWAS,,,
4527,5524,28/12/2024 10:41,2024-12-28 12:54:21,39600500333649,LOCALLY DLNDN240ML,Locally,2,56.4,Puregold,PUREGOLD ILWAS,,,
4134,5526,27/12/2024 18:57,2024-12-28 13:09:10,010717812,DP SOYSCE 1L,Datu Puti,1,53,SM Supermarket,SM SUPERMARKET TRECE CAVITE,,,
4134,5526,27/12/2024 18:57,2024-12-28 13:09:10,010717812,DP VINEGAR 1L SUP,Datu Puti,1,43,SM Supermarket,SM SUPERMARKET TRECE CAVITE,,,
14760,5527,28/12/2024 12:53,2024-12-28 13:18:35,61300500137979,DP PATIS SUP 150ML,Datu Puti,2,26.8,Puregold,PUREGOLD MONTALBAN,,,
14760,5527,28/12/2024 12:53,2024-12-28 13:18:35,61300500137979,DP SOY SAUCE 100ML,Datu Puti,5,33,Puregold,PUREGOLD MONTALBAN,,,
15005,5528,28/12/2024 12:55,2024-12-28 13:46:34,61300500137980,DP PATIS SUP 150ML,Datu Puti,1,13.4,Puregold,PUREGOLD MONTALBAN,,,
15005,5528,28/12/2024 12:55,2024-12-28 13:46:34,61300500137980,UFC FC YANGCHOW20G,UFC,1,15,Puregold,PUREGOLD MONTALBAN,,,
14597,5530,26/12/2024 14:27,2024-12-28 14:13:55,82800400281092,MT LECHON SCE550G,Mang Tomas,1,48.3,Puregold,PUREGOLD JR BATASAN,,,
4720,5537,24/11/2024 13:03,2024-12-28 15:09:13,00-036067,UFC CHCKN AND CRN60G,UFC,1,54.75,WalterMart Supermarket Inc,WALTERMART MAKATI,,,
15026,5538,27/12/2024 15:29,2024-12-28 15:38:07,37200700385145,UFC SWT CHILI 340,UFC,2,83.2,Puregold,PUREGOLD ANGELES-MAGALANG ROAD,,,
14711,5542,27/12/2024 17:09,2024-12-28 15:59:50,000087073,DATU PUTI WHITE VINEGAR 12/1LT Whi,Datu Puti,1,42.5,SM Hypermarket,SM Hypermarket - San Pedro,,,
6273,5544,28/12/2024 14:38,2024-12-28 16:10:52,34800600172679,JUF SWT CHILI 330G,Jufran,2,103,Puregold,PUREGOLD BUCANDALA,,,
6273,5544,28/12/2024 14:38,2024-12-28 16:10:52,34800600172679,M.TOMAS LCHNSCE325,Mang Tomas,2,70,Puregold,PUREGOLD BUCANDALA,,,
6273,5544,28/12/2024 14:38,2024-12-28 16:10:52,34800600172679,UFC CORN KRNEL425G,UFC,2,165,Puregold,PUREGOLD BUCANDALA,,,
12377,5545,26/12/2024 16:57,2024-12-28 16:13:31,001011011,LOCALLY DALANDAN 1L,Locally,1,89.5,SM Hypermarket,HYPERMARKET PULILAN,,,
12442,5548,26/12/2024 16:49,2024-12-28 16:23:03,014914925,LOCALLY GUYABANO 1L,Locally,1,89.5,SM Hypermarket,HYPERMARKET PULILAN,,,
2542,5553,27/07/2024 20:47,2024-12-28 16:28:43,274687647,GF PALM OIL 1L SUP,Golden Fiesta,5,592.5,SM Hypermarket,HYPERMARKET DASMARINAS,,,
12442,5556,26/12/2024 16:51,2024-12-28 16:34:14,000808440,LOCALLY RMANGO 240ML,Locally,1,109.5,SM Hypermarket,HYPERMARKET PULILAN,,,
14815,5563,27/12/2024 19:21,2024-12-28 17:14:38,0000348933,DP SOY SAUCE 100ML,Datu Puti,1,57,Robinsons Easymart,EASYMART BUHAY NA TUBIG,,,
15052,5564,28/12/2024 16:58,2024-12-28 17:17:48,000036882,MT LECHON SCE550G,Mang Tomas,1,47,SM Hypermarket,HYPERMARKET MOLINO,,,
14032,5565,28/12/2024 16:20,2024-12-28 17:21:18,491-002-00054375,<< UFC T/A B/KET32,UFC,1,27.5,Puregold,Puregold - BAROTAC,,,
14032,5565,28/12/2024 16:20,2024-12-28 17:21:18,491-002-00054375,UFC SWT CHILI 340,UFC,1,41.6,Puregold,Puregold - BAROTAC,,,
14032,5565,28/12/2024 16:20,2024-12-28 17:21:18,491-002-00054375,UFC G/F CANOLA 1L,UFC,1,133,Puregold,Puregold - BAROTAC,,,
14032,5565,28/12/2024 16:20,2024-12-28 17:21:18,491-002-00054375,LOCALLY DLNDN240ML,Locally,1,28.2,Puregold,Puregold - BAROTAC,,,
3724,5568,28/12/2024 15:57,2024-12-28 17:59:01,010868816,*MDF_UFC CREAM OF MUSHROO,UFC,1,43.5,SM Supermarket,SM SUPERMARKET DAVAO,,,
3724,5568,28/12/2024 15:57,2024-12-28 17:59:01,010868816,UFC CHICK&CORN60G,UFC,1,49,SM Supermarket,SM SUPERMARKET DAVAO,,,
3724,5568,28/12/2024 15:57,2024-12-28 17:59:01,010868816,UFC CREAMSTYLE425G,UFC,1,42.5,SM Supermarket,SM SUPERMARKET DAVAO,,,
14032,5573,28/12/2024 16:15,2024-12-28 20:02:01,49100200054374,$UFC GF SOA OIL 1,UFC,1,172,Puregold,Puregold - BAROTAC,,,
14032,5573,28/12/2024 16:15,2024-12-28 20:02:01,49100200054374,UFC/QUESRP/CHS160G,UFC,1,49.5,Puregold,Puregold - BAROTAC,,,
15083,5574,28/12/2024 18:20,2024-12-28 20:13:53,000067760,JufranSweetChli285,Jufran,1,51,SM Hypermarket,HYPERMARKET MOLINO,,,
9873,5575,23/12/2024 17:12,2024-12-28 20:17:56,151-013-00393825,MT LECHONSCE HT325,Mang Tomas,4,144,Puregold,PUREGOLD - TUKTUKAN GUIGUINTO,,,
15087,5577,28/12/2024 16:58,2024-12-28 20:38:57,000047130,UFC BNNA CTSUP 4K,UFC,1,66,SM Hypermarket,HYPERMARKET MOLINO,,,
14891,5579,12/02/2026 14:58,2024-12-28 20:48:08,000165740,UFC GF CANOLA OIL2L,UFC,1,248,SM Hypermarket,HYPERMARKET MOLINO,,,
14891,5579,12/02/2026 14:58,2024-12-28 20:48:08,000165740,DPOYSTERRIFIC430G,Datu Puti,1,89.5,SM Hypermarket,HYPERMARKET MOLINO,,,
9873,5582,28/12/2024 19:07,2024-12-28 20:54:19,15101300394318,SS SOY SCE 1893ML,Silver Swan,1,53,Puregold,PUREGOLD GUIGUINTO BAYAN,,,
9873,5582,28/12/2024 19:07,2024-12-28 20:54:19,15101300394318,JUF SWT CHILI 330G,Jufran,1,51.5,Puregold,PUREGOLD GUIGUINTO BAYAN,,,
9873,5582,28/12/2024 19:07,2024-12-28 20:54:19,15101300394318,UFC SPICIER 100G,UFC,1,25.05,Puregold,PUREGOLD GUIGUINTO BAYAN,,,
5368,5583,28/12/2024 20:04,2024-12-28 21:03:49,0000111228,DP WHT VINGR-PET1GAL,Datu Puti,1,165.5,Robinsons Supermarket,ROBINSONS BORACAY,,,
5368,5583,28/12/2024 20:04,2024-12-28 21:03:49,0000111228,DP SOYSCE 1L,Datu Puti,3,1206,Robinsons Supermarket,ROBINSONS BORACAY,,,
5368,5583,28/12/2024 20:04,2024-12-28 21:03:49,0000111228,UFC MSHRM WHOLE 400G,UFC,11,726,Robinsons Supermarket,ROBINSONS BORACAY,,,
9576,5586,28/12/2024 17:02,2024-12-28 21:30:01,16900800328231,MT LECHONSCE HT325,Mang Tomas,1,36,Puregold,PUREGOLD SAN JOSE DEL MONTE BULACAN,,,
9576,5586,28/12/2024 17:02,2024-12-28 21:30:01,16900800328231,<< UFC T/A B/KET32,UFC,1,26,Puregold,PUREGOLD SAN JOSE DEL MONTE BULACAN,,,
1384,5587,24/12/2024 13:16,2024-12-28 21:38:42,000000283,MT LECHONSCE HOT325G,Mang Tomas,2,15.5,SM Hypermarket,HYPERMARKET MANDALUYONG,,,
1384,5587,24/12/2024 13:16,2024-12-28 21:38:42,000000283,DPUTI SCE SOY 350ML/24,Datu Puti,1,19.5,SM Hypermarket,HYPERMARKET MANDALUYONG,,,
1384,5587,24/12/2024 13:16,2024-12-28 21:38:42,000000283,UFC SWTCHLI SCE 340G,UFC,1,42,SM Hypermarket,HYPERMARKET MANDALUYONG,,,
3849,5590,27/12/2024 17:15,2024-12-28 22:44:15,395-016-00181648,UFC CORN KRNEL425G,UFC,1,43.75,Puregold,PUREGOLD PUTATAN,,,
3849,5590,27/12/2024 17:15,2024-12-28 22:44:15,395-016-00181648,UFC WHL MSHRM 198G,UFC,1,37.9,Puregold,PUREGOLD PUTATAN,,,
3849,5590,27/12/2024 17:15,2024-12-28 22:44:15,395-016-00181648,<< UFC T/A B/KET32,UFC,1,26,Puregold,PUREGOLD PUTATAN,,,
3849,5590,27/12/2024 17:15,2024-12-28 22:44:15,395-016-00181648,UFC CHILI FLAKES 30G,UFC,1,47,Puregold,PUREGOLD PUTATAN,,,
3593,5591,07/12/2024 18:08,2024-12-28 22:54:09,000000061,SLVRSWN PATIS 350ML,Silver Swan,1,21,Robinsons Supermarket,ROBINSONS RP STA ROSA,,,
2542,5594,07/03/2026 20:47,2024-12-28 22:55:10,150687647,GF PALM OIL 1L SUP,Golden Fiesta,1,592.5,SM Hypermarket,HYPERMARKET DASMARINAS,,,
3849,5596,28/12/2024 19:39,2024-12-28 22:57:00,11600200277015,UFC CREAMSTYLE425G,UFC,1,42.9,Puregold,Puregold - SUCAT SAN ISIDRO,,,
3849,5596,28/12/2024 19:39,2024-12-28 22:57:00,11600200277015,UFC WHL MSHRM 198G,UFC,1,37.9,Puregold,Puregold - SUCAT SAN ISIDRO,,,
2542,5597,07/03/2026 20:47,2024-12-28 23:04:22,015087647,GF PALM OIL 1L SUP,Golden Fiesta,5,592.5,SM Hypermarket,HYPERMARKET DASMARINAS,,,
2542,5601,07/03/2026 20:47,2024-12-28 23:09:52,027687647,GF PALM OIL 1L SUP,Golden Fiesta,5,592.5,SM Hypermarket,HYPERMARKET DASMARINAS,,,
3593,5602,21/12/2024 17:41,2024-12-28 23:12:52,0000002846,CC*UFC BNNA CTSUP 1K,UFC,1,68.75,Robinsons Supermarket,ROBINSONS RP STA ROSA,,,
2542,5603,07/03/2026 20:47,2024-12-28 23:13:02,014627647,GF PALM OIL 1L SUP,Golden Fiesta,5,592.5,SM Hypermarket,HYPERMARKET CHERRY CONGRESSIONAL,,,
3593,5606,28/12/2024 12:10,2024-12-28 23:22:53,0000012578,SLVR SWN SOY SCE1L,Silver Swan,1,57.75,Robinsons Supermarket,ROBINSONS RP STA ROSA,,,
3593,5606,28/12/2024 12:10,2024-12-28 23:22:53,0000012578,UFC GF CANOLA OIL 1L,UFC,1,139.5,Robinsons Supermarket,ROBINSONS RP STA ROSA,,,
15092,5612,28/12/2024 18:05,2024-12-28 23:30:14,0000015183,DP WHTVNGR PET 385ML,Datu Puti,1,19.75,The Marketplace,The Marketplace - Uptown Place,,,
15090,5616,28/12/2024 18:05,2024-12-28 23:38:45,0000015184,DP SOY SAUCE 385ML,Datu Puti,1,22.5,The Marketplace,The Marketplace - Uptown Place,,,
15092,5622,28/12/2024 18:05,2024-12-29 00:05:58,0000015182,DP WHTVNGR PET 385ML,Datu Puti,1,19.75,The Marketplace,The Marketplace - Uptown Place,,,
15090,5631,28/12/2024 18:04,2024-12-29 00:20:00,0000015181,DP SOY SAUCE 385ML,Datu Puti,1,22.5,The Marketplace,The Marketplace - Uptown Place,,,
15149,5634,14/12/2024 15:10,2024-12-29 07:09:11,18400700406030,UFC FC SFDY/CHW20G,UFC,2,30,Puregold,PUREGOLD CALAMBA-CROSSING,,,
15159,5638,14/12/2024 17:33,2024-12-29 10:17:35,6800055852,GOLDEN FIESTA CANOLA OIL 1L/12,Golden Fiesta,1,134,SM Savemore,SAVEMORE NOVALICHES,,,
15159,5638,14/12/2024 17:33,2024-12-29 10:17:35,6800055852,UFC BANANA CATSU 24/320 GRAMS.,UFC,1,28.5,SM Savemore,SAVEMORE NOVALICHES,,,
15159,5638,14/12/2024 17:33,2024-12-29 10:17:35,6800055852,DATU PUTI OYSTER150G,Datu Puti,1,30,SM Savemore,SAVEMORE NOVALICHES,,,
8593,5645,29/12/2024 11:02,2024-12-29 11:45:24,66700800039260,UFC BA/C 550G/530G,UFC,1,44.25,Puregold,PUREGOLD - SAN ISIDRO TAYTAY,,,
1248,5646,21/09/2024 17:41,2024-12-29 12:28:51,0000027547,JUFRAN SWCHLISCE330G,Jufran,1,57,Robinsons Supermarket,ROBINSONS CENTRO MALL CABUYAO,,,
1248,5647,28/09/2024 15:01,2024-12-29 12:33:21,0000044019,DP SOY SCE PCH 340ML,Datu Puti,1,19.75,Robinsons Supermarket,ROBINSONS CENTRO MALL CABUYAO,,,
2662,5653,29/12/2024 15:06,2024-12-29 15:40:57,0000129353,UFCGFCANOLA1LDUOPACK,UFC,1,255,Robinsons Supermarket,ROBINSONS IBA TOWN CENTER ZAMBALES,,,
470,5655,29/12/2024 15:46,2024-12-29 16:12:19,010226472,LOCALLY DLNDN240ML,Locally,1,35.95,SM Supermarket,SM SUPERMARKET AURA,,,
470,5655,29/12/2024 15:46,2024-12-29 16:12:19,010226472,LOCALLY PMELO240ML,Locally,1,35.95,SM Supermarket,SM SUPERMARKET AURA,,,
15210,5656,24/12/2024 11:37,2024-12-29 16:25:48,07-00162083,DP SOY SAUCE 385ML,Datu Puti,1,22,SM Savemore,SAVEMORE ANONAS,,,
15210,5656,24/12/2024 11:37,2024-12-29 16:25:48,07-00162083,UFC GF CANOLA OIL2L,UFC,1,248,SM Savemore,SAVEMORE ANONAS,,,
9231,5659,29/12/2024 16:36,2024-12-29 17:16:35,1500056807,UFC CRAB AND CORN SOUP 36/60G,UFC,3,147,SM Savemore,SAVEMORE ANGONO 2,,,
9231,5659,29/12/2024 16:36,2024-12-29 17:16:35,1500056807,UFC SHTKE MSHRM198G,UFC,2,79,SM Savemore,SAVEMORE ANGONO 2,,,
15230,5660,29/12/2024 12:58,2024-12-29 17:17:16,0000217714,LOCALLY DALANDAN 1L,Locally,1,95.5,The Marketplace,THE MARKETPLACE CENTRIO MALL,,,
15220,5661,29/12/2024 13:58,2024-12-29 18:06:41,401-010-00191664,UFC T/A B/KTCHP4K,UFC,1,240,Puregold,PUREGOLD SAN PEDRO MINIMART,,,
15220,5661,29/12/2024 13:58,2024-12-29 18:06:41,401-010-00191664,UFC SWT CHILI 340,UFC,1,41.6,Puregold,PUREGOLD SAN PEDRO MINIMART,,,
15220,5661,29/12/2024 13:58,2024-12-29 18:06:41,401-010-00191664,MT LECHON SCE550G,Mang Tomas,1,48.5,Puregold,PUREGOLD SAN PEDRO MINIMART,,,
9576,5662,28/12/2024 17:02,2024-12-29 19:00:38,169-008-00328231,MT LECHONSCE HT325,Mang Tomas,1,36,Puregold,PUREGOLD SAN JOSE DEL MONTE BULACAN,,,
9576,5662,28/12/2024 17:02,2024-12-29 19:00:38,169-008-00328231,<< UFC T/A B/KET32,UFC,1,26,Puregold,PUREGOLD SAN JOSE DEL MONTE BULACAN,,,
9576,5663,29/12/2024 15:35,2024-12-29 19:00:38,16900900180908,DP BBQ MRND P144ML,Datu Puti,2,61,Puregold,PUREGOLD SAN JOSE DEL MONTE BULACAN,,,
3728,5669,29/12/2024 15:23,2024-12-29 20:10:54,0000044266,DPOYSTERRIFICSCE150G,Datu Puti,2,59.5,Robinsons Supermarket,ROBINSONS RP OTIS,,,
3728,5669,29/12/2024 15:23,2024-12-29 20:10:54,0000044266,UFCMRPCSTM400GBY2SV8,UFC,1,107,Robinsons Supermarket,ROBINSONS RP OTIS,,,
3849,5670,29/12/2024 19:52,2024-12-29 20:22:54,116-002-00297303,DP SOYSCE 1L,Datu Puti,1,51,Puregold,Puregold - SUCAT SAN ISIDRO,,,
3849,5670,29/12/2024 19:52,2024-12-29 20:22:54,116-002-00297303,JUFRAN RD H/C S165,Jufran,1,46,Puregold,Puregold - SUCAT SAN ISIDRO,,,
3849,5670,29/12/2024 19:52,2024-12-29 20:22:54,116-002-00297303,LOCALLY DLNDN240ML,Locally,1,28.2,Puregold,Puregold - SUCAT SAN ISIDRO,,,
6345,5671,29/12/2024 19:11,2024-12-29 20:23:45,000037010,LOCALLY PGUAVA 1L,Locally,1,30.95,SM Hypermarket,HYPERMARKET MOLINO,,,
6345,5671,29/12/2024 19:11,2024-12-29 20:23:45,000037010,GF PALM OIL 1L SUP,Golden Fiesta,1,118.5,SM Hypermarket,HYPERMARKET MOLINO,,,
13418,5673,29/12/2024 19:47,2024-12-29 20:40:34,11602000261601,MT LECHON SCE550G,Mang Tomas,1,48.5,Puregold,Puregold - SUCAT SAN ISIDRO,,,
13418,5673,29/12/2024 19:47,2024-12-29 20:40:34,11602000261601,D/PUTI OYSTRFC150G,Datu Puti,1,26.75,Puregold,Puregold - SUCAT SAN ISIDRO,,,
6046,5674,29/12/2024 14:35,2024-12-29 20:54:46,000342646,LOCALLY RMANGO 240ML,Locally,1,114.5,SM Supermarket,SM SUPERMARKET MAKATI,,,
5368,5675,29/12/2024 19:47,2024-12-29 21:28:40,0800105900,*MDF_UFC COCONUT CREAM400,UFC,13,890.5,SM Savemore,SAVEMORE BORACAY,,,
5368,5676,29/12/2024 19:39,2024-12-29 21:33:42,08-00105899,DP WHT VINGR-PET1GAL,Datu Puti,1,153.5,SM Savemore,SAVEMORE BORACAY,,,
5368,5676,29/12/2024 19:39,2024-12-29 21:33:42,08-00105899,DPUTI SCE SOY 1GL/4,Datu Puti,1,196.5,SM Savemore,SAVEMORE BORACAY,,,
5368,5676,29/12/2024 19:39,2024-12-29 21:33:42,08-00105899,MT LECHONSCE HT325,Mang Tomas,3,115.5,SM Savemore,SAVEMORE BORACAY,,,
6422,5677,29/12/2024 19:45,2024-12-29 22:04:22,0000009555,UFCGFCANOLA1LDUOPACK,UFC,1,262,Robinsons Supermarket,ROBINSONS RSE 8 FORBES TOWN ROAD TAGUIG,,,
6046,5678,29/12/2024 14:30,2024-12-29 22:10:31,000342644,LOCALLY GUYABANO 1L,Locally,1,94.5,SM Supermarket,SM SUPERMARKET MAKATI,,,
12212,5679,29/12/2024 18:09,2024-12-29 22:50:19,10401100613254,LOCALLY MNGSTEEN1,Locally,2,267.5,Puregold,PUREGOLD MABALACAT,,,
12212,5679,29/12/2024 18:09,2024-12-29 22:50:19,10401100613254,LOCALLY DRAGONF1L,Locally,1,133.75,Puregold,PUREGOLD MABALACAT,,,
8297,5680,29/12/2026 17:43,2024-12-29 23:04:08,00-080593,*MDF_UFC BKTCHP SVERSPACK,UFC,1,20,WalterMart Supermarket Inc,WALTERMART CABANATUAN,,,
8297,5680,29/12/2026 17:43,2024-12-29 23:04:08,00-080593,DPUTI SCE SOY SUP 340ML/3,Datu Puti,1,20.75,WalterMart Supermarket Inc,WALTERMART CABANATUAN,,,
8297,5680,29/12/2026 17:43,2024-12-29 23:04:08,00-080593,DPUTI VIN SUP 1LT/12,Datu Puti,1,0,WalterMart Supermarket Inc,WALTERMART CABANATUAN,,,
9873,5682,29/12/2024 15:06,2024-12-29 23:26:52,67300200029068,$UFC GFP/OL950ML,UFC,10,1220,Puregold,PUREGOLD JR CAFE FERNANDINO,,,
13277,5683,29/12/2024 20:36,2024-12-29 23:29:23,0000362918,MT LECHONSCE HOT325G,Mang Tomas,1,40.5,Robinsons Supermarket,ROBINSONS RP CAINTA,,,
13044,5684,29/12/2024 0:00,2024-12-29 23:30:33,00038186,DPUTI VIN SUP 1LT/12,Datu Puti,1,42.75,WalterMart Supermarket Inc,WALTERMART IMUS,,,
13044,5684,29/12/2024 0:00,2024-12-29 23:30:33,00038186,UFC CURRY POWDER 30G,UFC,1,15.5,WalterMart Supermarket Inc,WALTERMART IMUS,,,
4720,5685,27/10/2024 19:36,2024-12-29 23:46:04,00-045477,UFC CRAB AND CORN60G,UFC,1,51.25,WalterMart Supermarket Inc,WALTERMART MAKATI,,,
9767,5690,29/12/2024 16:18,2024-12-30 09:49:52,1000053840,UFC CORN KRNEL425G,UFC,1,43.5,SM Savemore,SAVEMORE ZARRAGA,,,
9767,5690,29/12/2024 16:18,2024-12-30 09:49:52,1000053840,*MDF_UFC COCONUT CREAM400,UFC,2,137,SM Savemore,SAVEMORE ZARRAGA,,,
2664,5698,30/12/2024 11:18,2024-12-30 13:36:38,06-00103043,GF PALM OIL 1L SUP,Golden Fiesta,1,118.5,SM Savemore,SAVEMORE BAGBAGUIN,,,
7703,5703,29/12/2024 19:32,2024-12-30 14:57:12,000034868,S/SWAN SOY340/350M,Silver Swan,1,20,SM Supermarket,SM Supermarket - Sto. Tomas Batangas,,,
7703,5703,29/12/2024 19:32,2024-12-30 14:57:12,000034868,GF PALM OIL 1L SUP,Golden Fiesta,1,118.5,SM Supermarket,SM Supermarket - Sto. Tomas Batangas,,,
5201,5705,30/12/2024 16:27,2024-12-30 15:52:39,13301300217504,$UFC GFP/OL950ML,UFC,1,122,Puregold,PUREGOLD BACOOR CAVITE,,,
15442,5709,22/12/2024 18:12,2024-12-30 16:41:17,2400008651,SLVR SWAN S/SCE1LT,Silver Swan,1,56,SM Savemore,SAVEMORE PEDRO GIL,,,
15442,5709,22/12/2024 18:12,2024-12-30 16:41:17,2400008651,UFC GF BGCRNCH BM60G,UFC,1,16.5,SM Savemore,SAVEMORE PEDRO GIL,,,
15442,5709,22/12/2024 18:12,2024-12-30 16:41:17,2400008651,UFC Shake It Up BBQ,UFC,1,17.5,SM Savemore,SAVEMORE PEDRO GIL,,,
15442,5709,22/12/2024 18:12,2024-12-30 16:41:17,2400008651,UFC Shake It Up Cheese,UFC,1,17.5,SM Savemore,SAVEMORE PEDRO GIL,,,
15442,5717,13/12/2024 21:00,2024-12-30 17:30:35,11402200331283,SS CANE VIN 1L,Silver Swan,1,40.5,Puregold,PUREGOLD SAN ANDRES MALATE,,,
15442,5717,13/12/2024 21:00,2024-12-30 17:30:35,11402200331283,MT LECHON SCE550G,Mang Tomas,1,48.5,Puregold,PUREGOLD SAN ANDRES MALATE,,,
14951,5721,30/12/2024 17:15,2024-12-30 18:21:34,490917,UFC BANANA CTSUP200G,UFC,1,75.85,Gaisano Metro,METRO - LUCENA,,,
14951,5721,30/12/2024 17:15,2024-12-30 18:21:34,490917,UFC SWEET CHILI 24/330 GRAMS.,UFC,1,43.55,Gaisano Metro,METRO - LUCENA,,,
8784,5722,30/12/2024 16:52,2024-12-30 18:40:27,0600129564,HAPI FSTA VEG 1L,Hapi Fiesta,1,112.5,SM Savemore,SAVEMORE PASEO REALE MALL,,,
6141,5724,28/12/2024 20:11,2024-12-30 18:47:58,88101200268081,DPPINOYSPICE 375ML,Datu Puti,1,93.75,Puregold,AYAGOLD RETAILER UP TOWN CENTER,,,
6141,5724,28/12/2024 20:11,2024-12-30 18:47:58,88101200268081,UFC PCS&STM 198G,UFC,2,68.5,Puregold,AYAGOLD RETAILER UP TOWN CENTER,,,
6874,5728,30/12/2024 9:17,2024-12-30 21:08:49,3000211775,DP SOYSCE 1L,Datu Puti,1,53,SM Savemore,SAVEMORE ANONAS,,,
6874,5728,30/12/2024 9:17,2024-12-30 21:08:49,3000211775,DP PATIS 1L,Datu Puti,1,78.5,SM Savemore,SAVEMORE ANONAS,,,
6874,5734,30/12/2024 21:30,2024-12-30 21:20:12,3000207816,DP SOYSCE 1L,Datu Puti,1,53,SM Savemore,SAVEMORE ANONAS,,,
1305,5737,30/12/2024 14:41,2024-12-30 22:39:18,83401200360609,$UFC GF CNLA OIL1,UFC,1,134,Puregold,PUREGOLD JR NANGKA,,,
3266,5739,30/12/2024 13:21,2024-12-30 23:27:44,0000017774,UFC MSHRM WHOLE 400G,UFC,1,60,Robinsons Supermarket,ROBINSONS RP GALLERIA,,,
3266,5739,30/12/2024 13:21,2024-12-30 23:27:44,0000017774,DP WHT VNGR 200ML,Datu Puti,1,42,Robinsons Supermarket,ROBINSONS RP GALLERIA,,,
3266,5739,30/12/2024 13:21,2024-12-30 23:27:44,0000017774,SLVR SWN SOY SCE1L,Silver Swan,1,11,Robinsons Supermarket,ROBINSONS RP GALLERIA,,,
15526,5740,23/12/2024 20:05,2024-12-31 00:42:02,0400225175,HAPI FSTA SUP 2L,Hapi Fiesta,1,206.5,SM Savemore,SAVEMORE VISAYAS,,,
9779,5752,12/12/2024 20:12,2024-12-31 09:02:30,0000561440,DP PRSPCKVIN1LSSCE1L,Datu Puti,1,88,Robinsons Supermarket,ROBINSONS ILIGAN,,,
9779,5752,12/12/2024 20:12,2024-12-31 09:02:30,0000561440,JFRN RED H CHILI165,Jufran,1,49.75,Robinsons Supermarket,ROBINSONS ILIGAN,,,
9779,5752,12/12/2024 20:12,2024-12-31 09:02:30,0000561440,JUFRNSIRACHAHSCE285G,Jufran,1,92.75,Robinsons Supermarket,ROBINSONS ILIGAN,,,
15127,5755,31/12/2024 8:20,2024-12-31 10:30:56,0000462852,DP PATIS 350ML,Datu Puti,1,26.25,Robinsons Easymart,EASYMART ROOSEVELT,,,
15127,5755,31/12/2024 8:20,2024-12-31 10:30:56,0000462852,DP SOY SAUCE 385ML,Datu Puti,1,23,Robinsons Easymart,EASYMART ROOSEVELT,,,
15127,5755,31/12/2024 8:20,2024-12-31 10:30:56,0000462852,DP WHTVNGR PET 385ML,Datu Puti,1,19.5,Robinsons Easymart,EASYMART ROOSEVELT,,,
8481,5757,31/12/2024 12:01,2024-12-31 12:01:00,49-00022389,UFC GREEN PEAS 60/155G,UFC,1,13.5,SM Savemore,SAVEMORE MARIKINA,,,
3271,5758,31/12/2024 12:19,2024-12-31 13:14:50,30-00005218,DP VINEGAR 1L SUP,Datu Puti,1,43,SM Savemore,SAVEMORE SAN ILDEFONSO BULACAN,,,
3271,5758,31/12/2024 12:19,2024-12-31 13:14:50,30-00005218,DP SOYSCE 1L,Datu Puti,1,53,SM Savemore,SAVEMORE SAN ILDEFONSO BULACAN,,,
15044,5759,30/12/2024 20:15,2024-12-31 13:24:41,0000270832,DP PRSPCKVIN1LSSCE1L,Datu Puti,1,88,Robinsons Supermarket,ROBINSONS RP ERMITA,,,
13789,5761,31/12/2024 15:24,2024-12-31 15:55:11,0900160965,UFC BANANA CATSUP 18/550G,UFC,1,37.5,SM Savemore,SAVEMORE CITY MALL CONSOLACION,,,
13789,5761,31/12/2024 15:24,2024-12-31 15:55:11,0900160965,UFC 2N1 SPAGHETTI SCE 12/1KG,UFC,1,84.5,SM Savemore,SAVEMORE CITY MALL CONSOLACION,,,
9659,5762,30/12/2024 20:03,2024-12-31 17:13:16,00-022371,UFC RICEMX FUNCHW KMCHI 2,UFC,1,20,WalterMart Supermarket Inc,WALTERMART SAN FERNANDO,,,
733,5763,30/12/2024 16:38,2024-12-31 17:38:02,85700600063093,M.TOMAS LCHNSCE325,Mang Tomas,48,1680,Puregold,PUREGOLD - NUEVA ECIJA,,,
733,5764,30/12/2024 15:11,2024-12-31 18:07:11,857-006-00063085,DP SOYSCE 1L,Datu Puti,1,51,Puregold,PUREGOLD - NUEVA ECIJA,,,
15621,5769,30/12/2024 20:17,2024-12-31 20:43:08,0000218059,DP PRSPCKVIN1LSSCE1L,Datu Puti,1,89,Robinsons Supermarket,ROBINSONS RP ERMITA,,,
15632,5776,29/12/2024 15:10,2024-12-31 22:39:44,8300000272797,M.TOMAS LCHNSCE325,Mang Tomas,1,35,Puregold,PUREGOLD PULANG LUPA,,,
15632,5776,29/12/2024 15:10,2024-12-31 22:39:44,8300000272797,<< UFC T/A B/KET32,UFC,1,26,Puregold,PUREGOLD PULANG LUPA,,,
15632,5780,29/12/2024 15:09,2024-12-31 23:41:07,83000100272796,UFC WHLCORNKRN185G,UFC,2,69,Puregold,PUREGOLD PULANG LUPA,,,
4720,5781,17/12/2024 11:36,2024-12-31 23:42:59,00066372,UFC CRM OF MSHRM 70G,UFC,1,43.75,WalterMart Supermarket Inc,WALTERMART MAKATI,,,
15640,5782,30/12/2024 20:21,2024-12-31 23:58:01,0000218060,UFCGFCANOLA1LDUOPACK,UFC,1,255,Robinsons Supermarket,ROBINSONS RP ERMITA,,,
